path,filename,title,description,publisher,agency,office,keywords,Download Location,date_issued,date_modified
.\12nm-territorial-sea,12nm-territorial-sea,12NM Territorial Sea,"NOAA is responsible for depicting on its nautical charts the limits of the 12 nautical mile Territorial Sea, 24 nautical mile Contiguous Zone, and 200 nautical mile Exclusive Economic Zone (EEZ). The outer limit of each of these zones is measured from the U.S. normal baseline, which coincides with the low water line depicted on NOAA charts and includes closing lines across the entrances of legal bays and rivers, consistent with international law. The U.S. baseline and associated maritime limits are reviewed and approved through the interagency U.S. Baseline Committee, which is chaired by the U.S. Department of State. The Committee serves the function of gaining interagency consensus on the proper location of the baseline using the provisions of the 1958 Convention on the Territorial Sea and the Contiguous Zone, to ensure that the seaward extent of U.S. maritime zones do not exceed the breadth that is permitted by international law. In 2002 and in response to mounting requests for digital maritime zones, NOAA launched a project to re-evaluate the U.S. baseline in partnership with other federal agencies via the U.S. Baseline Committee. The focus of the baseline evaluation was NOAA's largest scale, most recent edition nautical charts as well as supplemental source materials for verification of certain charted features. This dataset is a result of the 2002-present initiative and reflects a multi-year iterative project whereby the baseline and associated maritime limits were re-evaluated on a state or regional basis. In addition to the U.S. maritime limits, the U.S. maritime boundaries with opposite or adjacent countries as well as the US/Canada International Boundary (on land and through the Great Lakes) are also included in this dataset. Direct data download | Metadata NOAA OCS U.S. Maritime Limits & Boundaries",,National Oceanic and Atmospheric Administration,,"['NOAA', 'NOS', 'OCS', 'Transportation Water', 'HIFLD', 'Feature Service', 'SDI', 'NSDI', 'Open Data', 'FGDC', 'Emergency Preparedness', 'Disaster Planning', 'Infrastructure']",https://www.datalumos.org/datalumos/project/238490/version/V1/view,2024-04-30,2025-04-08
.\200nm-eez-and-maritime-boundaries,200nm-eez-and-maritime-boundaries,200NM EEZ and Maritime Boundaries,"NOAA is responsible for depicting on its nautical charts the limits of the 12 nautical mile Territorial Sea, 24 nautical mile Contiguous Zone, and 200 nautical mile Exclusive Economic Zone (EEZ). The outer limit of each of these zones is measured from the U.S. normal baseline, which coincides with the low water line depicted on NOAA charts and includes closing lines across the entrances of legal bays and rivers, consistent with international law. The U.S. baseline and associated maritime limits are reviewed and approved through the interagency U.S. Baseline Committee, which is chaired by the U.S. Department of State. The Committee serves the function of gaining interagency consensus on the proper location of the baseline using the provisions of the 1958 Convention on the Territorial Sea and the Contiguous Zone, to ensure that the seaward extent of U.S. maritime zones do not exceed the breadth that is permitted by international law. In 2002 and in response to mounting requests for digital maritime zones, NOAA launched a project to re-evaluate the U.S. baseline in partnership with other federal agencies via the U.S. Baseline Committee. The focus of the baseline evaluation was NOAA's largest scale, most recent edition nautical charts as well as supplemental source materials for verification of certain charted features. This dataset is a result of the 2002-present initiative and reflects a multi-year iterative project whereby the baseline and associated maritime limits were re-evaluated on a state or regional basis. In addition to the U.S. maritime limits, the U.S. maritime boundaries with opposite or adjacent countries as well as the US/Canada International Boundary (on land and through the Great Lakes) are also included in this dataset. Direct data download | Metadata NOAA OCS U.S. Maritime Limits & Boundaries",,National Oceanic and Atmospheric Administration,,"['NOAA', 'NOS', 'OCS', 'Transportation Water', 'HIFLD', 'Feature Service', 'SDI', 'NSDI', 'Open Data', 'FGDC', 'Emergency Preparedness', 'Disaster Planning', 'Infrastructure']",https://www.datalumos.org/datalumos/project/238491/version/V1/view,2024-04-30,2025-04-08
.\24nm-contiguous-zone,24nm-contiguous-zone,24NM Contiguous Zone,"NOAA is responsible for depicting on its nautical charts the limits of the 12 nautical mile Territorial Sea, 24 nautical mile Contiguous Zone, and 200 nautical mile Exclusive Economic Zone (EEZ). The outer limit of each of these zones is measured from the U.S. normal baseline, which coincides with the low water line depicted on NOAA charts and includes closing lines across the entrances of legal bays and rivers, consistent with international law. The U.S. baseline and associated maritime limits are reviewed and approved through the interagency U.S. Baseline Committee, which is chaired by the U.S. Department of State. The Committee serves the function of gaining interagency consensus on the proper location of the baseline using the provisions of the 1958 Convention on the Territorial Sea and the Contiguous Zone, to ensure that the seaward extent of U.S. maritime zones do not exceed the breadth that is permitted by international law. In 2002 and in response to mounting requests for digital maritime zones, NOAA launched a project to re-evaluate the U.S. baseline in partnership with other federal agencies via the U.S. Baseline Committee. The focus of the baseline evaluation was NOAA's largest scale, most recent edition nautical charts as well as supplemental source materials for verification of certain charted features. This dataset is a result of the 2002-present initiative and reflects a multi-year iterative project whereby the baseline and associated maritime limits were re-evaluated on a state or regional basis. In addition to the U.S. maritime limits, the U.S. maritime boundaries with opposite or adjacent countries as well as the US/Canada International Boundary (on land and through the Great Lakes) are also included in this dataset. Direct data download | Metadata NOAA OCS U.S. Maritime Limits & Boundaries",,National Oceanic and Atmospheric Administration,,"['NOAA', 'NOS', 'OCS', 'Transportation Water', 'HIFLD', 'Feature Service', 'SDI', 'NSDI', 'Open Data', 'FGDC', 'Emergency Preparedness', 'Disaster Planning', 'Infrastructure']",https://www.datalumos.org/datalumos/project/238492/version/V1/view,2024-04-30,2025-04-08
.\above-ground-lng-storage-facilities,above-ground-lng-storage-facilities,Above Ground LNG Storage Facilities,"This feature class/shapefile represents Above Ground Liquefied Natural Gas Storage (AG_LNG) facilities. Above Ground Liquefied Natural Gas Storage facilities are used to provide Above Ground storage of LNG for multiple purposes, including but not limited to, Peak Shaving Plant operations, Agricultural CO-OP corn drying, manufacturing, vehicular fuel distribution, etc. In some of these cases, the Above Ground LNG storage facility is developed to provide the storage because it is not cost efficient for the natural gas suppliers to install natural gas pipeline for a single large user. This layer consists of LNG Above Ground Storage locations with the exclusion of LNG Import/Export Terminals which are already provided in another existing layer. Temporary or Mobile LNG storage is not included in this layer due to its transitory nature. Data contains locational and other attribute information for Above Ground Liquefied Natural Gas Storage facilities. Geographical coverage includes the continental United States, Alaska, and Hawaii.",,Department of Energy,Energy Information Administration,"['homeland security', 'homeland defense', 'emergency response', 'liquefied natural gas', 'natural gas', 'above ground', 'truck', 'ship/barge', 'pipeline', 'liquefaction', 'storage', 'peak shaving', 'satellite', 'other', 'vehicular fuel', 'name', 'address', 'type', 'status', 'population', 'facility characteristics', 'United States', 'USA', 'Alaska', 'Hawaii', 'HIFLD', 'Feature Service', 'SDI', 'NSDI', 'Open Data', 'FGDC', 'Emergency Preparedness', 'Disaster Planning', 'Infrastructure']",https://www.datalumos.org/datalumos/project/238493/version/V1/view,2022-10-06,2025-06-23
.\administrative-areas-usace-ienc,administrative-areas-usace-ienc,Administrative Areas (USACE IENC),"The U.S. inland navigation system consists of of rivers maintained by the Corps of Engineers in 22 states, and includes 276 lock chambers with a total lift of 6,100 feet. The highly adaptable and effective system of barge navigation moves over 625 million tons of commodities annually, which includes coal, petroleum products, various other raw materials, food and farm products, chemicals, and manufactured goods. The shallow draft waterways have many unique characteristics and difficulties over coastal harbor and ocean navigation; river levels can change by over 30 feet in a seasonal cycle, the navigation channel can shift significantly within the river banks, and shifting yet ever present river currents pose constant challenges in these confined waterways. Electronic chart systems can offer significant benefits to vessels including accurate and real-time display of vessel position relative to waterway features, voyage planning and monitoring, training tools for new personnel and integrated display of river charts, radar, and Automatic Identification Systems.Following recommendations by the National Transportation Safety Board, the National Academy of Science and the American Waterways Operators, Congress directed the Corps of Engineers to develop and publish electronic charts for the inland waterways. Development of Inland Electronic Navigational Charts (IENCs) to cover the Mississippi River and tributaries thus began in 2001 with pilot projects on the Atchafalaya River in Louisiana and Lower Mississippi River near Vicksburg, Mississippi. These projects, which involved a combination of in-house and contract activities, were the first efforts to collect and convert inland waterway data, commonly used for river and channel maintenance, into the international S-57 hydrographic data exchange. This highly structured data format is commonly used for electronic chart applications and will be used for Corps IENCsAn S-57 database is extracted into an Esri File Geodatabase for publication. This is that geodatabase and it contains 99 feature classes that make up the IENC data.IENC_POC@usace.army.mil",Army Geospatial Center,US Army Corps of Engineers,,"['USACE', 'USCG', 'IENC', 'HIFLD', 'Inland Electronic Navigation Charts', 'Feature Service', 'SDI', 'NSDI', 'Open Data', 'FGDC', 'Emergency Preparedness', 'Disaster Planning', 'Infrastructure']",https://www.datalumos.org/datalumos/project/238556/version/V1/view,2024-02-05,2025-04-08
.\agricultural-minerals-operations,agricultural-minerals-operations,Agricultural Minerals Operations,This map layer includes agricultural minerals operations in the United States. The data represent commodities covered by the Minerals Information Team (MIT) of the U.S. Geological Survey. The mineral operations are plants and (or) mines surveyed by the MIT and considered currently active in 2003. This is a replacement for the June 2004 map layer.The data is legacy and not expected to be updated. It is being provided as the best available until Mineral Resources identifies an alternative data source.,,US Geological Survey,Minerals Information Team,"['USGS', 'Mining', 'HIFLD', 'Feature Service', 'SDI', 'NSDI', 'Open Data', 'FGDC', 'Emergency Preparedness', 'Disaster Planning', 'Infrastructure']",https://www.datalumos.org/datalumos/project/238557/version/V1/view,2017-06-12,2017-09-21
.\aiannh-areas-1,aiannh-areas-1,American Indian / Alaska Native / Native Hawaiian (AIANNH) Areas,"Federal (federal AIRs) are areas that have been set aside by the United States for the use of tribes, the exterior boundaries of which are more particularly defined in the final tribal treaties, agreements, executive orders, federal statutes, secretarial orders, or judicial determinations. The Bureau of Indian Affairs maintains a list of all federally recognized tribal governments and makes final determination of the inventory federal AIRs. The Census Bureau recognizes federal reservations (and associated off-reservation trust lands) as territory over which American Indian tribes have primary governmental authority. American Indian reservations can be legally described as colonies, communities, Indian colonies, Indian communities, Indian rancheria, Indian reservations, Indian villages, pueblos, rancherias, ranches, reservations, reserves, settlements, or villages. The Census Bureau contacts representatives of American Indian tribal governments to identify the boundaries for federal reservations through its annual Boundary and Annexation Survey. Federal reservations may cross state and all other area boundaries.State (state AIRs) are reservations established by some state governments for tribes recognized by the state. A governor-appointed state liaison provides the names and boundaries for state-recognized American Indian reservations to the Census Bureau. State reservations must be defined within a single state, but may cross county and other types of boundaries. To further identify and differentiate state-recognized American Indian areas from those that are federally recognized, the text, ""(state)"" is appended to the AIR name.Off-Reservation Trust Lands are areas for which the United States holds title in trust for the benefit of a tribe (tribal trust land) or for an individual American Indian (individual trust land). Trust lands can be alienated or encumbered only by the owner with the approval of the Secretary of the Interior or his/her authorized representative. Trust lands may be located on or off a reservation; however, the Census Bureau tabulates data only for off-reservation trust lands with the off-reservation trust lands always associated with a specific federally recognized reservation and/or tribal government. As for federally recognized reservations, the Census Bureau obtains the boundaries of off-reservation trust lands from American Indian tribal governments through its annual Boundary and Annexation Survey. The Census Bureau recognizes and tabulates data for reservations and off-reservation trust lands because American Indian tribes have primary governmental authority over these lands. The Census Bureau does not identify fee land (or land in fee simple status) or restricted fee lands as specific geographic areas.Download: https://www2.census.gov/geo/tiger/TIGER2023/AIANNH/tl_2023_us_aiannh.zipMetadata: https://meta.geo.census.gov/data/existing/decennial/GEO/GPMB/TIGERline/Current_19115/series_tl_2023_aiannh.shp.iso.xml",,Census Bureau,,"['Tribal Lands', 'Alaska Native Area', 'American Indian Area', 'Nation', 'Native Hawaiian Area', 'Boundaries', 'Polygon', 'National Geospatial Data Asset', 'Governmental Units and Administrative and Statistical Boundaries Theme', 'NGDA', 'Indian Reservations', 'ANA', 'Hawaiian Home Land', 'AIA', 'HIFLD', 'Feature Service', 'SDI', 'NSDI', 'Open Data', 'FGDC', 'Emergency Preparedness', 'Disaster Planning', 'Infrastructure']",https://www.datalumos.org/datalumos/project/238558/version/V1/view,2024-06-05,2025-04-08
.\airport-area-usace-ienc,airport-area-usace-ienc,Airport Area (USACE IENC),"The USACE IENCs coverage area consists of 7,260 miles across 21 rivers primarily located in the Central United States. IENCs apply to inland waterways that are maintained for navigation by USACE for shallow-draft vessels (e.g., maintained at a depth of 9-14 feet, dependent upon the waterway project authorization). Generally, IENCs are produced for those commercially navigable waterways which the National Oceanic and Atmospheric Administration (NOAA) does not produce Electronic Navigational Charts (ENCs). However, Special Purpose IENCs may be produced in agreement with NOAA. IENC POC: IENC_POC@usace.army.mil",,US Army Corps of Engineers,,"['USCG', 'USACE', 'IENC', 'HIFLD', 'Transportation - Water', 'Feature Service', 'SDI', 'NSDI', 'Open Data', 'FGDC', 'Emergency Preparedness', 'Disaster Planning', 'Infrastructure']",https://www.datalumos.org/datalumos/project/238564/version/V1/view,2024-02-05,2025-04-08
.\airspace-boundaries-1,airspace-boundaries-1,Airspace Boundaries,"The Airspace Boundary data is provided as a vector geospatial-enabled file format. Airspace Boundary data is published every eight weeks by the U.S. Department of Transportation, Federal Aviation Administration-Aeronautical Information Services. Current Effective Date: 0901Z 16 May 2024 to 0901Z 11 Jul 2024.",,Federal Aviation Administration,Aeronautical Information Services,"['Airspace', 'FAA', 'ARTCC', 'CTA', 'FIR', 'ADIZ', 'class airspace', 'high chart', 'low chart', 'Transportation Air', 'HIFLD', 'Feature Service', 'SDI', 'NSDI', 'Open Data', 'FGDC', 'Emergency Preparedness', 'Disaster Planning', 'Infrastructure']",https://www.datalumos.org/datalumos/project/238568/version/V1/view,2024-06-26,2025-08-07
.\alternative-fueling-stations,alternative-fueling-stations,Alternative Fueling Stations,"The Alternative Fueling Stations dataset is updated daily from the National Renewable Energy Laboratory (NREL) and is part of the U.S. Department of Transportation (USDOT)/Bureau of Transportation Statistics (BTS) National Transportation Atlas Database (NTAD). For more information about the update cycle and data collection methods, please refer to https://afdc.energy.gov/stations/#/find/nearest?show_about=true. This dataset shows all station access types (public and private) and statuses (available, planned, and temporarily unavailable) by default. To view only publicly available stations, use the access and status filters. The U.S. Department of Energy collects these data in partnership with Clean Cities coalitions and their stakeholders to help fleets and consumers find alternative fueling stations. Clean Cities coalitions foster the nation's economic, environmental, and energy security by working locally to advance affordable, efficient, and clean transportation fuels and technologies. This data can be found on the Alternative Fuels Data Center: https://doi.org/10.21949/1519144. For more information about the data schema and data dictionary, please see https://developer.nrel.gov/docs/transportation/alt-fuel-stations-v1/all/#response-fields",National Renewable Energy Laboratory (NREL),National Renewable Energy Laboratory,,"['NTAD', 'National Transportation Atlas Database', 'Fuels', 'Fueling', 'Station', 'Environmental', 'Structures', 'ethanol', 'electric vehicle', 'Biodiesel', 'compressed natural gas (CNG)', 'hydrogen', 'liquefied natural gas (LNG)', 'propane (LPG) electric vehicle charging', 'Electric Vehicle Supply Equipment (EVSE)', 'charging ports', 'chargers', 'National Electric Vehicle Infrastructure', 'NEVI', 'DOE', 'NREL', 'BTS', 'Energy', 'HIFLD', 'Feature Service', 'SDI', 'NSDI', 'Open Data', 'FGDC', 'Emergency Preparedness', 'Disaster Planning', 'Infrastructure']",https://www.datalumos.org/datalumos/project/238569/version/V1/view,2024-02-23,2025-07-28
.\american-red-cross-chapter-1,american-red-cross-chapter-1,American Red Cross Chapter,Generalized geospatial data pertaining to American Red Cross Chapter Regions,,American Red Cross,,"['Emergency', 'American Red Cross Chapter', 'Emergency Services', 'HIFLD', 'Feature Service', 'SDI', 'NSDI', 'Open Data', 'FGDC', 'Emergency Preparedness', 'Disaster Planning', 'Infrastructure']",https://www.datalumos.org/datalumos/project/238571/version/V1/view,2024-04-08,2025-08-07
.\american-red-cross-counties-chapters-regions-divisions-1,american-red-cross-counties-chapters-regions-divisions-1,American Red Cross Counties / Chapters / Regions / Divisions,Generalized geospatial data pertaining to American Red Cross Counties,,American Red Cross,,"['Emergency Services', 'American Red Cross', 'HIFLD', 'Feature Service', 'SDI', 'NSDI', 'Open Data', 'FGDC', 'Emergency Preparedness', 'Disaster Planning', 'Infrastructure']",https://www.datalumos.org/datalumos/project/238572/version/V1/view,2024-04-08,2025-08-08
.\american-red-cross-divisions,american-red-cross-divisions,American Red Cross Divisions,"This dataset represents Red Cross division, which are a corporate structure with a Division Vice President (DVP), Division Disaster Executive (DDE) and Division Disaster Directors (DDD). Red Cross Geography Model: Counties make up chapters, chapters make up regions and regions make up divisions. There are five exceptions to the Red Cross Geography model: Middlesex County, MA, Los Angeles, Kern, Riverside and San Bernardino Counties in California which are covered by more than one Chapter. (Many to One). In the case of these five counties, the geometry was dissolved from Zip Codes.",,American Red Cross,,"['Emergency Services', 'American Red Cross Divisions', 'HIFLD', 'Feature Service', 'SDI', 'NSDI', 'Open Data', 'FGDC', 'Emergency Preparedness', 'Disaster Planning', 'Infrastructure']",https://www.datalumos.org/datalumos/project/238573/version/V1/view,2024-04-08,2025-08-04
.\american-red-cross-headquarters-1,american-red-cross-headquarters-1,American Red Cross Headquarters,This dataset represents American Red Cross chapter and region headquarters locations. This point file represents only the headquarters location for each chapter and does not reflect any branch offices or warehouse facilities. Due to the recent changes to the chapter network a few of the addresses are subject to change.,,American Red Cross,,"['Emergency Services', 'American Red Cross', 'HIFLD', 'Feature Service', 'SDI', 'NSDI', 'Open Data', 'FGDC', 'Emergency Preparedness', 'Disaster Planning', 'Infrastructure']",https://www.datalumos.org/datalumos/project/238613/version/V1/view,2024-04-08,2025-08-07
.\american-red-cross-regions,american-red-cross-regions,American Red Cross Regions,Generalized geospatial data pertaining to American Red Cross Chapter Regions,,American Red Cross,,"['Emergency Services', 'American Red Cross', 'HIFLD', 'Feature Service', 'SDI', 'NSDI', 'Open Data', 'FGDC', 'Emergency Preparedness', 'Disaster Planning', 'Infrastructure']",https://www.datalumos.org/datalumos/project/238653/version/V1/view,2024-04-08,2025-08-08
.\amtrak-stations,amtrak-stations,Amtrak Stations,"The Amtrak Stations dataset is as of September 23, 2024 from Amtrak and is part of the U.S. Department of Transportation (USDOT)/Bureau of Transportation Statistics (BTS) National Transportation Atlas Database (NTAD). This dataset contains Amtrak intercity railroad passenger terminals in the United States.",Amtrak,Department of Transportation,,"['Rail', 'NTAD', 'National Transportation Atlas Database', 'Railroad', 'Amtrak', 'Station', 'Transportation Ground', 'BTS', 'HIFLD', 'Feature Service', 'SDI', 'NSDI', 'Open Data', 'FGDC', 'Emergency Preparedness', 'Disaster Planning', 'Infrastructure']",https://www.datalumos.org/datalumos/project/238654/version/V1/view,2024-02-23,2025-01-30
.\antenna-structure-registration-asr,antenna-structure-registration-asr,Antenna Structure Registration (ASR),"The FCC Rules define the term ""antenna structure"" to include ""[T]he radiating and/or receive system, its supporting structures and any appurtenances mounted thereon."" In practical terms, an antenna structure could be a free standing structure, built specifically to support antennas or act as an antenna, or it could be a structure mounted on some other man-made object (such as a building or bridge). If the structure is mounted on some other man-made object such as a building or bridge, the structure must be registered with the FCC, not the building or bridge.Objects such as buildings, observation towers, bridges, windmills, and water towers that do not have an antenna mounted on them are not antenna structures and should not be registered. Keep in mind that the FCC only has jurisdiction over antenna structures, and thus, other objects that do not house antennas are not required to be registered with the FCC -- regardless of their location or height.Antenna Structure Registration (ASR) - OverviewDocumentation and Data Dictionary provided by FCC:Intro to ASR database filesASR Table Data ElementsASR Data Field Definitions",Federal Communications Commission (FCC),Federal Communications Commission,,"['Antenna Structure Registration', 'ASR', 'HIFLD open', 'Communication', 'FCC', 'HIFLD', 'Feature Service', 'SDI', 'NSDI', 'Open Data', 'FGDC', 'Emergency Preparedness', 'Disaster Planning', 'Infrastructure']",https://www.datalumos.org/datalumos/project/238655/version/V1/view,2024-06-27,2024-07-06
.\aquifers,aquifers,Aquifers,"This map layer contains the shallowest principal aquifers of the conterminous United States, Hawaii, Puerto Rico, and the U.S. Virgin Islands, portrayed as polygons. The map layer was developed as part of the effort to produce the maps published at 1:2,500,000 in the printed series ""Ground Water Atlas of the United States"". The published maps contain base and cultural features not included in these data. This is a replacement for the July 1998 map layer called Principal Aquifers of the 48 Conterminous United States - https://doi.org/10.3133/70046037",U.S. Geological Survey,US Geological Survey,,"['Geohydrology', 'Puerto Rico', 'Hydrogeology', 'US Virgin Islands', 'Hawaii', 'USGS', 'Inland Waters', 'CONUS', 'Ground Water', 'United States', 'Aquifer', 'HIFLD', 'Feature Service', 'SDI', 'NSDI', 'Open Data', 'FGDC', 'Emergency Preparedness', 'Disaster Planning', 'Infrastructure']",https://www.datalumos.org/datalumos/project/238661/version/V1/view,2017-06-20,2025-06-05
.\aviation-facilities,aviation-facilities,Aviation Facilities,"The Aviation Facilities dataset is updated every 28 days from the Federal Aviation Administration (FAA) and is part of the U.S. Department of Transportation (USDOT)/Bureau of Transportation Statistics (BTS) National Transportation Atlas Database (NTAD). The Aviation Facilities dataset is a geographic point database of all official and operational aerodromes in the United States and U.S. Territories. Attribute data is provided on the physical and operational characteristics of the aerodrome, current usage including enplanements and aircraft operations, congestion levels and usage categories. This geospatial data is derived from the FAA's National Airspace System Resource Aeronautical Data Product. For more information about these data, please visit: https://www.faa.gov/air_traffic/flight_info/aeronav/Aero_Data/NASR_Subscription.",Federal Aviation Administration (FAA),Bureau of Transportation Statistics,,"['NTAD', 'National Transportation Atlas Database', 'Aviation', 'Airports', 'Balloonport', 'Gliderport', 'Heliport', 'Seaplane Base', 'Ultralight', 'Transportation Air', 'FAA', 'BTS', 'HIFLD', 'Feature Service', 'SDI', 'NSDI', 'Open Data', 'FGDC', 'Emergency Preparedness', 'Disaster Planning', 'Infrastructure']",https://www.datalumos.org/datalumos/project/238662/version/V1/view,2024-02-23,2025-07-10
.\berths-areas-usace-ienc,berths-areas-usace-ienc,Berths Areas (USACE IENC),"The USACE IENCs coverage area consists of 7,260 miles across 21 rivers primarily located in the Central United States. IENCs apply to inland waterways that are maintained for navigation by USACE for shallow-draft vessels (e.g., maintained at a depth of 9-14 feet, dependent upon the waterway project authorization). Generally, IENCs are produced for those commercially navigable waterways which the National Oceanic and Atmospheric Administration (NOAA) does not produce Electronic Navigational Charts (ENCs). However, Special Purpose IENCs may be produced in agreement with NOAA. IENC POC: IENC_POC@usace.army.mil",U.S. Army Corp Of Engineers (USACE),US Army Corps of Engineers,,"['USCG', 'USACE', 'IENC', 'HIFLD', 'Transportation - Water', 'Feature Service', 'SDI', 'NSDI', 'Open Data', 'FGDC', 'Emergency Preparedness', 'Disaster Planning', 'Infrastructure']",https://www.datalumos.org/datalumos/project/238663/version/V1/view,2018-02-21,2025-04-08
.\biodiesel-plants-1,biodiesel-plants-1,Biodiesel Plants,"These data identify and provide detailed information on biodiesel plants in the United States as of January 1, 2023.

The attribute data for this point dataset come from EIA's U.S. Biodiesel Plant Production Capacity report, which is sourced from U.S. Energy Information Administration, Form EIA-819, Monthly Report of Biofuels, Fuels from Non-Biogenic Wastes, Fuel Oxygenates, Isooctane, and Isooctene. Biodiesel production capacity is intended to measure estimated gallons of biodiesel that a plant is capable of producing over a period of one year (365 consecutive days) starting on the first day of each report month.

Production capacity in million gallons per year (MMgal/year).

The facility location data represent the approximate location based on research of publicly available information from sources such as Federal agencies, company websites, and satellite images on public websites.",,Department of Energy,Energy Information Administration,"['biodiesel', 'refining', 'biofuels', 'petroleum', 'Energy', 'EIA', 'DOE', 'HIFLD', 'Feature Service', 'SDI', 'NSDI', 'Open Data', 'FGDC', 'Emergency Preparedness', 'Disaster Planning', 'Infrastructure']",https://www.datalumos.org/datalumos/project/238710/version/V1/view,2024-06-25,2024-10-31
.\border-crossings-natural-gas,border-crossings-natural-gas,Border Crossings - Natural Gas,"U.S. border crossings of natural gas pipelines as of 2017. A crossing point represents one or more pipelines.Source: U.S. Department of Energy, Federal Energy Regulatory Commission, public websites and press releases.",,Department of Energy,Federal Energy Regulatory Commission,"['pipelines', 'export', 'import', 'natural gas', 'Canada', 'Mexico', 'EIA', 'Energy', 'HIFLD', 'Feature Service', 'SDI', 'NSDI', 'Open Data', 'FGDC', 'Emergency Preparedness', 'Disaster Planning', 'Infrastructure']",https://www.datalumos.org/datalumos/project/238711/version/V1/view,2024-06-25,2020-10-21
.\broadband-radio-service-transmitters,broadband-radio-service-transmitters,Broadband Radio Service (BRS) and Educational Broadband Service (EBS) Transmitters,"The Broadband Radio Service (BRS), formerly known as the Multipoint Distribution Service (MDS)/Multichannel Multipoint Distribution Service (MMDS), is a commercial service. In the past, it was generally used for the transmission of data and video programming to subscribers using high-powered systems, also known as wireless cable. However, over the years, the uses have evolved to include digital two-way systems capable of providing high-speed, high-capacity broadband service, including two-way Internet service via cellularized communication systems. Such services provide consumers integrated access to voice, high-speed data, video-on-demand, and interactive delivery services from a wireless device. The Educational Broadband Service (EBS), formerly known as the Instructional Television Fixed Service (ITFS), is an educational service that has generally been used for the transmission of instructional material to accredited educational institutions and non-educational institutions such as hospitals, nursing homes, training centers, and rehabilitation centers using high-powered systems. Our recent revamping of the EBS spectrum will now make it possible for EBS users to continue their instructional services utilizing low-power broadband systems while also providing students with high-speed internet access.The 2.5 GHz band, which is divided into the Broadband Radio Service (BRS) and the Educational Broadband Service (EBS), is available for commercial service. The band is currently used to provide high-speed, high-capacity broadband service, including two-way Internet service via cellularized communication systems. Such services provide consumers integrated access to voice, high-speed data, video-on-demand, and interactive delivery services from a wireless device. Broadband Radio Service & Education Broadband Service",Federal Communications Commission (FCC),Federal Communications Commission,,"['Continental United States', 'EBS', 'Transmitters', 'BRS', 'HIFLD', 'Feature Service', 'SDI', 'NSDI', 'Open Data', 'FGDC', 'Emergency Preparedness', 'Disaster Planning', 'Infrastructure']",https://www.datalumos.org/datalumos/project/238712/version/V1/view,2024-07-09,2024-07-06
.\building-locations-usace-ienc,building-locations-usace-ienc,Building Locations (USACE IENC),"The USACE IENCs coverage area consists of 7,260 miles across 21 rivers primarily located in the Central United States. IENCs apply to inland waterways that are maintained for navigation by USACE for shallow-draft vessels (e.g., maintained at a depth of 9-14 feet, dependent upon the waterway project authorization). Generally, IENCs are produced for those commercially navigable waterways which the National Oceanic and Atmospheric Administration (NOAA) does not produce Electronic Navigational Charts (ENCs). However, Special Purpose IENCs may be produced in agreement with NOAA. IENC POC: IENC_POC@usace.army.mil",,US Army Corps of Engineers,,"['USCG', 'USACE', 'IENC', 'HIFLD', 'Transportation - Water', 'Feature Service', 'SDI', 'NSDI', 'Open Data', 'FGDC', 'Emergency Preparedness', 'Disaster Planning', 'Infrastructure']",https://www.datalumos.org/datalumos/project/238828/version/V1/view,2018-02-21,2025-04-08
.\canada-and-us-border,canada-and-us-border,Canada and US Border,The shapefile is composed of 30 segments that correspond to the original 256 boundary maps. Attributes of each segment define the scale in which the line in that area may be accurately depicted. It is produced for mapping purposes only and not intended to illustrate the boundary beyond the limits of the scale for any given segment.,,International Boundary Commission,,"['Boundaries', 'United States of America', 'Canada', 'Passamaquoddy Bay', 'St. Croix River', 'St. John River', 'St. Francis River', '141st Meridian', 'Yukon', 'Halls Stream', 'St. Lawrence River', 'Lake Ontario', 'Niagara river', 'Lake Erie', 'Detroit River', 'St. Clair River', 'Lake Huron', ""St. Mary's River"", 'Lake Superior', 'Rainy River', 'Lake of the Woods', '49th Parallel', 'Manitoba', 'Minnesota', 'North Dakota', 'West Kootenay River', 'Similkameen River', 'Columbia Valley', 'Pacific Ocean', 'Straits of Georgia', 'Juan de Fuca', 'Southeast Alaska', 'British Columbia', 'Alaska', 'Gulf of Maine', 'Governmental Units', 'and Administrative and Statistical Boundaries', 'NGDA Portfolio Themes', 'ngda', 'HIFLD', 'Feature Service', 'SDI', 'NSDI', 'Open Data', 'FGDC', 'Emergency Preparedness', 'Disaster Planning', 'Infrastructure']",https://www.datalumos.org/datalumos/project/238829/version/V1/view,2017-05-30,2024-04-16
.\caution-area-locations-usace-ienc,caution-area-locations-usace-ienc,Caution Area Locations (USACE IENC),"The USACE IENCs coverage area consists of 7,260 miles across 21 rivers primarily located in the Central United States. IENCs apply to inland waterways that are maintained for navigation by USACE for shallow-draft vessels (e.g., maintained at a depth of 9-14 feet, dependent upon the waterway project authorization). Generally, IENCs are produced for those commercially navigable waterways which the National Oceanic and Atmospheric Administration (NOAA) does not produce Electronic Navigational Charts (ENCs). However, Special Purpose IENCs may be produced in agreement with NOAA. Users should be aware that the IENCs reflect best available information at the time the data was collected. These data products are subject to change.POC email: IENC_POC@usace.army.mil</div>",,US Army Corps of Engineers,,"['USCG', 'USACE', 'IENC', 'HIFLD', 'Transportation - Water', 'Feature Service', 'SDI', 'NSDI', 'Open Data', 'FGDC', 'Emergency Preparedness', 'Disaster Planning', 'Infrastructure']",https://www.datalumos.org/datalumos/project/238830/version/V1/view,2018-02-21,2025-04-08
.\cbrs-buffer-zone-1,cbrs-buffer-zone-1,CBRS Buffer Zone,"This Coastal Barrier Resources System (CBRS) data set, produced by the U.S. Fish and Wildlife Service (Service), contains areas designated as undeveloped coastal barriers in accordance with the Coastal Barrier Resources Act (CBRA), 16 U.S.C. 3501 et seq., as amended. The boundaries used to create the polygons herein were compiled from the official John H. Chafee Coastal Barrier Resources System CBRS maps, which are accessible at the Service’s Headquarters office or https://www.fws.gov/program/coastal-barrier-resources-act/maps-and-data. These digital polygons are only representations of the CBRS boundaries shown on the official CBRS maps and are not to be considered authoritative. The Service is not responsible for any misuse or misinterpretation of this digital data set, including use of the data to determine eligibility for federal financial assistance such as federal flood insurance.  As maps are revised, this data set will be updated with the new boundaries. CBRS boundaries viewed using the CBRS Mapper or the shapefile are subject to misrepresentations beyond the Service’s control, including misalignments of the boundaries with third party base layers and mis-projections of spatial data. The official CBRS map is the controlling document and should be consulted for all official determinations. Official determinations are recommended for all properties that are in close proximity (within 20 feet) of a CBRS boundary. For an official determination of whether or not an area or specific property is located within the CBRS, please follow the procedures found at https://www.fws.gov/service/coastal-barrier-resources-system-property-documentation. For any questions regarding the CBRS, please contact your local Service field office or email CBRA@fws.gov. Contact information for Service field offices can be found at https://www.fws.gov/our-facilities.Data Set Contact: U.S. Fish and Wildlife Service Natural Resource Program Center, GIS Team Lead, richard_easterbrook@fws.gov",,US Fish and Wildlife Service,,"['OPA', 'John H. Chafee', 'Otherwise Protected Area', 'Puerto Rico', 'CBRA', 'Coastal Barrier Resources Act', 'CBRS Unit', 'Coastal Barrier Improvement Act', 'Flood Insurance Prohibition', 'CBRS', 'Coastal Barrier Resources System', 'Coastal Barrier', 'CBIA', 'Ecological Services', 'HQ_ES', 'Boundaries', 'FWS', 'USFWS', 'U.S. Fish and Wildlife Service', 'HIFLD', 'Feature Service', 'SDI', 'NSDI', 'Open Data', 'FGDC', 'Emergency Preparedness', 'Disaster Planning', 'Infrastructure']",https://www.datalumos.org/datalumos/project/238867/version/V1/view,2020-04-27,2025-04-08
.\cbrs-map-panels-1,cbrs-map-panels-1,CBRS Map Panels,"This Coastal Barrier Resources System (CBRS) data set, produced by the U.S. Fish and Wildlife Service (Service), contains areas designated as undeveloped coastal barriers in accordance with the Coastal Barrier Resources Act (CBRA), 16 U.S.C. 3501 et seq., as amended. The boundaries used to create the polygons herein were compiled from the official John H. Chafee Coastal Barrier Resources System CBRS maps, which are accessible at the Service’s Headquarters office or https://www.fws.gov/program/coastal-barrier-resources-act/maps-and-data. These digital polygons are only representations of the CBRS boundaries shown on the official CBRS maps and are not to be considered authoritative. The Service is not responsible for any misuse or misinterpretation of this digital data set, including use of the data to determine eligibility for federal financial assistance such as federal flood insurance.  As maps are revised, this data set will be updated with the new boundaries. CBRS boundaries viewed using the CBRS Mapper or the shapefile are subject to misrepresentations beyond the Service’s control, including misalignments of the boundaries with third party base layers and mis-projections of spatial data. The official CBRS map is the controlling document and should be consulted for all official determinations. Official determinations are recommended for all properties that are in close proximity (within 20 feet) of a CBRS boundary. For an official determination of whether or not an area or specific property is located within the CBRS, please follow the procedures found at https://www.fws.gov/service/coastal-barrier-resources-system-property-documentation. For any questions regarding the CBRS, please contact your local Service field office or email CBRA@fws.gov. Contact information for Service field offices can be found at https://www.fws.gov/our-facilities.Data Set Contact: U.S. Fish and Wildlife Service Natural Resource Program Center, GIS Team Lead, richard_easterbrook@fws.gov",,US Fish and Wildlife Service,,"['OPA', 'John H. Chafee', 'Otherwise Protected Area', 'Puerto Rico', 'CBRA', 'Coastal Barrier Resources Act', 'CBRS Unit', 'Coastal Barrier Improvement Act', 'Flood Insurance Prohibition', 'CBRS', 'Coastal Barrier Resources System', 'Coastal Barrier', 'CBIA', 'Ecological Services', 'HQ_ES', 'Boundaries', 'FWS', 'USFWS', 'U.S. Fish and Wildlife Service', 'HIFLD', 'Feature Service', 'SDI', 'NSDI', 'Open Data', 'FGDC', 'Emergency Preparedness', 'Disaster Planning', 'Infrastructure']",https://www.datalumos.org/datalumos/project/238879/version/V1/view,2020-04-27,2025-04-08
.\cbrs-prohibitions-1,cbrs-prohibitions-1,CBRS Prohibitions,"This Coastal Barrier Resources System (CBRS) data set, produced by the U.S. Fish and Wildlife Service (Service), contains areas designated as undeveloped coastal barriers in accordance with the Coastal Barrier Resources Act (CBRA), 16 U.S.C. 3501 et seq., as amended. The boundaries used to create the polygons herein were compiled from the official John H. Chafee Coastal Barrier Resources System CBRS maps, which are accessible at the Service’s Headquarters office or https://www.fws.gov/program/coastal-barrier-resources-act/maps-and-data. These digital polygons are only representations of the CBRS boundaries shown on the official CBRS maps and are not to be considered authoritative. The Service is not responsible for any misuse or misinterpretation of this digital data set, including use of the data to determine eligibility for federal financial assistance such as federal flood insurance.  As maps are revised, this data set will be updated with the new boundaries. CBRS boundaries viewed using the CBRS Mapper or the shapefile are subject to misrepresentations beyond the Service’s control, including misalignments of the boundaries with third party base layers and mis-projections of spatial data. The official CBRS map is the controlling document and should be consulted for all official determinations. Official determinations are recommended for all properties that are in close proximity (within 20 feet) of a CBRS boundary. For an official determination of whether or not an area or specific property is located within the CBRS, please follow the procedures found at https://www.fws.gov/service/coastal-barrier-resources-system-property-documentation. For any questions regarding the CBRS, please contact your local Service field office or email CBRA@fws.gov. Contact information for Service field offices can be found at https://www.fws.gov/our-facilities.Data Set Contact: U.S. Fish and Wildlife Service Natural Resource Program Center, GIS Team Lead, richard_easterbrook@fws.gov",,US Fish and Wildlife Service,,"['OPA', 'John H. Chafee', 'Otherwise Protected Area', 'Puerto Rico', 'CBRA', 'Coastal Barrier Resources Act', 'CBRS Unit', 'Coastal Barrier Improvement Act', 'Flood Insurance Prohibition', 'CBRS', 'Coastal Barrier Resources System', 'Coastal Barrier', 'CBIA', 'Ecological Services', 'HQ_ES', 'Boundaries', 'FWS', 'USFWS', 'U.S. Fish and Wildlife Service', 'HIFLD', 'Feature Service', 'SDI', 'NSDI', 'Open Data', 'FGDC', 'Emergency Preparedness', 'Disaster Planning', 'Infrastructure']",https://www.datalumos.org/datalumos/project/238901/version/V1/view,2020-04-27,2025-04-08
.\cbrs-units-2,cbrs-units-2,CBRS Units,"This Coastal Barrier Resources System (CBRS) data set, produced by the U.S. Fish and Wildlife Service (Service), contains areas designated as undeveloped coastal barriers in accordance with the Coastal Barrier Resources Act (CBRA), 16 U.S.C. 3501 et seq., as amended. The boundaries used to create the polygons herein were compiled from the official John H. Chafee Coastal Barrier Resources System CBRS maps, which are accessible at the Service’s Headquarters office or https://www.fws.gov/program/coastal-barrier-resources-act/maps-and-data. These digital polygons are only representations of the CBRS boundaries shown on the official CBRS maps and are not to be considered authoritative. The Service is not responsible for any misuse or misinterpretation of this digital data set, including use of the data to determine eligibility for federal financial assistance such as federal flood insurance.  As maps are revised, this data set will be updated with the new boundaries. CBRS boundaries viewed using the CBRS Mapper or the shapefile are subject to misrepresentations beyond the Service’s control, including misalignments of the boundaries with third party base layers and mis-projections of spatial data. The official CBRS map is the controlling document and should be consulted for all official determinations. Official determinations are recommended for all properties that are in close proximity (within 20 feet) of a CBRS boundary. For an official determination of whether or not an area or specific property is located within the CBRS, please follow the procedures found at https://www.fws.gov/service/coastal-barrier-resources-system-property-documentation. For any questions regarding the CBRS, please contact your local Service field office or email CBRA@fws.gov. Contact information for Service field offices can be found at https://www.fws.gov/our-facilities.Data Set Contact: U.S. Fish and Wildlife Service Natural Resource Program Center, GIS Team Lead, richard_easterbrook@fws.gov",,US Fish and Wildlife Service,,"['OPA', 'John H. Chafee', 'Otherwise Protected Area', 'Puerto Rico', 'CBRA', 'Coastal Barrier Resources Act', 'CBRS Unit', 'Coastal Barrier Improvement Act', 'Flood Insurance Prohibition', 'CBRS', 'Coastal Barrier Resources System', 'Coastal Barrier', 'CBIA', 'Ecological Services', 'HQ_ES', 'Boundaries', 'FWS', 'USFWS', 'U.S. Fish and Wildlife Service', 'HIFLD', 'Feature Service', 'SDI', 'NSDI', 'Open Data', 'FGDC', 'Emergency Preparedness', 'Disaster Planning', 'Infrastructure']",https://www.datalumos.org/datalumos/project/238934/version/V1/view,2020-04-27,2025-04-08
.\cellular-towers,cellular-towers,Cellular Towers,"This dataset serves as base information for use in GIS systems for general planning, analytical, and research purposes. It is not intended for engineering work or to legally define FCC licensee data or FCC market boundaries. The material in these data and text files are provided as-is. The FCC disclaims all warranties with regard to the contents of these files, including their fitness. In no event shall the FCC be liable for any special, indirect, or consequential damages whatsoever resulting from loss or use, data, or profits, whether in connection with the use or performance of the contents of these files, action of contract, negligence, or other action arising out of, or in connection with the use of the contents of these files. It is known that there are some errors in the licensing information - Latitude, Longitude and Ground Elevation data as well as frequency assignment data from which these files were generated. Data source: Federal Communications Commission Data and details are hosted by HIFLD as received from the data provider.",Federal Communications Commission (FCC),Federal Communications Commission,,"['Cellular', 'Towers', 'FCC', 'HIFLD open', 'HIFLD Communication', 'utilitiesCommunication', 'HIFLD', 'Feature Service', 'SDI', 'NSDI', 'Open Data', 'FGDC', 'Emergency Preparedness', 'Disaster Planning', 'Infrastructure']",https://www.datalumos.org/datalumos/project/238960/version/V1/view,2024-01-24,2024-07-06
.\census-block-groups-3,census-block-groups-3,Census Block Groups,"Block Groups (BGs) are statistical divisions of census tracts, are generally defined to contain between 600 and 3,000 people, and are used to present sample data and control block numbering. A block group consists of clusters of blocks within the same census tract that have the same first digit of their four-digit census block number. For example, blocks 3001, 3002, 3003 . . . 3999 in census tract 1210.02 belong to BG 3 in that census tract. Block groups generally contain between 600 and 3,000 people. Most BGs were delineated by local participants in the Census Bureau's Participant Statistical Areas Program. The Census Bureau delineated BGs only where a local or tribal government declined to participate and a regional organization or State Data Center was not available to participate.A BG usually covers a contiguous area. Each census tract contains at least one BG and BGs are uniquely numbered within census tract. Within the standard census geographic hierarchy, BGs never cross county or census tract boundaries but may cross the boundaries of areas any other geographic entity. Tribal census tracts and tribal BGs are separate and unique geographic areas defined within federally recognized American Indian reservations and can cross state and county boundaries. The tribal census tracts and tribal block groups may be completely different from the census tracts and block groups defined by state and county.Download: https://www2.census.gov/geo/tiger/TGRGDB24/tlgdb_2024_a_us_substategeo.gdb.zip Layer: Block_GroupMetadata: https://meta.geo.census.gov/data/existing/decennial/GEO/GPMB/TIGERline/Current_19115/series_tl_2023_bg.shp.iso.xml",,Census Bureau,,"['HIFLD', 'Boundaries', 'Tracts', 'Blocks', 'Block Group', 'Census 2020', 'National Geospatial Data Asset', 'NGDA', 'Feature Service', 'SDI', 'NSDI', 'Open Data', 'FGDC', 'Emergency Preparedness', 'Disaster Planning', 'Infrastructure']",https://www.datalumos.org/datalumos/project/238937/version/V1/view,2024-08-28,2025-04-08
.\census-designated-places,census-designated-places,Census Designated Places,"Census Designated Places (CDPs) are the statistical counterparts of incorporated places and are delineated to provide data for settled concentrations of population that are identifiable by name but are not legally incorporated under the laws of the state in which they are located. The boundaries usually are defined in cooperation with local or tribal officials and generally updated prior to each decennial census. These boundaries, which usually coincide with visible features or the boundary of an adjacent incorporated place or another legal entity boundary, have no legal status, nor do these places have officials elected to serve traditional municipal functions. CDP boundaries may change from one decennial census to the next with changes in the settlement pattern; a CDP with the same name as in an earlier census does not necessarily have the same boundary. CDPs must be contained within a single state and may not extend into an incorporated place. There are no population size requirements for CDPs.Hawaii is the only state that has no incorporated places recognized by the Census Bureau. All places shown in decennial census data products for Hawaii are CDPs. By agreement with the State of Hawaii, the Census Bureau does not show data separately for the city of Honolulu, which is coextensive with Honolulu County. In Puerto Rico, which also does not have incorporated places, the Census Bureau recognizes only CDPs and refers to them as comunidades or zonas urbanas. Guam also has only CDPs.Download: https://www2.census.gov/geo/tiger/TGRGDB24/tlgdb_2024_a_us_substategeo.gdb.zip Layer: Census_Designated_PlaceMetadata: https://meta.geo.census.gov/data/existing/decennial/GEO/GPMB/TIGERline/Current_19115/series_tl_2023_place.shp.iso.xml",,Census Bureau,,"['HIFLD', 'Boundaries', 'Places', 'Consolidated City', 'Incorporated Places', 'Census Designated Places', 'National Geospatial Data Asset', 'NGDA', 'Feature Service', 'SDI', 'NSDI', 'Open Data', 'FGDC', 'Emergency Preparedness', 'Disaster Planning', 'Infrastructure']",https://www.datalumos.org/datalumos/project/238938/version/V1/view,2024-08-28,2025-04-08
.\census-tracts-2,census-tracts-2,Census Tracts,"Census Tracts are small, relatively permanent statistical subdivisions of a county or equivalent entity that are updated by local participants prior to each decennial census as part of the Census Bureau's Participant Statistical Areas Program. The Census Bureau delineates census tracts in situations where no local participant existed or where state, local, or tribal governments declined to participate. The primary purpose of census tracts is to provide a stable set of geographic units for the presentation of statistical data.Census tracts generally have a population size between 1,200 and 8,000 people with an optimum size of 4,000 people. A census tract usually covers a contiguous area; however the spatial size of census tracts varies widely depending on the density of settlement. Census tract boundaries are delineated with the intention of being maintained over a long time so that statistical comparisons can be made from census to census. Census tracts occasionally are split due to population growth or merged as a result of substantial population decline.Census tract boundaries generally follow visible and identifiable features. They may follow non-visible legal boundaries, such as minor civil division (MCD) or incorporated place boundaries in some states and situations, to allow for census tract-to-governmental unit relationships where the governmental boundaries tend to remain unchanged between censuses. State and county boundaries always are census tract boundaries in the standard census geographic hierarchy. Tribal census tracts are a unique geographic entity defined within federally recognized American Indian reservations and can cross state and county boundaries. Tribal census tracts may be completely different from the census tracts and block groups defined by state and county.Download: https://www2.census.gov/geo/tiger/TGRGDB24/tlgdb_2024_a_us_substategeo.gdb.zip Layer: Census_TractMetadata: https://meta.geo.census.gov/data/existing/decennial/GEO/GPMB/TIGERline/Current_19115/series_tl_2023_place.shp.iso.xml",,Census Bureau,,"['HIFLD', 'Boundaries', 'Tracts', 'Blocks', 'Block Group', 'Census 2020', 'National Geospatial Data Asset', 'NGDA', 'Feature Service', 'SDI', 'NSDI', 'Open Data', 'FGDC', 'Emergency Preparedness', 'Disaster Planning', 'Infrastructure']",https://www.datalumos.org/datalumos/project/238939/version/V1/view,2024-08-28,2025-04-08
.\child-care-centers,child-care-centers,Child Care Centers,"This feature class/shapefile contains locations of child day care centers for the 50 states of the USA, Washington D.C., and Puerto Rico. The dataset only includes center based child day care locations (including those located at schools and religious institutes) and does not include group, home, and family based child day cares. The SOURCEDATE is an indicator of when the source data was last acquired or was publicly available. All the data was acquired from respective states departments or their open source websites and only contains data provided by these sources. Information on the source of data for each state is available in the SOURCE field of the feature class/shapefile. The TYPE attribute is a common categorization of child day care centers for all states which categorizes every child day care into Center Based, School Based, Head Start, or Religious Facility solely based on the type of facility where the child day care center is geographically located. This update has 2608 fewer records than the previous version based on source data",Oak Ridge National Laboratory,Department of Energy,Oak Ridge National Laboratory,"['address', 'name', 'Alaska', 'Hawaii', 'homeland defense', 'population', 'status', 'USA', 'Continental United States', 'day care', 'emergency response', 'facility characteristics', 'preschool care', 'District of Columbia', 'type', 'child care center', 'homeland security', 'Puerto Rico', 'HIFLD', 'Feature Service', 'SDI', 'NSDI', 'Open Data', 'FGDC', 'Emergency Preparedness', 'Disaster Planning', 'Infrastructure']",https://www.datalumos.org/datalumos/project/238943/version/V1/view,2022-03-01,2022-12-08
.\coastlines-usace-ienc,coastlines-usace-ienc,Coastlines (USACE IENC),"The USACE IENCs coverage area consists of 7,260 miles across 21 rivers primarily located in the Central United States. IENCs apply to inland waterways that are maintained for navigation by USACE for shallow-draft vessels (e.g., maintained at a depth of 9-14 feet, dependent upon the waterway project authorization). Generally, IENCs are produced for those commercially navigable waterways which the National Oceanic and Atmospheric Administration (NOAA) does not produce Electronic Navigational Charts (ENCs). However, Special Purpose IENCs may be produced in agreement with NOAA.  IENC POC: IENC_POC@usace.army.mil",,US Army Corps of Engineers,,"['USCG', 'USACE', 'IENC', 'HIFLD', 'Transportation - Water', 'Feature Service', 'SDI', 'NSDI', 'Open Data', 'FGDC', 'Emergency Preparedness', 'Disaster Planning', 'Infrastructure']",https://www.datalumos.org/datalumos/project/238945/version/V1/view,2018-02-21,2025-04-08
.\colleges-and-universities,colleges-and-universities,Colleges and Universities,"The Colleges and Universities feature class/shapefile is composed of all Post Secondary Education facilities as defined by the Integrated Post Secondary Education System (IPEDS, http://nces.ed.gov/ipeds/), National Center for Education Statistics (NCES, https://nces.ed.gov/), US Department of Education for the 2020-2021 school year. Included are Doctoral/Research Universities, Masters Colleges and Universities, Baccalaureate Colleges, Associates Colleges, Theological seminaries, Medical Schools and other health care professions, Schools of engineering and technology, business and management, art, music, design, Law schools, Teachers colleges, Tribal colleges, and other specialized institutions. Overall, this data layer covers all 50 states, as well as Puerto Rico and other assorted U.S. territories. This feature class contains all MEDS/MEDS+ as approved by the National Geospatial-Intelligence Agency (NGA) Homeland Security Infrastructure Program (HSIP) Team. Complete field and attribute information is available in the ”Entities and Attributes” metadata section. Geographical coverage is depicted in the thumbnail above and detailed in the ""Place Keyword"" section of the metadata. This feature class does not have a relationship class but is related to Supplemental Colleges. Colleges and Universities that are not included in the NCES IPEDS data are added to the Supplemental Colleges feature class when found. This release includes the addition of 128 new records, the removal of 247 no longer reported by NCES, and modifications to the spatial location and/or attribution of 6312 records.",Oak Ridge National Laboratory,Department of Energy,Oak Ridge National Laboratory,"['homeland security', 'homeland defense', 'emergency response', 'education', 'colleges', 'universities', 'university', 'school', 'training', 'business', 'secretarial', 'professional', 'computer', 'cosmetology', 'barber', 'education', 'fine arts', 'flight', 'technical', 'trade', 'junior college', 'enrollment', 'shelters', 'institutional characteristics', 'employment', 'name', 'address', 'type', 'status', 'population', 'facility characteristics', 'Continental United States', 'USA', 'Hawaii', 'Alaska', 'District of Columbia', 'Puerto Rico', 'American Samoa', 'Guam', 'Virgin Islands', 'Federated States of Micronesia', 'Palau', 'Marshall Islands', 'HIFLD', 'Feature Service', 'SDI', 'NSDI', 'Open Data', 'FGDC', 'Emergency Preparedness', 'Disaster Planning', 'Infrastructure']",https://www.datalumos.org/datalumos/project/238951/version/V1/view,2019-06-28,2022-12-07
.\colleges-and-universities-campuses,colleges-and-universities-campuses,Colleges and Universities Campuses,"The College and University Campuses feature class/shapefile is composed of all Post Secondary Education facilities as defined by the Homeland Infrastructure Foundation-Level Data (HIFLD) Colleges and Universities and Supplemental Colleges point feature classes/shapefiles with a POPULATION value greater than or equal to 500. Also included is a subset of campuses with a POPULATION value under 500 or equal to -999. Included are Doctoral/Research Universities, Masters Colleges and Universities, Baccalaureate Colleges, Associates Colleges, Theological seminaries, Medical Schools and other health care professions, Schools of engineering and technology, business and management, art, music, design, Law schools, Teachers colleges, Tribal colleges, and other specialized institutions. Excluded are online institutions and administrative records as well as colleges and universities that do not have a verifiable campus map. Overall, this data layer covers all 50 states, as well as Puerto Rico and other assorted U.S. territories. This feature class/shapefile contains all MEDS/MEDS+ as approved by the National Geospatial-Intelligence Agency (NGA) Homeland Security Infrastructure Program (HSIP) Team. Complete field and attribute information is available in the ”Entities and Attributes” metadata section. Geographical coverage is depicted in the thumbnail above and detailed in the ""Place Keyword"" section of the metadata. This feature class does not have a relationship class but is related to Supplemental Colleges and Colleges and Universities. Note that attribution is derived from the Colleges and Universities and Supplemental Colleges feature classes/shapefiles. Refer to the metadata of those feature classes/shapefiles for further information regarding attribution. This release includes 21 new records and the removal of 88 records that are no longer applicable based on the sourced datasets.",,Department of Energy,Oak Ridge National Laboratory,"['homeland security', 'homeland defense', 'emergency response', 'education', 'colleges', 'universities', 'university', 'school', 'training', 'business', 'secretarial', 'professional', 'computer', 'cosmetology', 'barber', 'fine arts', 'flight', 'technical', 'trade', 'junior college', 'enrollment', 'shelters', 'boundary', 'campus', 'institutional characteristics', 'employment', 'name', 'address', 'type', 'status', 'population', 'facility characteristics', 'HIFLD', 'Feature Service', 'SDI', 'NSDI', 'Open Data', 'FGDC', 'Emergency Preparedness', 'Disaster Planning', 'Infrastructure']",https://www.datalumos.org/datalumos/project/238998/version/V1/view,2019-06-28,2022-12-10
.\combined-statistical-areas-3,combined-statistical-areas-3,Combined Statistical Areas,"Combined Statistical Areas (CSAs) consist of two or more adjacent CBSAs that have substantial employment interchange. The CBSAs that combine to create a CSA retain separate identities within the larger CSA. Because CSAs represent groupings of metropolitan and/or micropolitan statistical areas, they should not be ranked or compared with individual metropolitan and micropolitan statistical areas.Download: https://www2.census.gov/geo/tiger/TGRGDB24/tlgdb_2024_a_us_nationgeo.gdb.zip Layer: Combined_Statistical_AreaMetadata: https://meta.geo.census.gov/data/existing/decennial/GEO/GPMB/TIGERline/Current_19115/series_tl_2023_csa.shp.iso.xml",,Census Bureau,,"['Core Based Statistical Areas (CBSA)', 'Core', 'Based', 'Statistical', 'Statistics', 'Areas', 'Census', 'HIFLD', 'Feature Service', 'SDI', 'NSDI', 'Open Data', 'FGDC', 'Emergency Preparedness', 'Disaster Planning', 'Infrastructure']",https://www.datalumos.org/datalumos/project/238987/version/V1/view,2024-06-05,2025-04-08
.\consolidated-cities,consolidated-cities,Consolidated Cities,"A Consolidated City is a unit of local government for which the functions of an incorporated place and its county or minor civil division (MCD) have merged. This action results in both the primary incorporated place and the county or MCD continuing to exist as legal entities, even though the county or MCD performs few or no governmental functions and has few or no elected officials. Where this occurs, and where one or more other incorporated places in the county or MCD continue to function as separate governments, even though they have been included in the consolidated government, the primary incorporated place is referred to as a consolidated city. The Census Bureau classifies the separately incorporated places within the consolidated city as place entities and creates a separate place (balance) record for the portion of the consolidated city not within any other place.Download: https://www2.census.gov/geo/tiger/TGRGDB24/tlgdb_2024_a_us_substategeo.gdb.zip Layer: Consolidated_CityMetadata: meta.geo.census.gov/data/existing/decennial/GEO/GPMB/TIGERline/Current_19115/series_tl_2023_concity.shp.iso.xml",,Census Bureau,,"['HIFLD', 'Boundaries', 'Places', 'Consolidated City', 'Incorporated Places', 'Census Designated Places', 'National Geospatial Data Asset', 'NGDA', 'Feature Service', 'SDI', 'NSDI', 'Open Data', 'FGDC', 'Emergency Preparedness', 'Disaster Planning', 'Infrastructure']",https://www.datalumos.org/datalumos/project/238994/version/V1/view,2024-08-28,2025-04-08
.\construction-minerals-operations,construction-minerals-operations,Construction Minerals Operations,This map layer includes construction minerals operations in the United States. The data represent commodities covered by the Minerals Information Team (MIT) of the U.S. Geological Survey. The mineral operations are plants and (or) mines surveyed by the MIT and considered currently active in 2003. Excluded are construction sand and gravel and crushed stone. This is a replacement for the June 2004 map layer.The data is legacy and not expected to be updated. It is being provided as the best available until Mineral Resources identifies an alternative data source.,,US Geological Survey,,"['Ball clay', 'Economy', 'Mining operations', 'Mica', 'Minerals operations', 'Construction minerals', 'Gypsum', 'Perlite', 'Minerals', 'Cement', 'Pumice', 'Common clay and Shale', 'Dimension stone', 'Mines', 'Processing plants', 'HIFLD', 'Feature Service', 'SDI', 'NSDI', 'Open Data', 'FGDC', 'Emergency Preparedness', 'Disaster Planning', 'Infrastructure']",https://www.datalumos.org/datalumos/project/239044/version/V1/view,2017-06-12,2024-04-09
.\control-areas,control-areas,Control Areas,"This feature class/shapefile represents electric power control areas. Control Areas, also known as Balancing Authority Areas, are controlled by Balancing Authorities, who are responsible for monitoring and balancing the generation, load, and transmission of electric power within their region, often comprised of the retail service territories of numerous electric power utilities. Each control area is interconnected with neighboring ones to facilitate emergency support, coordinated operations, and power purchases and sales. The following updates have been made since the previous release: 1 feature removed.",,Department of Energy,Oak Ridge National Laboratory,"['homeland security', 'homeland defense', 'emergency response', 'name', 'address', 'electricity', 'control area', 'balancing authority', 'transmission', 'energy infrastructure', 'megawatts', 'megawatt hours', 'peak demand', 'capacity', 'HIFLD', 'Feature Service', 'SDI', 'NSDI', 'Open Data', 'FGDC', 'Emergency Preparedness', 'Disaster Planning', 'Infrastructure']",https://www.datalumos.org/datalumos/project/239072/version/V1/view,2022-12-09,2025-04-08
.\conveyor-areas-usace-ienc,conveyor-areas-usace-ienc,Conveyor Areas (USACE IENC),"The USACE IENCs coverage area consists of 7,260 miles across 21 rivers primarily located in the Central United States. IENCs apply to inland waterways that are maintained for navigation by USACE for shallow-draft vessels (e.g., maintained at a depth of 9-14 feet, dependent upon the waterway project authorization). Generally, IENCs are produced for those commercially navigable waterways which the National Oceanic and Atmospheric Administration (NOAA) does not produce Electronic Navigational Charts (ENCs). However, Special Purpose IENCs may be produced in agreement with NOAA.
 IENC POC: IENC_POC@usace.army.mil",,US Army Corps of Engineers,,"['USCG', 'USACE', 'IENC', 'HIFLD', 'Transportation - Water', 'Feature Service', 'SDI', 'NSDI', 'Open Data', 'FGDC', 'Emergency Preparedness', 'Disaster Planning', 'Infrastructure']",https://www.datalumos.org/datalumos/project/239076/version/V1/view,2018-02-21,2025-04-08
.\county-subdivisions-1,county-subdivisions-1,County Subdivisions,"County Subdivisions are the primary divisions of counties and equivalent entities. They include census county divisions, census subareas, minor civil divisions, and unorganized territories, and can be classified as either legal or statistical. Legal entities are termed minor civil divisions and statistical entities can be either census county divisions, census subareas, or unorganized territories.Minor Civil Divisions (MCDs) are the primary governmental or administrative divisions of a county in many states (parishes in Louisiana) and of the county equivalents in Puerto Rico and the Island Areas. MCDs in the United States, Puerto Rico, and the Island Areas represent many different kinds of legal entities with a wide variety of governmental and/or administrative functions. MCDs include areas variously designated as barrios, barrios-pueblo, boroughs, charter townships, commissioner districts, election districts, election precincts, gores, grants, locations, magisterial districts, parish governing authority districts, plantations, purchases, reservations, supervisor's districts, towns, and townships. The Census Bureau recognizes MCDs in 29 states, Puerto Rico, and the Island Areas. The District of Columbia has no primary divisions, and is considered equivalent to an MCD for statistical purposes.In some states, all or some incorporated places are not part of any MCD; these places are termed independent places. In nine states-Maine, Massachusetts, New Hampshire, New Jersey, North Dakota, Pennsylvania, Rhode Island, South Dakota, and Wisconsin-all incorporated places are independent places. In other states, incorporated places are part of, or dependent within, the MCDs in which they are located, or the pattern is mixed-some incorporated places are independent of MCDs and others are included within one or more MCDs.In New York and Maine, American Indian reservations (AIRs) generally exist outside the jurisdiction of any town (MCD) and thus also serve as the equivalent of MCDs for purposes of data presentation.In states with legal MCDs, the Census Bureau assigns a default FIPS county subdivision code of 00000 and ANSI code of eight zeroes in some coastal, territorial sea, and Great Lakes water where county subdivisions do not extend into the Great Lakes or out to the three-mile limit.Census County Divisions (CCDs) are areas delineated by the Census Bureau in cooperation with state, tribal, and local officials for statistical purposes. CCDs have no legal function and are not governmental units. CCD boundaries usually follow visible features and usually coincide with census tract boundaries. The name of each CCD is based on a place, county, or well-known local name that identifies its location.Census Subareas are statistical subdivisions of boroughs, city and boroughs, municipalities, and census areas, the statistical equivalent entities for counties in Alaska. The state of Alaska and the Census Bureau cooperatively delineate the census subareas to serve as the statistical equivalents of MCDs.Unorganized Territories (UTs) are defined by the Census Bureau in nine MCD states where portions of counties or equivalent entities are not included in any legally established MCD or incorporated place. The Census Bureau recognizes such separate pieces of territory as one or more separate county subdivisions for census purposes. It assigns each unorganized territory a descriptive name, followed by the designation ""UT"".Download: https://www2.census.gov/geo/tiger/TGRGDB24/tlgdb_2024_a_us_substategeo.gdb.zip Layer: County_SubdivisionMetadata: https://meta.geo.census.gov/data/existing/decennial/GEO/GPMB/TIGERline/Current_19115/series_tl_2023_cousub.shp.iso.xml",,Census Bureau,,"['HIFLD', 'Boundaries', 'County', 'Subdivision', 'Estate', 'County Subdivision', 'Subbarios', 'National Geospatial Data Asset', 'NGDA', 'Feature Service', 'SDI', 'NSDI', 'Open Data', 'FGDC', 'Emergency Preparedness', 'Disaster Planning', 'Infrastructure']",https://www.datalumos.org/datalumos/project/239081/version/V1/view,2024-08-28,2025-04-08
.\courthouses-3,courthouses-3,Courthouses,"USGS Structures from The National Map consists of data to include the name, function, location, and other core information and characteristics of selected manmade facilities. The types of structures collected are largely determined by the needs of disaster planning and emergency response, and homeland security organizations. Structures currently being collected are: School, Technical/Trade School, College/University, Fire Station/EMS Station, Law Enforcement/Police Station, Prison/Correctional Facility, State Capitol, Hospital/Medical Center, Ambulance Service, Cemetery, Post Office, Campground, Trailhead, and Visitor/Information Center. Structures data are designed to be used in general mapping and in the analysis of structure related activities using geographic information system technology. The National Map structures data is commonly combined with other data themes, such as boundaries, elevation, hydrography, and transportation, to produce general reference base maps. The National Map download client allows free downloads of public domain structures data in either Esri File Geodatabase or Shapefile formats. For additional information on the structures data model, go to https://www.usgs.gov/core-science-systems/ngp/tnm-corps/structures. See https://apps.nationalmap.gov/help/ for assistance with The National Map viewer, download client, services, or metadata. Data Refreshed January, 2025",US Geological Survey,US Geological Survey,,"['NGDA', 'building', 'facility', 'US', 'NGP-TNM', 'REST', 'WMS', 'WFS', 'Government', 'USGS', 'TNM', 'HIFLD', 'Feature Service', 'SDI', 'NSDI', 'Open Data', 'FGDC', 'Emergency Preparedness', 'Disaster Planning', 'Infrastructure']",https://www.datalumos.org/datalumos/project/239030/version/V1/view,2024-03-12,2025-04-08
.\crane-locations-usace-ienc,crane-locations-usace-ienc,Crane Locations (USACE IENC),"The USACE IENCs coverage area consists of 7,260 miles across 21 rivers primarily located in the Central United States. IENCs apply to inland waterways that are maintained for navigation by USACE for shallow-draft vessels (e.g., maintained at a depth of 9-14 feet, dependent upon the waterway project authorization). Generally, IENCs are produced for those commercially navigable waterways which the National Oceanic and Atmospheric Administration (NOAA) does not produce Electronic Navigational Charts (ENCs). However, Special Purpose IENCs may be produced in agreement with NOAA.  IENC POC: IENC_POC@usace.army.mil",U.S. Army Corps of Engineers,US Army Corps of Engineers,,"['USCG', 'USACE', 'IENC', 'HIFLD', 'Transportation - Water', 'Feature Service', 'SDI', 'NSDI', 'Open Data', 'FGDC', 'Emergency Preparedness', 'Disaster Planning', 'Infrastructure']",https://www.datalumos.org/datalumos/project/239031/version/V1/view,2018-02-21,2025-04-08
.\crushed-stone-operations,crushed-stone-operations,Crushed Stone Operations,This map layer includes construction minerals operations in the United States. The data represent commodities covered by the Minerals Information Team (MIT) of the U.S. Geological Survey. The mineral operations are plants and (or) mines surveyed by the MIT and considered currently active in 2003. Excluded are construction sand and gravel and crushed stone. This is a replacement for the June 2004 map layer.The data is legacy and not expected to be updated. It is being provided as the best available until Mineral Resources identifies an alternative data source.,US Geological Survey,US Geological Survey,,"['Ball clay', 'Economy', 'Mining operations', 'Mica', 'Minerals operations', 'Construction minerals', 'Gypsum', 'Perlite', 'Minerals', 'Cement', 'Pumice', 'Common clay and Shale', 'Dimension stone', 'Mines', 'Processing plants', 'HIFLD', 'Feature Service', 'SDI', 'NSDI', 'Open Data', 'FGDC', 'Emergency Preparedness', 'Disaster Planning', 'Infrastructure']",https://www.datalumos.org/datalumos/project/239033/version/V1/view,2017-06-12,2024-04-09
.\current-dart-deployments,current-dart-deployments,Current DART Deployments,"NCEI is the long-term archive for all NOAA Deep-ocean Assessment and Reporting of Tsunamis (DART) ocean bottom pressure data. Ocean bottom pressure data also undergo quality control and harmonic analysis at NCEI. The raw data and products are discoverable via the Map, Timelines, and THREDDS Data Server links. Data are provided as netCDF and as gzipped comma-separated-values (CSV). Background InformationIn the 1980s, NOAA's Pacific Marine Environmental Laboratory (PMEL) developed deep ocean tsunameters for the early detection, measurement, and real-time reporting of tsunamis in the open ocean. The PMEL's Project Deep-ocean Assessment and Reporting of Tsunamis (DART®) developed the tsunameters. A DART® system consists of a seafloor bottom pressure recorder (BPR) capable of detecting tsunamis as small as 1 centimeter, and a moored surface buoy for real-time communications. In 2003, operational responsibility of DART® transitioned from PMEL to the National Data Buoy Center (NDBC). There are currently 39 U.S. owned and operated DART® buoys installed throughout the Pacific and Atlantic oceans. This completes the current requirements for the DART® array. NOAA has installed DART® systems in the Indian Ocean in partnership with several international organizations (Owned Operated DART Buoys Data Available at NDBC). Upon recovery from the seafloor BPR, 15-second-resolution data undergo quality control and harmonic analysis at NOAA NCEI. Please contact haz.info@noaa.gov if you have questions. More information about DART Ocean Bottom Pressure Data at NCEI",,National Oceanic and Atmospheric Administration,The National Data Buoy Center,"['Tsunami', 'HIFLD Natural Hazards', 'NOAA', 'NCEI', 'DART', 'BPR', 'tsunami', 'deep-ocean assessment and reporting of tsunamis', 'bottom-pressure recorder', 'PMEL', 'NDBC', 'HIFLD', 'Feature Service', 'SDI', 'NSDI', 'Open Data', 'FGDC', 'Emergency Preparedness', 'Disaster Planning', 'Infrastructure']",https://www.datalumos.org/datalumos/project/239073/version/V1/view,2017-06-12,2025-08-12
.\dam-lines-usace-ienc-2,dam-lines-usace-ienc-2,Dam Lines (USACE IENC),"The USACE IENCs coverage area consists of 7,260 miles across 21 rivers primarily located in the Central United States. IENCs apply to inland waterways that are maintained for navigation by USACE for shallow-draft vessels (e.g., maintained at a depth of 9-14 feet, dependent upon the waterway project authorization). Generally, IENCs are produced for those commercially navigable waterways which the National Oceanic and Atmospheric Administration (NOAA) does not produce Electronic Navigational Charts (ENCs). However, Special Purpose IENCs may be produced in agreement with NOAA. IENC POC: IENC_POC@usace.army.mil",,US Army Corps of Engineers,,"['USCG', 'USACE', 'IENC', 'HIFLD', 'Transportation - Water', 'Feature Service', 'SDI', 'NSDI', 'Open Data', 'FGDC', 'Emergency Preparedness', 'Disaster Planning', 'Infrastructure']",https://www.datalumos.org/datalumos/project/239074/version/V1/view,2024-02-05,2025-04-08
.\data-coverage-areas-usace-ienc,data-coverage-areas-usace-ienc,Data Coverage Areas (USACE IENC),"The USACE IENCs coverage area consists of 7,260 miles across 21 rivers primarily located in the Central United States. IENCs apply to inland waterways that are maintained for navigation by USACE for shallow-draft vessels (e.g., maintained at a depth of 9-14 feet, dependent upon the waterway project authorization). Generally, IENCs are produced for those commercially navigable waterways which the National Oceanic and Atmospheric Administration (NOAA) does not produce Electronic Navigational Charts (ENCs). However, Special Purpose IENCs may be produced in agreement with NOAA.  IENC POC: IENC_POC@usace.army.mil",,US Army Corps of Engineers,,"['USCG', 'USACE', 'IENC', 'HIFLD', 'Transportation - Water', 'Feature Service', 'SDI', 'NSDI', 'Open Data', 'FGDC', 'Emergency Preparedness', 'Disaster Planning', 'Infrastructure']",https://www.datalumos.org/datalumos/project/239075/version/V1/view,2018-02-21,2025-04-08
.\data-quality-assessment-areas-usace-ienc,data-quality-assessment-areas-usace-ienc,Data Quality Assessment Areas (USACE IENC),"The USACE IENCs coverage area consists of 7,260 miles across 21 rivers primarily located in the Central United States. IENCs apply to inland waterways that are maintained for navigation by USACE for shallow-draft vessels (e.g., maintained at a depth of 9-14 feet, dependent upon the waterway project authorization). Generally, IENCs are produced for those commercially navigable waterways which the National Oceanic and Atmospheric Administration (NOAA) does not produce Electronic Navigational Charts (ENCs). However, Special Purpose IENCs may be produced in agreement with NOAA. IENC POC: IENC_POC@usace.army.mil",,US Army Corps of Engineers,,"['USCG', 'USACE', 'IENC', 'HIFLD', 'Transportation - Water', 'Feature Service', 'SDI', 'NSDI', 'Open Data', 'FGDC', 'Emergency Preparedness', 'Disaster Planning', 'Infrastructure']",https://www.datalumos.org/datalumos/project/239077/version/V1/view,2018-02-21,2025-04-08
.\daymark-locations-usace-ienc-2,daymark-locations-usace-ienc-2,Daymark Locations (USACE IENC),"The USACE IENCs coverage area consists of 7,260 miles across 21 rivers primarily located in the Central United States. IENCs apply to inland waterways that are maintained for navigation by USACE for shallow-draft vessels (e.g., maintained at a depth of 9-14 feet, dependent upon the waterway project authorization). Generally, IENCs are produced for those commercially navigable waterways which the National Oceanic and Atmospheric Administration (NOAA) does not produce Electronic Navigational Charts (ENCs). However, Special Purpose IENCs may be produced in agreement with NOAA. IENC POC: IENC_POC@usace.army.mil",,US Army Corps of Engineers,,"['USCG', 'USACE', 'IENC', 'HIFLD', 'Transportation - Water', 'Feature Service', 'SDI', 'NSDI', 'Open Data', 'FGDC', 'Emergency Preparedness', 'Disaster Planning', 'Infrastructure']",https://www.datalumos.org/datalumos/project/239078/version/V2/view,2024-02-05,2025-04-08
.\depth-areas-usace-ienc-2,depth-areas-usace-ienc-2,Depth Areas (USACE IENC),"The USACE IENCs coverage area consists of 7,260 miles across 21 rivers primarily located in the Central United States. IENCs apply to inland waterways that are maintained for navigation by USACE for shallow-draft vessels (e.g., maintained at a depth of 9-14 feet, dependent upon the waterway project authorization). Generally, IENCs are produced for those commercially navigable waterways which the National Oceanic and Atmospheric Administration (NOAA) does not produce Electronic Navigational Charts (ENCs). However, Special Purpose IENCs may be produced in agreement with NOAA. IENC POC: IENC_POC@usace.army.mil",,US Army Corps of Engineers,,"['USCG', 'USACE', 'IENC', 'HIFLD', 'Transportation - Water', 'Feature Service', 'SDI', 'NSDI', 'Open Data', 'FGDC', 'Emergency Preparedness', 'Disaster Planning', 'Infrastructure']",https://www.datalumos.org/datalumos/project/239080/version/V1/view,2024-02-05,2025-04-08
.\dialysis-centers,dialysis-centers,Dialysis Centers,"https://rxopen.org/ helps patients find nearby open pharmacies and dialysis centers in areas impacted by disaster. Combining multiple data feeds from the pharmaceutical industry, Rx Open provides the precise location of open centers, closed centers, and those whose status is unknown. This critical information assists government officials in assessing an emergency's impact on public health in a disaster area.",,Healthcare Ready,RX Open,"['HIFLD open', 'Public Health', 'Dialysis Centers', 'HIFLD', 'Feature Service', 'SDI', 'NSDI', 'Open Data', 'FGDC', 'Emergency Preparedness', 'Disaster Planning', 'Infrastructure']",https://www.datalumos.org/datalumos/project/239046/version/V1/view,2024-01-26,2024-01-26
.\distance-marks-usace-ienc-2,distance-marks-usace-ienc-2,Distance Marks (USACE IENC),"The USACE IENCs coverage area consists of 7,260 miles across 21 rivers primarily located in the Central United States. IENCs apply to inland waterways that are maintained for navigation by USACE for shallow-draft vessels (e.g., maintained at a depth of 9-14 feet, dependent upon the waterway project authorization). Generally, IENCs are produced for those commercially navigable waterways which the National Oceanic and Atmospheric Administration (NOAA) does not produce Electronic Navigational Charts (ENCs). However, Special Purpose IENCs may be produced in agreement with NOAA. IENC POC: IENC_POC@usace.army.mil",,US Army Corps of Engineers,,"['USCG', 'USACE', 'IENC', 'HIFLD', 'Transportation - Water', 'Feature Service', 'SDI', 'NSDI', 'Open Data', 'FGDC', 'Emergency Preparedness', 'Disaster Planning', 'Infrastructure']",https://www.datalumos.org/datalumos/project/239048/version/V1/view,2024-02-05,2025-04-08
.\docks-1,docks-1,Docks,"This layer provides the complete dock list of all facility types. Additional attributes include a location description, street address, city, state, zip code, county, congressional district, owners, operators, highway-and-railway connections, commodities, type of construction, cargo-handling equipment, water depth alongside the facility, berthing space, and deck height.",U.S. Army Corps of Engineers,US Army Corps of Engineers,,"['COE', 'dock', 'domestic', 'navigation', 'port', 'geospatial', 'HIFLD', 'Feature Service', 'SDI', 'NSDI', 'Open Data', 'FGDC', 'Emergency Preparedness', 'Disaster Planning', 'Infrastructure']",https://www.datalumos.org/datalumos/project/239049/version/V1/view,2017-06-19,2024-10-29
.\dry-docks-usace-ienc-2,dry-docks-usace-ienc-2,Dry Docks (USACE IENC),"The USACE IENCs coverage area consists of 7,260 miles across 21 rivers primarily located in the Central United States. IENCs apply to inland waterways that are maintained for navigation by USACE for shallow-draft vessels (e.g., maintained at a depth of 9-14 feet, dependent upon the waterway project authorization). Generally, IENCs are produced for those commercially navigable waterways which the National Oceanic and Atmospheric Administration (NOAA) does not produce Electronic Navigational Charts (ENCs). However, Special Purpose IENCs may be produced in agreement with NOAA. IENC POC: IENC_POC@usace.army.mil",,US Army Corps of Engineers,,"['USCG', 'USACE', 'IENC', 'HIFLD', 'Transportation - Water', 'Feature Service', 'SDI', 'NSDI', 'Open Data', 'FGDC', 'Emergency Preparedness', 'Disaster Planning', 'Infrastructure']",https://www.datalumos.org/datalumos/project/239064/version/V1/view,2024-02-05,2025-04-08
.\dumping-ground-areas-usace-ienc,dumping-ground-areas-usace-ienc,Dumping Ground Areas (USACE IENC),"The USACE IENCs coverage area consists of 7,260 miles across 21 rivers primarily located in the Central United States. IENCs apply to inland waterways that are maintained for navigation by USACE for shallow-draft vessels (e.g., maintained at a depth of 9-14 feet, dependent upon the waterway project authorization). Generally, IENCs are produced for those commercially navigable waterways which the National Oceanic and Atmospheric Administration (NOAA) does not produce Electronic Navigational Charts (ENCs). However, Special Purpose IENCs may be produced in agreement with NOAA.
 IENC POC: IENC_POC@usace.army.mil",,US Army Corps of Engineers,,"['USCG', 'USACE', 'IENC', 'HIFLD', 'Transportation - Water', 'Feature Service', 'SDI', 'NSDI', 'Open Data', 'FGDC', 'Emergency Preparedness', 'Disaster Planning', 'Infrastructure']",https://www.datalumos.org/datalumos/project/239067/version/V1/view,2018-04-19,2025-04-08
.\dynamic-buoys-usace-ienc-,dynamic-buoys-usace-ienc-,Dynamic Buoys (USACE IENC),This is the US Army Corps of Engineers produced buoy position dataset of supplied US Coast Guard buoy locations along the inland river system of the United States. This dataset is updated weekly by the US Army Geospatial Center.IENC POC: agc-ienc@usace.army.mil,,US Army Corps of Engineers,,"['HIFLD', 'IENC', 'USACE', 'USCG', 'Transportation - Water', 'buoys', 'boylat', 'Lateral_Buoy', 'IENC Buoys', 'USCG Buoys', 'Feature Service', 'SDI', 'NSDI', 'Open Data', 'FGDC', 'Emergency Preparedness', 'Disaster Planning', 'Infrastructure']",https://www.datalumos.org/datalumos/project/239087/version/V2/view,2020-03-27,2025-07-03
.\electric-holding-company-areas-1,electric-holding-company-areas-1,Electric Holding Company Areas,"This feature class/shapefile represents electric power holding companies. Holding companies are electric power utilities that have a holding company structure. This vector polygon layer represents the area served by electric power holding companies. The following updates have been made since the previous release: 10 features added, 13 features removed and numerous geometries improved.",,Department of Energy,Oak Ridge National Laboratory,"['homeland security', 'homeland defense', 'emergency response', 'name', 'electricity', 'power', 'generation', 'megawatts', 'holding company', 'holding companies', 'energy infrastructure', 'utility', 'utilities', 'HIFLD', 'Feature Service', 'SDI', 'NSDI', 'Open Data', 'FGDC', 'Emergency Preparedness', 'Disaster Planning', 'Infrastructure']",https://www.datalumos.org/datalumos/project/239089/version/V2/view,2017-09-19,2023-02-01
.\electric-planning-areas,electric-planning-areas,Electric Planning Areas,"This feature class/shapefile represents electric power planning areas. The area covered by those entities which are responsible for the coordination, integration, and long-term planning of transmission operations within their region, often comprised of the retail service territories of numerous electric power utilities. The following updates have been made since the previous release: 3 features added and attribution updated using best available sources.",,Department of Energy,Oak Ridge National Laboratory,"['energy infrastructure', 'homeland security', 'distribution', 'name', 'planning', 'megawatt hours', 'transmission', 'homeland defense', 'megawatts', 'emergency response', 'Continental United States', 'electric coordination', 'peak demand', 'USA', 'HIFLD', 'Feature Service', 'SDI', 'NSDI', 'Open Data', 'FGDC', 'Emergency Preparedness', 'Disaster Planning', 'Infrastructure']",https://www.datalumos.org/datalumos/project/239090/version/V2/view,2017-09-19,2022-12-10
.\electric-retail-service-territories,electric-retail-service-territories,Electric Retail Service Territories,"This feature class/shapefile represents electric power retail service territories. These are areas serviced by electric power utilities responsible for the retail sale of electric power to local customers, whether residential, industrial, or commercial.",Oak Ridge National Laboratory,Department of Energy,Oak Ridge National Laboratory,"['homeland security', 'homeland defense', 'emergency response', 'power', 'Energy', 'ORNL', 'CESER', 'HIFLD', 'Feature Service', 'SDI', 'NSDI', 'Open Data', 'FGDC', 'Emergency Preparedness', 'Disaster Planning', 'Infrastructure']",https://www.datalumos.org/datalumos/project/239091/version/V2/view,2025-02-19,2025-02-19
.\elementary-school-districts,elementary-school-districts,Elementary School Districts,"School Districts are administrative units within which local officials provide public educational services for the area's residents. The Census Bureau obtains school district boundaries, names, local education agency codes, grade ranges, and school district levels annually from state education officials. The Census Bureau collects this information for the primary purpose of providing the U.S. Department of Education with annual estimates of the number of children aged 5 through 17 in families in poverty within each school district, county, and state. This information serves as the basis for the Department of Education to determine the annual allocation of Title I funding to states and school districtsThe Census Bureau tabulates data for four types of school districts: elementary, secondary, unified, and administrative. Each school district is assigned a five-digit code that is unique within state. School district codes are the local education agency number assigned by the Department of Education and are not necessarily in alphabetical order by school district name.Unified school districts provide education to children of all school ages. In general, if there is a unified school district, no elementary or secondary school district exists. If there is an elementary school district, the secondary school district may or may not exist. Administrative school districts were added in 2022 and provide administrative, planning, and educational services for all grade ranges. Currently, the Census Bureau maintains administrative school districts only in Vermont, and they represent supervisory unions and supervisory districts.The Census Bureau categorizes school districts based on the grade ranges for which the school district is financially responsible. These may or may not be the same as the grade ranges that a school district operates. A typical example would be a school district that operates schools for children in grades Kindergarten (KG)-8 and pays a neighboring school district to educate children in grades 9-12. The first school district is operationally responsible for grades KG-8, but financially responsible for grades KG-12. Therefore, the Census Bureau would define the grade range for that school district as KG-12. If an elementary school district is financially responsible for grades KG-12 or Pre-Kindergarten (PK)-12, there will be no secondary school district represented for that area. In cases, where an elementary school district is financially responsible for only lower grades, there is generally a secondary school district that is financially responsible for providing educational services for the upper grades.Download: https://www2.census.gov/geo/tiger/TGRGDB24/tlgdb_2024_a_us_school.gdb.zip Layer: School_District_ElementaryMetadata: https://meta.geo.census.gov/data/existing/decennial/GEO/GPMB/TIGERline/Current_19115/series_tl_2023_elsd.shp.iso.xml",,Census Bureau,,"['HIFLD', 'Education', 'School', 'Unified', 'Secondary', 'Elementary', 'School District', 'Administrative Areas', 'National Geospatial Data Asset', 'NGDA', 'Feature Service', 'SDI', 'NSDI', 'Open Data', 'FGDC', 'Emergency Preparedness', 'Disaster Planning', 'Infrastructure']",https://www.datalumos.org/datalumos/project/239092/version/V2/view,2024-08-28,2025-04-08
.\epa-disaster-debris-recovery-data,epa-disaster-debris-recovery-data,EPA Disaster Debris Recovery Data,"The US EPA Disaster Debris Recovery Tool is an interactive dataset that promotes the proper recovery, recycling, and disposal of disaster debris management for planners and emergency responders at the federal, state, tribal and local levels. The dataset include point vector data for over 20,000 composting facilities, demolition contractors, transfer stations, three types of landfills, and recycling facilities for construction and demolition materials, electronics, household hazardous waste, metals, tires, and vehicles in all 50 states as well as Puerto Rico and the U.S. Virgin Islands. These data are also available through a web mapping service.",,Environmental Protection Agency,,"['SEGS', 'DDRT', 'Chemicals', 'EPA', 'solid waste landfill facilities', 'HIFLD', 'Feature Service', 'SDI', 'NSDI', 'Open Data', 'FGDC', 'Emergency Preparedness', 'Disaster Planning', 'Infrastructure']",https://www.datalumos.org/datalumos/project/239102/version/V1/view,2024-03-28,2025-08-05
.\epa-emergency-response-rmp-facilities,epa-emergency-response-rmp-facilities,EPA Emergency Response (ER) Risk Management Plan (RMP) Facilities,"This web feature service contains location and facility identification information from EPA's Facility Registry Service (FRS) for the subset of facilities that link to the Risk Management Plan (RMP) System. The Risk Management Plan (RMP) database stores the risk management plans reported by companies that handle, manufacture, use, or store certain flammable or toxic substances, as required under section 112(r) of the Clean Air Act (CAA). FRS identifies and geospatially locates facilities, sites or places subject to environmental regulations or of environmental interest. Using vigorous verification and data management procedures, FRS integrates facility data from EPA's national program systems, other federal agencies, and State and tribal master facility records and provides EPA with a centrally managed, single source of comprehensive and authoritative information on facilities. This data set contains the subset of FRS integrated facilities that link to RMP facilities once the RMP data has been integrated into the FRS database. Additional information on FRS is available at the EPA website https://www.epa.gov/enviro/facility-registry-service-frs.","U.S. Environmental Protection Agency, Office of Environmental Information",Environmental Protection Agency,Office of Environmental Information,"['Environment', 'Location', 'Structure', 'Air', 'Cleanup', 'Compliance', 'Drinking Water', 'Facilities', 'Regulatory', 'Remediation', 'American Samoa', 'Puerto Rico', 'United States', 'IT / Data Management (Science and Technology', 'Environmental Programs and Management', 'Superfund', 'Leaking Underground Storage Tanks)']",https://www.datalumos.org/datalumos/project/239122/version/V1/view,2024-06-28,2025-08-10
.\epa-facilities,epa-facilities,EPA Facilities,"Shared Enterprise Geodata and Services (SEGS) provides an EPA-curated collection of recommended geodata assets that are nationally relevant and support the Agency’s mission to protect human health and the environment. By connecting EPA users with curated datasets and promoting service reuse, SEGS aims to enhance information access, reduce data-storage costs, and improve the consistency and quality of data at the US EPA. This web service contains EPA facilities, EPA facilities labels, small- and large-scale versions of EPA region boundaries, and EPA region boundaries extended to the 200nm Exclusive Economic Zone (EEZ). Small scale EPA boundaries and boundaries extended to the EEZ render at scales of less than 5 million, large scale EPA boundaries draw at scales greater than or equal to 5 million. EPA facilities labels draw at scales greater than 2 million. Data used to create this web service are available as a separate download at the Secondary Linkage listed above. Full FGDC metadata records for each layer may be found by clicking the layer name in the web service table of contents (available through the online link provided above) and viewing the layer description. This dataset was produced by EPA through the Office of Environmental Information.",,Environmental Protection Agency,Office of Environmental Information,"['EPA', 'OEI', 'Government', 'HIFLD', 'Feature Service', 'SDI', 'NSDI', 'Open Data', 'FGDC', 'Emergency Preparedness', 'Disaster Planning', 'Infrastructure']",https://www.datalumos.org/datalumos/project/239124/version/V1/view,2024-03-29,2025-05-14
.\epa-facilities-labels,epa-facilities-labels,EPA Facilities (Labels),"Shared Enterprise Geodata and Services (SEGS) provides an EPA-curated collection of recommended geodata assets that are nationally relevant and support the Agency’s mission to protect human health and the environment. By connecting EPA users with curated datasets and promoting service reuse, SEGS aims to enhance information access, reduce data-storage costs, and improve the consistency and quality of data at the US EPA. This web service contains EPA facilities, EPA facilities labels, small- and large-scale versions of EPA region boundaries, and EPA region boundaries extended to the 200nm Exclusive Economic Zone (EEZ). Small scale EPA boundaries and boundaries extended to the EEZ render at scales of less than 5 million, large scale EPA boundaries draw at scales greater than or equal to 5 million. EPA facilities labels draw at scales greater than 2 million. Data used to create this web service are available as a separate download at the Secondary Linkage listed above. Full FGDC metadata records for each layer may be found by clicking the layer name in the web service table of contents (available through the online link provided above) and viewing the layer description. This dataset was produced by EPA through the Office of Environmental Information.",,Environmental Protection Agency,,"['EPA', 'OEI', 'Government', 'HIFLD', 'Feature Service', 'SDI', 'NSDI', 'Open Data', 'FGDC', 'Emergency Preparedness', 'Disaster Planning', 'Infrastructure']",https://www.datalumos.org/datalumos/project/239106/version/V1/view,2024-03-29,2025-05-14
.\epa-frs-eia-860-power-generation-facilities-by-source,epa-frs-eia-860-power-generation-facilities-by-source,EPA Facility Registry Service - EIA-860 Power Generation Facilities By Source,"The Facility Registry Service (FRS) provides quality facility data to support EPA's mission of protecting human health and the environment by identifying and geospatially locating facilities, sites, or places subject to environmental regulations of environmental interest. Facility data is improved with geospatial processing of incoming data and data curation tools to provide an integrated, dataset to partners and the public through a variety of methods and products. For more detailed information about these facilities, use the FRS Query tool. US Power Generation Facilities, compiled from most-current (as of June 2014) Energy Information Administration EIA-860 powerplant data, together with EPA FRS data.",,Environmental Protection Agency,,"['EIA', 'FRS', 'EPA', 'Chemicals', 'HIFLD', 'Feature Service', 'SDI', 'NSDI', 'Open Data', 'FGDC', 'Emergency Preparedness', 'Disaster Planning', 'Infrastructure']",https://www.datalumos.org/datalumos/project/241092/version/V1/view,2024-03-28,2025-08-10
.\epa-frs-eia-860-power-generation-facilities-naics-codes,epa-frs-eia-860-power-generation-facilities-naics-codes,EPA Facility Registry Service - EIA-860 Power Generation Facilities NAICS Codes,"The Facility Registry Service (FRS) provides quality facility data to support EPA's mission of protecting human health and the environment by identifying and geospatially locating facilities, sites, or places subject to environmental regulations of environmental interest. Facility data is improved with geospatial processing of incoming data and data curation tools to provide an integrated, dataset to partners and the public through a variety of methods and products. For more detailed information about these facilities, use the FRS Query tool. US Power Generation Facilities, compiled from most-current (as of June 2014) Energy Information Administration EIA-860 powerplant data, together with EPA FRS data.",,Environmental Protection Agency,,"['EIA', 'FRS', 'EPA', 'Chemicals', 'HIFLD', 'Feature Service', 'SDI', 'NSDI', 'Open Data', 'FGDC', 'Emergency Preparedness', 'Disaster Planning', 'Infrastructure']",https://www.datalumos.org/datalumos/project/241091/version/V2/view,2024-03-28,2025-08-10
.\epa-frs-eia-860-power-generation-facilities-sic-codes,epa-frs-eia-860-power-generation-facilities-sic-codes,EPA Facility Registry Service - EIA-860 Power Generation Facilities SIC Codes,"The Facility Registry Service (FRS) provides quality facility data to support EPA's mission of protecting human health and the environment by identifying and geospatially locating facilities, sites, or places subject to environmental regulations of environmental interest. Facility data is improved with geospatial processing of incoming data and data curation tools to provide an integrated, dataset to partners and the public through a variety of methods and products. For more detailed information about these facilities, use the FRS Query tool. US Power Generation Facilities, compiled from most-current (as of June 2014) Energy Information Administration EIA-860 powerplant data, together with EPA FRS data.",,Environmental Protection Agency,,"['EIA', 'FRS', 'EPA', 'Chemicals', 'HIFLD', 'Feature Service', 'SDI', 'NSDI', 'Open Data', 'FGDC', 'Emergency Preparedness', 'Disaster Planning', 'Infrastructure']",https://www.datalumos.org/datalumos/project/241093/version/V1/view,2024-03-28,2025-08-10
.\epa-frs-toxic-release-inventory,epa-frs-toxic-release-inventory,EPA Facility Registry Service (FRS) - Toxic Release Inventory (TRI),"The Facility Registry Service (FRS) provides quality facility data to support EPA's mission of protecting human health and the environment by identifying and geospatially locating facilities, sites, or places subject to environmental regulations of environmental interest. Facility data is improved with geospatial processing of incoming data and data curation tools to provide an integrated, dataset to partners and the public through a variety of methods and products. For more detailed information about these facilities, use the FRS Query tool. This layer provides facility information for the Toxic Release Inventory (TRI). TRI is EPA's publicly available database that contains more than 650 toxic chemicals that are being used by industry groups and federal facilities, manufactured, treated, transported, or released into the environment. For more information on TRI and TRI facilities, visit the TRI Search tool.","U.S. Environmental Protection Agency, Office of Environmental Information",Environmental Protection Agency,Office of Environmental Information,"['EPA', 'TRI', 'Chemicals', 'HIFLD', 'Feature Service', 'SDI', 'NSDI', 'Open Data', 'FGDC', 'Emergency Preparedness', 'Disaster Planning', 'Infrastructure']",https://www.datalumos.org/datalumos/project/239681/version/V1/view,2017-06-02,2025-08-10
.\epa-frs-toxic-substances-control-act-tsca,epa-frs-toxic-substances-control-act-tsca,EPA Facility Registry Service (FRS) - Toxic Substances Control Act (TSCA),"This web feature service contains location and facility identification information from EPA's Facility Registry Service (FRS) for the subset of facilities that link to the Toxic Substances Control Act (TSCA) Chemical Substance Inventory System. Section 8 (b) of the Toxic Substances Control Act (TSCA) requires EPA to compile, keep current and publish a list of each chemical substance that is manufactured or processed, including imports, in the United States for uses under TSCA. Also called the ""TSCA Inventory"" or simply ""the Inventory,"" it plays a central role in the regulation of most industrial chemicals in the United States. FRS identifies and geospatially locates facilities, sites or places subject to environmental regulations or of environmental interest. Using vigorous verification and data management procedures, FRS integrates facility data from EPA's national program systems, other federal agencies, and State and tribal master facility records and provides EPA with a centrally managed, single source of comprehensive and authoritative information on facilities. This data set contains the subset of FRS integrated facilities that link to TSCA facilities once the TSCA data has been integrated into the FRS database. Additional information on FRS is available at the EPA website https://www.epa.gov/enviro/facility-registry-service-frs.",,Environmental Protection Agency,,"['Environment', 'Location', 'Structure', 'Air', 'Cleanup', 'Compliance', 'Drinking Water', 'Facilities', 'Regulatory', 'Remediation', 'American Samoa', 'Puerto Rico', 'United States', 'IT / Data Management (Science and Technology', 'Environmental Programs and Management', 'Superfund', 'Leaking Underground Storage Tanks)']",https://www.datalumos.org/datalumos/project/239682/version/V1/view,2024-05-13,2025-08-10
.\epa-rcra-treatment-storage-and-disposal-facilities,epa-rcra-treatment-storage-and-disposal-facilities,EPA Resource Conservation and Recovery Act Treatment Storage and Disposal (RCRATSD) Facilities,"The Facility Registry Service (FRS) provides quality facility data to support EPA's mission of protecting human health and the environment by identifying and geospatially locating facilities, sites, or places subject to environmental regulations of environmental interest. Facility data is improved with geospatial processing of incoming data and data curation tools to provide an integrated, dataset to partners and the public through a variety of methods and products. For more detailed information about these facilities, use the FRS Query tool.  This layer provides location and facility information for treatment, storage, and disposal sites found in the Resource Conservation and Recovery Act Information System (RCRAInfo). RCRAInfo is the EPA's comprehensive information system which supports the Resource Conservation and Recovery Act of 1976 and the Solid Waste Amendments (HSWA) for 1984. For more information, visit the basics of Hazardous Waste webpage.","U.S. Environmental Protection Agency, Office of Environmental Information",Environmental Protection Agency,Office of Environmental Information,"['Environment', 'Location', 'Structure', 'Air', 'Cleanup', 'Compliance', 'Drinking Water', 'Facilities', 'Regulatory', 'Remediation', 'United States', 'IT / Data Management (Science and Technology', 'Environmental Programs and Management', 'Superfund', 'Leaking Underground Storage Tanks)']",https://www.datalumos.org/datalumos/project/239683/version/V1/view,2017-06-02,2025-08-11
.\epa-region-boundaries-exclusive-economic-zone-eez,epa-region-boundaries-exclusive-economic-zone-eez,EPA Region Boundaries Exclusive Economic Zone (EEZ),"This SEGS web service contains EPA facilities, EPA facilities labels, small- and large-scale versions of EPA region boundaries, and EPA regions extended to the 200nm exclusive economic zone (EEZ). Small scale EPA boundaries render at scales of less than 5 million, large scale EPA boundaries draw at scales greater than or equal to 5 million. EPA facilities labels draw at scales greater than 2 million. This SEGS dataset was produced by EPA's Office of Environmental Information (OEI). Access constraints: None. Use constraints: None. Please check sources, scale, accuracy, currentness and other available information. Please confirm that you are using the most recent copy of both data and metadata. Acknowledgement of the EPA would be appreciated.",U.S. Environmental Protection Agency ,Environmental Protection Agency,,"['EPA', 'OEI', 'Boundaries', 'HIFLD', 'Feature Service', 'SDI', 'NSDI', 'Open Data', 'FGDC', 'Emergency Preparedness', 'Disaster Planning', 'Infrastructure']",https://www.datalumos.org/datalumos/project/239685/version/V1/view,2024-03-06,2025-04-08
.\epa-region-boundaries-with-exclusive-economic-zone,epa-region-boundaries-with-exclusive-economic-zone,EPA Region Boundaries with Exclusive Economic Zone,"Shared Enterprise Geodata and Services (SEGS) provides an EPA-curated collection of recommended geodata assets that are nationally relevant and support the Agency’s mission to protect human health and the environment. By connecting EPA users with curated datasets and promoting service reuse, SEGS aims to enhance information access, reduce data-storage costs, and improve the consistency and quality of data at the US EPA. This web service contains EPA facilities, EPA facilities labels, small- and large-scale versions of EPA region boundaries, and EPA region boundaries extended to the 200nm Exclusive Economic Zone (EEZ). Small scale EPA boundaries and boundaries extended to the EEZ render at scales of less than 5 million, large scale EPA boundaries draw at scales greater than or equal to 5 million. EPA facilities labels draw at scales greater than 2 million. Data used to create this web service are available as a separate download at the Secondary Linkage listed above. Full FGDC metadata records for each layer may be found by clicking the layer name in the web service table of contents (available through the online link provided above) and viewing the layer description. This dataset was produced by EPA through the Office of Environmental Information.",U.S. Environmental Protection Agency ,Environmental Protection Agency,,"['EPA', 'OEI', 'Government', 'HIFLD', 'Feature Service', 'SDI', 'NSDI', 'Open Data', 'FGDC', 'Emergency Preparedness', 'Disaster Planning', 'Infrastructure']",https://www.datalumos.org/datalumos/project/239745/version/V1/view,2024-03-29,2025-05-14
.\epa-regions,epa-regions,Environmental Protection Agency (EPA) Regions,"This SEGS web service contains EPA facilities, EPA facilities labels, small- and large-scale versions of EPA region boundaries, and EPA regions extended to the 200nm exclusive economic zone (EEZ). Small scale EPA boundaries render at scales of less than 5 million, large scale EPA boundaries draw at scales greater than or equal to 5 million. EPA facilities labels draw at scales greater than 2 million. This SEGS dataset was produced by EPA's Office of Environmental Information (OEI). Access constraints: None. Use constraints: None. Please check sources, scale, accuracy, currentness and other available information. Please confirm that you are using the most recent copy of both data and metadata. Acknowledgement of the EPA would be appreciated.",U.S. Environmental Protection Agency ,Environmental Protection Agency,,"['EPA', 'SEGS', 'Boundaries', 'NGDA', 'OEI', 'HIFLD', 'Feature Service', 'SDI', 'NSDI', 'Open Data', 'FGDC', 'Emergency Preparedness', 'Disaster Planning', 'Infrastructure']",https://www.datalumos.org/datalumos/project/239746/version/V1/view,2017-05-30,2025-04-08
.\epa-regions-large-scale-15000000,epa-regions-large-scale-15000000,"EPA Regions Large Scale (> 1:5,000,000)","Shared Enterprise Geodata and Services (SEGS) provides an EPA-curated collection of recommended geodata assets that are nationally relevant and support the Agency’s mission to protect human health and the environment. By connecting EPA users with curated datasets and promoting service reuse, SEGS aims to enhance information access, reduce data-storage costs, and improve the consistency and quality of data at the US EPA. This web service contains EPA facilities, EPA facilities labels, small- and large-scale versions of EPA region boundaries, and EPA region boundaries extended to the 200nm Exclusive Economic Zone (EEZ). Small scale EPA boundaries and boundaries extended to the EEZ render at scales of less than 5 million, large scale EPA boundaries draw at scales greater than or equal to 5 million. EPA facilities labels draw at scales greater than 2 million. Data used to create this web service are available as a separate download at the Secondary Linkage listed above. Full FGDC metadata records for each layer may be found by clicking the layer name in the web service table of contents (available through the online link provided above) and viewing the layer description. This dataset was produced by EPA through the Office of Environmental Information.",U.S. Environmental Protection Agency ,Environmental Protection Agency,,"['EPA', 'OEI', 'Government', 'HIFLD', 'Feature Service', 'SDI', 'NSDI', 'Open Data', 'FGDC', 'Emergency Preparedness', 'Disaster Planning', 'Infrastructure']",https://www.datalumos.org/datalumos/project/239750/version/V1/view,2024-03-29,2025-05-14
.\epa-regions-small-scale-15000001,epa-regions-small-scale-15000001,"EPA Regions Small Scale (< 1:5,000,001)","Shared Enterprise Geodata and Services (SEGS) provides an EPA-curated collection of recommended geodata assets that are nationally relevant and support the Agency’s mission to protect human health and the environment. By connecting EPA users with curated datasets and promoting service reuse, SEGS aims to enhance information access, reduce data-storage costs, and improve the consistency and quality of data at the US EPA. This web service contains EPA facilities, EPA facilities labels, small- and large-scale versions of EPA region boundaries, and EPA region boundaries extended to the 200nm Exclusive Economic Zone (EEZ). Small scale EPA boundaries and boundaries extended to the EEZ render at scales of less than 5 million, large scale EPA boundaries draw at scales greater than or equal to 5 million. EPA facilities labels draw at scales greater than 2 million. Data used to create this web service are available as a separate download at the Secondary Linkage listed above. Full FGDC metadata records for each layer may be found by clicking the layer name in the web service table of contents (available through the online link provided above) and viewing the layer description. This dataset was produced by EPA through the Office of Environmental Information.",U.S. Environmental Protection Agency ,Environmental Protection Agency,Office of Environmental Information,"['EPA', 'OEI', 'Government', 'HIFLD', 'Feature Service', 'SDI', 'NSDI', 'Open Data', 'FGDC', 'Emergency Preparedness', 'Disaster Planning', 'Infrastructure']",https://www.datalumos.org/datalumos/project/241095/version/V1/view,2024-03-29,2025-05-14
.\epa-superfund-enterprise-management-system-sems-sites-1,epa-superfund-enterprise-management-system-sems-sites-1,EPA Superfund Enterprise Management System (SEMS) Sites,"The Facility Registry Service (FRS) provides quality facility data to support EPA's mission of protecting human health and the environment by identifying and geospatially locating facilities, sites, or places subject to environmental regulations of environmental interest. Facility data is improved with geospatial processing of incoming data and data curation tools to provide an integrated, dataset to partners and the public through a variety of methods and products. For more detailed information about these facilities, use the FRS Query tool. This layer provides location and attribute information for Facilities regulated under the Superfund Enterprise Management System (SEMS). SEMS integrates multiple legacy systems (e.g. CERCLIS, ICTS, SDMS) into a comprehensive inventory of active and archived hazardous waste sites evaluated by the Superfund program. It contains sites that are either proposed to be, or are on, the National Priorities List (NPL) as well as sites that are in the screening and assessment phase for possible inclusion in the NPL.","U.S. Environmental Protection Agency, Office of Environmental Information",Environmental Protection Agency,Office of Environmental Information,"['Environment', 'Location', 'Structure', 'Air', 'Cleanup', 'Compliance', 'Drinking Water', 'Facilities', 'Regulatory', 'Remediation', 'United States', 'IT / Data Management (Science and Technology', 'Environmental Programs and Management', 'Superfund', 'Leaking Underground Storage Tanks)']",https://www.datalumos.org/datalumos/project/241096/version/V1/view,2017-06-02,2025-08-10
.\ethanol-plants-1,ethanol-plants-1,Ethanol Plants,"The attribute data for this point dataset come from EIA's U.S. Fuel Ethanol Plant Production Capacity report, which is sourced from U.S. Energy Information Administration, Form EIA-819, Monthly Report of Biofuels, Fuels from Non-Biogenic Wastes, Fuel Oxygenates, Isooctane, and Isooctene. Fuel Ethanol production capacity is intended to measure estimated gallons of fuel alcohol that a plant is capable of producing over a period of one year (365 consecutive days) starting on the first day of each report month.Production capacity in million gallons per year (MMgal/year).The facility location data represent the approximate location based on research of publicly available information from sources such as Federal agencies, company websites, and satellite images on public websites.",,Department of Energy,,"['ethanol', 'renewable', 'production', 'Energy', 'infrastructure', 'EIA', 'HIFLD', 'Feature Service', 'SDI', 'NSDI', 'Open Data', 'FGDC', 'Emergency Preparedness', 'Disaster Planning', 'Infrastructure']",https://www.datalumos.org/datalumos/project/241097/version/V1/view,2024-06-25,2024-10-31
.\fdic-insured-banks,fdic-insured-banks,FDIC Insured Banks,"The annual Summary of Deposits (SOD) survey data provides a number of opportunities to better understand the status of our banking system. With the holistic aggregations of the Summary Tables, the geographically sensitive Market Share Reports, and the institution-centric Branch Office Deposits, you will be able to see a clear view of where the deposits are and how they changed over time. The Summary of Deposits (SOD) application will be discontinued by the end of 2024. A new and improved SOD application is being developed and is available for preview now. Explore the latest beta version of the application https://banks.data.fdic.gov/bankfind-suite/SOD. The Deposit Market Share is the percentage of deposits an FDIC-insured institution has within a defined geographic market. This data is based on the annual Summary of Deposits (SOD) survey for FDIC-insured institutions as of June 30. The Deposit Market Share and the Pro Forma (HHI) Reports provide information for all institutions within a specific geographic market for a specific time period. The Market Presence and Growth Rate Reports provide similar information, but from the perspective of one institution. All reports provide data back to 1994 and are available by institution or bank holding company.","FDIC Division of Insurance and Research, Data Collection and/or Structure Revisions Reports Analysis & Quality Control Section, Senior Financial Analyst",Federal Deposit Insurance Corporation,,"['US Virgin Islands', 'Banks', 'HIFLD Open - Finance', 'Banking', 'SOD', 'FDIC', 'Continental United States', 'Puerto Rico', 'Federal Deposit Insurance Corporation', 'Northern Marianas', 'Financial Services', 'HIFLD Open', 'Alaska', 'Guam', 'Hawaii', 'Summary of Deposits', 'American Samoa', 'CONUS']",https://www.datalumos.org/datalumos/project/239128/version/V1/view,2019-02-01,2024-04-24
.\federal-emergency-management-agency-fema-regional-offices,federal-emergency-management-agency-fema-regional-offices,Federal Emergency Management Agency (FEMA) Regional Offices,"Regional Headquarters Offices manage, operate and maintain all delegated programs, functions and activities not managed, operated or maintained by headquarters organizational units. The FEMA Regional Offices serve as the primary organizational unit for liaison to states and local governments within each region, and non-governmental and private sector entities within each Regional Office's geographical area.",,Federal Emergency Management Agency,,"['Emergency Services', 'HIFLD', 'Feature Service', 'SDI', 'NSDI', 'Open Data', 'FGDC', 'Emergency Preparedness', 'Disaster Planning', 'Infrastructure']",https://www.datalumos.org/datalumos/project/239129/version/V1/view,2019-04-09,2025-04-08
.\federal-emergency-management-agency-fema-regions,federal-emergency-management-agency-fema-regions,Federal Emergency Management Agency (FEMA) Regions,"Regional Offices manage, operate and maintain all delegated programs, functions and activities not managed, operated or maintained by headquarters organizational units. The FEMA Regional Offices serve as the primary organizational unit for liaison to states and local governments within each region, and non-governmental and private sector entities within each Regional Office's geographical area",,Federal Emergency Management Agency,,"['Emergency Services', 'HIFLD', 'Feature Service', 'SDI', 'NSDI', 'Open Data', 'FGDC', 'Emergency Preparedness', 'Disaster Planning', 'Infrastructure']",https://www.datalumos.org/datalumos/project/239130/version/V1/view,2019-04-09,2025-04-08
.\ferc-regions,ferc-regions,FERC Regions,"This feature class/shapefile represents Federal Energy Regulatory Commission (FERC) Regions. FERC is an independent agency that regulates the interstate transmission of electricity, natural gas, and oil. The vector polygons in this layer represent the regions that are served by FERC Regional Offices. There are no changes to geometry or attribution in this layer since the previous version.",,Department of Energy,Federal Energy Regulatory Commission,"['HIFLD OPEN', 'energy', 'FERC Regions', 'HIFLD', 'Feature Service', 'SDI', 'NSDI', 'Open Data', 'FGDC', 'Emergency Preparedness', 'Disaster Planning', 'Infrastructure']",https://www.datalumos.org/datalumos/project/239062/version/V1/view,2022-12-08,2024-04-25
.\ferrous-metal-mines,ferrous-metal-mines,Ferrous Metal Mines,"This data set includes ferrous metal mines in the United States. The data represent commodities covered by the Minerals Information Team (MIT) of the U.S. Geological Survey, and the operations are those considered active in 2003 and surveyed by the MIT. This is a replacement for the November 1998 map layer.The data is legacy and not expected to be updated. It is being provided as the best available until Mineral Resources identifies an alternative data source.","USGS, National Atlas of the United States",US Geological Survey,,"['Economy', 'Iron', 'Processing Plants', 'Nickel', 'Mining Operations', 'Minerals Operations', 'Ferrous Metals', 'Minerals', 'Cobalt', 'Mines', 'Rhenium', 'Molybdenum', 'HIFLD', 'Feature Service', 'SDI', 'NSDI', 'Open Data', 'FGDC', 'Emergency Preparedness', 'Disaster Planning', 'Infrastructure']",https://www.datalumos.org/datalumos/project/239022/version/V1/view,2017-12-18,2024-04-09
.\ferrous-metal-processing-plants,ferrous-metal-processing-plants,Ferrous Metal Processing Plants,"This data set includes ferrous metal processing plants in the United States. The data represent commodities covered by the Minerals Information Team (MIT) of the U.S. Geological Survey, and the operations are those considered active in 2003 and surveyed by the MIT. This is a replacement for the November 1998 map layer.The data is legacy and not expected to be updated. It is being provided as the best available until Mineral Resources identifies an alternative data source.",U.S. Geological Survey,US Geological Survey,,"['Continental United States', 'USA', 'Manganese', 'Cobalt', 'Ferrous Metals', 'Tantalum', 'Economy', 'Minerals Operations', 'Columbium', 'Processing Plants', 'Nickel', 'Mines', 'Chromium', 'Rhenium', 'Tungsten', 'Iron', 'Molybdenum', 'Minerals', 'Silicon', 'HIFLD', 'Feature Service', 'SDI', 'NSDI', 'Open Data', 'FGDC', 'Emergency Preparedness', 'Disaster Planning', 'Infrastructure']",https://www.datalumos.org/datalumos/project/239023/version/V1/view,2017-12-18,2024-04-09
.\ferry-routes-1,ferry-routes-1,Ferry Routes,"The National Census of Ferry Operators (NCFO) Routes dataset was collected through December 31, 2020 and compiled on October 16, 2024 from the Bureau of Transportation Statistics (BTS) and is part of the U.S. Department of Transportation (USDOT)/Bureau of Transportation Statistics (BTS) National Transportation Atlas Database (NTAD). The Ferry Routes dataset represents all ferry routes from operators that provided responses to the 2020 National Census of Ferry Operators. Areas covered by the dataset include the 50 states as well as the territories of Puerto Rico, the United States Virgin Island, and American Samoa. Each segment in the dataset connects to two terminals from the Ferry Terminals dataset, describing the route ferries travel between them. Route geometries were determined using GPS points from Automatic Identification System data, as well existing government datasets from the Census Bureau, the US Geological Survey, the National Oceanic and Atmospheric Association, and the US Army Corps of Engineers. Other routes were determined using least-cost analysis.",Bureau of Transportation Statistics (BTS),Bureau of Transportation Statistics,,"['NTAD', 'NCFO', 'National Transportation Atlas Database', 'linear Marine', 'Maritime', 'Ferry Terminals', 'Passenger Ferries', 'National Census of Ferry Operators', 'Transportation Water', 'BTS', 'USGS', 'USACE', 'NOAA', 'HIFLD', 'Feature Service', 'SDI', 'NSDI', 'Open Data', 'FGDC', 'Emergency Preparedness', 'Disaster Planning', 'Infrastructure']",https://www.datalumos.org/datalumos/project/239025/version/V1/view,2022-04-20,2024-10-22
.\ferry-terminals,ferry-terminals,Ferry Terminals,"The National Census of Ferry Operators (NCFO) Terminals dataset was collected through December 31, 2020 and compiled on October 16, 2024 from the Bureau of Transportation Statistics (BTS) and is part of the U.S. Department of Transportation (USDOT)/Bureau of Transportation Statistics (BTS) National Transportation Atlas Database (NTAD). The Ferry Terminals dataset represents all ferry terminals from operators that provided responses to the 2020 National Census of Ferry Operators. Areas covered by the dataset include the 50 states as well as the territories of Puerto Rico, the United States Virgin Island, and American Samoa. The terminals represent departure and arrival locations for ferry segments in the NCFO. As part of the NCFO questionnaire, respondents were asked terminal name, city, and state. From this information, longitude and latitudes were obtained through open, online searches that include operator websites and map platforms such as Google Maps and Open Street Maps. As a result, termina sometimes do not represent the exact location where ferry vessels dock but may represent other locations such as the operator’s business location or alternative docking locations. However, whenever possible, the terminal locations represent departure and arrival points for that ferry segment. Each terminal contains information about its operation and ownership status, in addition to geographic location and transportation connections, whenever operators provided this information.",Bureau of Transportation Statistics (BTS),Bureau of Transportation Statistics (BTS),,"['NTAD', 'NCFO', 'National Transportation Atlas Database', 'Marine', 'Maritime', 'Ferry Segments', 'Ferry Routes', 'Passenger Ferries', 'National Census of Ferry Operators', 'Transportation Water', 'BTS', 'USGS', 'USACE', 'NOAA', 'HIFLD', 'Feature Service', 'SDI', 'NSDI', 'Open Data', 'FGDC', 'Emergency Preparedness', 'Disaster Planning', 'Infrastructure']",https://www.datalumos.org/datalumos/project/239026/version/V2/view,2024-02-23,2024-10-30
.\final-critical-habitat-features,final-critical-habitat-features,Final Critical Habitat Features,"When a species is proposed for listing as endangered or threatened under the Endangered Species Act, the U.S. Fish and Wildlife Service must consider whether there are areas of habitat believed to be essential the species’ conservation. Those areas may be proposed for designation as “critical habitat.” Critical habitat is a term defined and used in the Act. It is a specific geographic area(s) that contains features essential for the conservation of a threatened or endangered species and that may require special management and protection. Critical habitat may include an area that is not currently occupied by the species but that will be needed for its recovery. An area is designated as “critical habitat” after the Service publishes a proposed Federal regulation in the Federal Register and receives and considers public comments on the proposal. The final boundaries of the critical habitat are also published in the Federal Register. Critical habitat are areas considered essential for the conservation of a listed species. Federal agencies are required to consult with the U.S. Fish and Wildlife Service on actions they carry out, fund, or authorize to ensure that their actions will not destroy or adversely modify critical habitat. These areas provide notice to the public and land managers of the importance of these areas to the conservation of a listed species. Special protections and/or restrictions are possible in areas where Federal funding, permits, licenses, authorizations, or actions occur or are required.",,US Fish and Wildlife Service,,"['USFWS Critical Habitat', 'United States Fish and Wildlife Service', 'Fish and Wildlife Service', 'Fish and Wildlife', 'USFWS', 'Critical Habitat', 'Endangered Species', 'Threatened Species', 'Endangered', 'ecology', 'landscape', 'HIFLD', 'Feature Service', 'SDI', 'NSDI', 'Open Data', 'FGDC', 'Emergency Preparedness', 'Disaster Planning', 'Infrastructure']",https://www.datalumos.org/datalumos/project/239027/version/V1/view,2024-04-08,2025-08-07
.\fire-and-emergency-medical-service-ems-stations,fire-and-emergency-medical-service-ems-stations,Fire and Emergency Medical Service (EMS) Stations,"USGS Structures from The National Map consists of data to include the name, function, location, and other core information and characteristics of selected manmade facilities. The types of structures collected are largely determined by the needs of disaster planning and emergency response, and homeland security organizations. Structures currently being collected are: School, Technical/Trade School, College/University, Fire Station/EMS Station, Law Enforcement/Police Station, Prison/Correctional Facility, State Capitol, Hospital/Medical Center, Ambulance Service, Cemetery, Post Office, Campground, Trailhead, and Visitor/Information Center. Structures data are designed to be used in general mapping and in the analysis of structure related activities using geographic information system technology. The National Map structures data is commonly combined with other data themes, such as boundaries, elevation, hydrography, and transportation, to produce general reference base maps. The National Map download client allows free downloads of public domain structures data in either Esri File Geodatabase or Shapefile formats. For additional information on the structures data model, go to https://www.usgs.gov/core-science-systems/ngp/tnm-corps/structures. See https://apps.nationalmap.gov/help/ for assistance with The National Map viewer, download client, services, or metadata. Data Refreshed January, 2025",,US Geological Survey,,"['NGDA', 'fire', 'ems', 'ambulance', 'US', 'NGP-TNM', 'REST', 'WMS', 'WFS', 'Emergency Services', 'USGS', 'TNM', 'HIFLD', 'Feature Service', 'SDI', 'NSDI', 'Open Data', 'FGDC', 'Emergency Preparedness', 'Disaster Planning', 'Infrastructure']",https://www.datalumos.org/datalumos/project/239161/version/V1/view,2024-03-12,2025-04-08
.\floating-docks-usace-ienc,floating-docks-usace-ienc,Floating Docks (USACE IENC),"The USACE IENCs coverage area consists of 7,260 miles across 21 rivers primarily located in the Central United States. IENCs apply to inland waterways that are maintained for navigation by USACE for shallow-draft vessels (e.g., maintained at a depth of 9-14 feet, dependent upon the waterway project authorization). Generally, IENCs are produced for those commercially navigable waterways which the National Oceanic and Atmospheric Administration (NOAA) does not produce Electronic Navigational Charts (ENCs). However, Special Purpose IENCs may be produced in agreement with NOAA.IENC POC: IENC_POC@usace.army.mil",,US Army Corps of Engineers,,"['USCG', 'USACE', 'IENC', 'HIFLD', 'Transportation - Water', 'Feature Service', 'SDI', 'NSDI', 'Open Data', 'FGDC', 'Emergency Preparedness', 'Disaster Planning', 'Infrastructure']",https://www.datalumos.org/datalumos/project/239162/version/V1/view,2024-02-05,2025-04-08
.\floodwalls-usace-ienc-2,floodwalls-usace-ienc-2,Floodwalls (USACE IENC),"The USACE IENCs coverage area consists of 7,260 miles across 21 rivers primarily located in the Central United States. IENCs apply to inland waterways that are maintained for navigation by USACE for shallow-draft vessels (e.g., maintained at a depth of 9-14 feet, dependent upon the waterway project authorization). Generally, IENCs are produced for those commercially navigable waterways which the National Oceanic and Atmospheric Administration (NOAA) does not produce Electronic Navigational Charts (ENCs). However, Special Purpose IENCs may be produced in agreement with NOAA.IENC POC: IENC_POC@usace.army.mil",,US Army Corps of Engineers,,"['USCG', 'USACE', 'IENC', 'HIFLD', 'Transportation - Water', 'Feature Service', 'SDI', 'NSDI', 'Open Data', 'FGDC', 'Emergency Preparedness', 'Disaster Planning', 'Infrastructure']",https://www.datalumos.org/datalumos/project/239163/version/V1/view,2024-02-05,2025-04-08
.\formerly-used-defense-sites-district-boundaries,formerly-used-defense-sites-district-boundaries,Formerly Used Defense Sites (FUDS) Program District Boundaries,"FUDS FY22 and IRM Data. Property and Project geospatial data. Interim Risk Management Data. FUDS Program Division and District Boundaries.

These boundaries depict FUDS Program Districts.",,US Army Corps of Engineers,,"['usace', 'fuds', 'geospatial', 'military', 'HIFLD', 'Feature Service', 'SDI', 'NSDI', 'Open Data', 'FGDC', 'Emergency Preparedness', 'Disaster Planning', 'Infrastructure']",https://www.datalumos.org/datalumos/project/239170/version/V1/view,2020-03-27,2025-08-04
.\formerly-used-defense-sites-division-boundaries,formerly-used-defense-sites-division-boundaries,Formerly Used Defense Sites (FUDS) Program Division Boundaries,FUDS FY22 and IRM Data. Property and Project geospatial data. Interim Risk Management Data. FUDS Program Division and District Boundaries.,,US Army Corps of Engineers,,"['usace', 'fuds', 'geospatial', 'military', 'HIFLD', 'Feature Service', 'SDI', 'NSDI', 'Open Data', 'FGDC', 'Emergency Preparedness', 'Disaster Planning', 'Infrastructure']",https://www.datalumos.org/datalumos/project/239285/version/V1/view,2020-03-29,2025-08-04
.\formerly-used-defense-sites-projects-points,formerly-used-defense-sites-projects-points,Formerly Used Defense Sites (FUDS) Projects (Points),FUDS FY22 and IRM Data. Property and Project geospatial data. Interim Risk Management Data. FUDS Program Division and District Boundaries.,,US Army Corps of Engineers,,"['usace', 'fuds', 'geospatial', 'military', 'HIFLD', 'Feature Service', 'SDI', 'NSDI', 'Open Data', 'FGDC', 'Emergency Preparedness', 'Disaster Planning', 'Infrastructure']",https://www.datalumos.org/datalumos/project/239736/version/V1/view,2019-06-14,2025-08-04
.\formerly-used-defense-sites-property-boundaries,formerly-used-defense-sites-property-boundaries,Formerly Used Defense Sites (FUDS) Public Property Boundaries,FUDS FY22 and IRM Data. Property and Project geospatial data. Interim Risk Management Data. FUDS Program Division and District Boundaries.,,US Army Corps of Engineers,,"['usace', 'fuds', 'geospatial', 'military', 'HIFLD', 'Feature Service', 'SDI', 'NSDI', 'Open Data', 'FGDC', 'Emergency Preparedness', 'Disaster Planning', 'Infrastructure']",https://www.datalumos.org/datalumos/project/239737/version/V1/view,2019-02-27,2025-08-04
.\formerly-used-defense-sites-public-mrs,formerly-used-defense-sites-public-mrs,Formerly Used Defense Sites (FUDS) Public Munitions Response Sites (MRS),FUDS FY22 and IRM Data. Property and Project geospatial data. Interim Risk Management Data. FUDS Program Division and District Boundaries.,,US Army Corps of Engineers,,"['usace', 'fuds', 'geospatial', 'military', 'HIFLD', 'Feature Service', 'SDI', 'NSDI', 'Open Data', 'FGDC', 'Emergency Preparedness', 'Disaster Planning', 'Infrastructure']",https://www.datalumos.org/datalumos/project/239739/version/V1/view,2024-02-05,2025-08-04
.\formerly-used-defense-sites-public-properties,formerly-used-defense-sites-public-properties,Formerly Used Defense Sites (FUDS) Public Properties,FUDS FY22 and IRM Data. Property and Project geospatial data. Interim Risk Management Data. FUDS Program Division and District Boundaries.,,US Army Corps of Engineers,,"['usace', 'fuds', 'geospatial', 'military', 'HIFLD', 'Feature Service', 'SDI', 'NSDI', 'Open Data', 'FGDC', 'Emergency Preparedness', 'Disaster Planning', 'Infrastructure']",https://www.datalumos.org/datalumos/project/239741/version/V1/view,2019-02-27,2025-08-04
.\frs-interest-contact,frs-interest-contact,FRS INTEREST CONTACT,"This feature service consists of location and facility identification information from EPA's Facility Registry Service (FRS) for all sites that are available in the FRS individual feature layers. Although we have taken all available measures to optimize performance, because this service contains the full universe of FRS regulated facilities, the total data volume may lead to slow performance for many applications. We strongly recommend choosing from one of the feature services below which comprise the FRS major program databases, including: Assessment Cleanup and Redevelopment Exchange System (ACRES) : brownfields sites Air Facility System (AFS) : stationary sources of air pollutionICIS-AIR (AIR) : stationary sources of air pollutionBureau of Indian Affairs (BIA) : schools data on Indian landBase Realignment and Closure (BRAC) facilitiesClean Air Markets Division Business System (CAMDBS) : market-based air pollution control programsComprehensive Environmental Response, Superfund Enterprise Management System (SEMS): hazardous waste sitesIntegrated Compliance Information System (ICIS) : integrated enforcement and compliance informationNational Compliance Database (NCDB) : Federal Insecticide, Fungicide, and Rodenticide Act (FIFRA) and the Toxic Substances Control Act (TSCA)National Pollutant Discharge Elimination System (NPDES) module of ICIS : NPDES surface water permitsRadiation Information Database (RADINFO) : radiation and radioactivity facilitiesRACT/BACT/LAER Clearinghouse (RBLC) : best available air pollution technology requirementsResource Conservation and Recovery Act Information System (RCRAInfo) : tracks generators, transporters, treaters, storers, and disposers of hazardous wasteToxic Release Inventory (TRI) : certain industries that use, manufacture, treat, or transport more than 650 toxic chemicalsEmission Inventory System (EIS) : inventory of large stationary sources and voluntarily-reported smaller sources of air point pollution emittersCountermeasure (SPCC) and facility response plan (FRP) subject facilitiesElectronic Greenhouse Gas Reporting Tool (E-GGRT) : large greenhouse gas emittersEmissions and; Generation Resource Integrated Database (EGRID) : power plantsThe Facility Registry Service (FRS) identifies and geospatially locates facilities, sites or places subject to environmental regulations or of environmental interest. Using vigorous verification and data management procedures, FRS integrates facility data from EPA's national program systems, other federal agencies, and State and tribal master facility records and provides EPA with a centrally managed, single source of comprehensive and authoritative information on facilities. This data set contains the FRS facilities that link to the programs listed above once the program data has been integrated into the FRS database. Additional information on FRS is available at the EPA website https://www.epa.gov/frs. EPA also publishes a download package that includes a file geodatabase, Esri ArcMap map document and an XML file of this metadata record and is refreshed on the same cycle as this service. Full FGDC metadata records for each layer are contained in the database.","U.S. Environmental Protection Agency, Office of Environmental Information",Environmental Protection Agency,Office of Environmental Information,"['FRS', 'EPA', 'Environment', 'Facilities Registry Service']",https://www.datalumos.org/datalumos/project/239255/version/V1/view,2024-03-28,2025-08-10
.\frs-interests,frs-interests,FRS INTERESTS,"This feature service consists of location and facility identification information from EPA's Facility Registry Service (FRS) for all sites that are available in the FRS individual feature layers. Although we have taken all available measures to optimize performance, because this service contains the full universe of FRS regulated facilities, the total data volume may lead to slow performance for many applications. We strongly recommend choosing from one of the feature services below which comprise the FRS major program databases, including: Assessment Cleanup and Redevelopment Exchange System (ACRES) : brownfields sites Air Facility System (AFS) : stationary sources of air pollutionICIS-AIR (AIR) : stationary sources of air pollutionBureau of Indian Affairs (BIA) : schools data on Indian landBase Realignment and Closure (BRAC) facilitiesClean Air Markets Division Business System (CAMDBS) : market-based air pollution control programsComprehensive Environmental Response, Superfund Enterprise Management System (SEMS): hazardous waste sitesIntegrated Compliance Information System (ICIS) : integrated enforcement and compliance informationNational Compliance Database (NCDB) : Federal Insecticide, Fungicide, and Rodenticide Act (FIFRA) and the Toxic Substances Control Act (TSCA)National Pollutant Discharge Elimination System (NPDES) module of ICIS : NPDES surface water permitsRadiation Information Database (RADINFO) : radiation and radioactivity facilitiesRACT/BACT/LAER Clearinghouse (RBLC) : best available air pollution technology requirementsResource Conservation and Recovery Act Information System (RCRAInfo) : tracks generators, transporters, treaters, storers, and disposers of hazardous wasteToxic Release Inventory (TRI) : certain industries that use, manufacture, treat, or transport more than 650 toxic chemicalsEmission Inventory System (EIS) : inventory of large stationary sources and voluntarily-reported smaller sources of air point pollution emittersCountermeasure (SPCC) and facility response plan (FRP) subject facilitiesElectronic Greenhouse Gas Reporting Tool (E-GGRT) : large greenhouse gas emittersEmissions and; Generation Resource Integrated Database (EGRID) : power plantsThe Facility Registry Service (FRS) identifies and geospatially locates facilities, sites or places subject to environmental regulations or of environmental interest. Using vigorous verification and data management procedures, FRS integrates facility data from EPA's national program systems, other federal agencies, and State and tribal master facility records and provides EPA with a centrally managed, single source of comprehensive and authoritative information on facilities. This data set contains the FRS facilities that link to the programs listed above once the program data has been integrated into the FRS database. Additional information on FRS is available at the EPA website https://www.epa.gov/frs. EPA also publishes a download package that includes a file geodatabase, Esri ArcMap map document and an XML file of this metadata record and is refreshed on the same cycle as this service. Full FGDC metadata records for each layer are contained in the database.","U.S. Environmental Protection Agency, Office of Environmental Information",Environmental Protection Agency,Office of Environmental Information,"['FRS', 'EPA', 'Environment', 'Facilities Registry Service']",https://www.datalumos.org/datalumos/project/239256/version/V1/view,2024-03-28,2025-07-27
.\frs-naics,frs-naics,FRS NAICS,"This feature service consists of location and facility identification information from EPA's Facility Registry Service (FRS) for all sites that are available in the FRS individual feature layers. Although we have taken all available measures to optimize performance, because this service contains the full universe of FRS regulated facilities, the total data volume may lead to slow performance for many applications. We strongly recommend choosing from one of the feature services below which comprise the FRS major program databases, including: Assessment Cleanup and Redevelopment Exchange System (ACRES) : brownfields sites Air Facility System (AFS) : stationary sources of air pollutionICIS-AIR (AIR) : stationary sources of air pollutionBureau of Indian Affairs (BIA) : schools data on Indian landBase Realignment and Closure (BRAC) facilitiesClean Air Markets Division Business System (CAMDBS) : market-based air pollution control programsComprehensive Environmental Response, Superfund Enterprise Management System (SEMS): hazardous waste sitesIntegrated Compliance Information System (ICIS) : integrated enforcement and compliance informationNational Compliance Database (NCDB) : Federal Insecticide, Fungicide, and Rodenticide Act (FIFRA) and the Toxic Substances Control Act (TSCA)National Pollutant Discharge Elimination System (NPDES) module of ICIS : NPDES surface water permitsRadiation Information Database (RADINFO) : radiation and radioactivity facilitiesRACT/BACT/LAER Clearinghouse (RBLC) : best available air pollution technology requirementsResource Conservation and Recovery Act Information System (RCRAInfo) : tracks generators, transporters, treaters, storers, and disposers of hazardous wasteToxic Release Inventory (TRI) : certain industries that use, manufacture, treat, or transport more than 650 toxic chemicalsEmission Inventory System (EIS) : inventory of large stationary sources and voluntarily-reported smaller sources of air point pollution emittersCountermeasure (SPCC) and facility response plan (FRP) subject facilitiesElectronic Greenhouse Gas Reporting Tool (E-GGRT) : large greenhouse gas emittersEmissions and; Generation Resource Integrated Database (EGRID) : power plantsThe Facility Registry Service (FRS) identifies and geospatially locates facilities, sites or places subject to environmental regulations or of environmental interest. Using vigorous verification and data management procedures, FRS integrates facility data from EPA's national program systems, other federal agencies, and State and tribal master facility records and provides EPA with a centrally managed, single source of comprehensive and authoritative information on facilities. This data set contains the FRS facilities that link to the programs listed above once the program data has been integrated into the FRS database. Additional information on FRS is available at the EPA website https://www.epa.gov/frs. EPA also publishes a download package that includes a file geodatabase, Esri ArcMap map document and an XML file of this metadata record and is refreshed on the same cycle as this service. Full FGDC metadata records for each layer are contained in the database.","U.S. Environmental Protection Agency, Office of Environmental Information",Environmental Protection Agency,Office of Environmental Information,"['FRS', 'EPA', 'Environment', 'Facilities Registry Service']",https://www.datalumos.org/datalumos/project/239257/version/V1/view,2024-03-28,2025-08-10
.\frs-sic,frs-sic,FRS SIC,"This feature service consists of location and facility identification information from EPA's Facility Registry Service (FRS) for all sites that are available in the FRS individual feature layers. Although we have taken all available measures to optimize performance, because this service contains the full universe of FRS regulated facilities, the total data volume may lead to slow performance for many applications. We strongly recommend choosing from one of the feature services below which comprise the FRS major program databases, including: Assessment Cleanup and Redevelopment Exchange System (ACRES) : brownfields sites Air Facility System (AFS) : stationary sources of air pollutionICIS-AIR (AIR) : stationary sources of air pollutionBureau of Indian Affairs (BIA) : schools data on Indian landBase Realignment and Closure (BRAC) facilitiesClean Air Markets Division Business System (CAMDBS) : market-based air pollution control programsComprehensive Environmental Response, Superfund Enterprise Management System (SEMS): hazardous waste sitesIntegrated Compliance Information System (ICIS) : integrated enforcement and compliance informationNational Compliance Database (NCDB) : Federal Insecticide, Fungicide, and Rodenticide Act (FIFRA) and the Toxic Substances Control Act (TSCA)National Pollutant Discharge Elimination System (NPDES) module of ICIS : NPDES surface water permitsRadiation Information Database (RADINFO) : radiation and radioactivity facilitiesRACT/BACT/LAER Clearinghouse (RBLC) : best available air pollution technology requirementsResource Conservation and Recovery Act Information System (RCRAInfo) : tracks generators, transporters, treaters, storers, and disposers of hazardous wasteToxic Release Inventory (TRI) : certain industries that use, manufacture, treat, or transport more than 650 toxic chemicalsEmission Inventory System (EIS) : inventory of large stationary sources and voluntarily-reported smaller sources of air point pollution emittersCountermeasure (SPCC) and facility response plan (FRP) subject facilitiesElectronic Greenhouse Gas Reporting Tool (E-GGRT) : large greenhouse gas emittersEmissions and; Generation Resource Integrated Database (EGRID) : power plantsThe Facility Registry Service (FRS) identifies and geospatially locates facilities, sites or places subject to environmental regulations or of environmental interest. Using vigorous verification and data management procedures, FRS integrates facility data from EPA's national program systems, other federal agencies, and State and tribal master facility records and provides EPA with a centrally managed, single source of comprehensive and authoritative information on facilities. This data set contains the FRS facilities that link to the programs listed above once the program data has been integrated into the FRS database. Additional information on FRS is available at the EPA website https://www.epa.gov/frs. EPA also publishes a download package that includes a file geodatabase, Esri ArcMap map document and an XML file of this metadata record and is refreshed on the same cycle as this service. Full FGDC metadata records for each layer are contained in the database.","U.S. Environmental Protection Agency, Office of Environmental Information",Environmental Protection Agency,Office of Environmental Information,"['FRS', 'EPA', 'Environment', 'Facilities Registry Service']",https://www.datalumos.org/datalumos/project/239258/version/V1/view,2024-03-28,2025-08-10
.\generalized-units-1,generalized-units-1,Generalized Units,"This Coastal Barrier Resources System (CBRS) data set, produced by the U.S. Fish and Wildlife Service (Service), contains areas designated as undeveloped coastal barriers in accordance with the Coastal Barrier Resources Act (CBRA), 16 U.S.C. 3501 et seq., as amended. The boundaries used to create the polygons herein were compiled from the official John H. Chafee Coastal Barrier Resources System CBRS maps, which are accessible at the Service’s Headquarters office or https://www.fws.gov/program/coastal-barrier-resources-act/maps-and-data. These digital polygons are only representations of the CBRS boundaries shown on the official CBRS maps and are not to be considered authoritative. The Service is not responsible for any misuse or misinterpretation of this digital data set, including use of the data to determine eligibility for federal financial assistance such as federal flood insurance.  As maps are revised, this data set will be updated with the new boundaries. CBRS boundaries viewed using the CBRS Mapper or the shapefile are subject to misrepresentations beyond the Service’s control, including misalignments of the boundaries with third party base layers and mis-projections of spatial data. The official CBRS map is the controlling document and should be consulted for all official determinations. Official determinations are recommended for all properties that are in close proximity (within 20 feet) of a CBRS boundary. For an official determination of whether or not an area or specific property is located within the CBRS, please follow the procedures found at https://www.fws.gov/service/coastal-barrier-resources-system-property-documentation. For any questions regarding the CBRS, please contact your local Service field office or email CBRA@fws.gov. Contact information for Service field offices can be found at https://www.fws.gov/our-facilities.Data Set Contact: U.S. Fish and Wildlife Service Natural Resource Program Center, GIS Team Lead, richard_easterbrook@fws.gov",,US Fish and Wildlife Service,Natural Resource Program Center,"['OPA', 'John H. Chafee', 'Otherwise Protected Area', 'Puerto Rico', 'CBRA', 'Coastal Barrier Resources Act', 'CBRS Unit', 'Coastal Barrier Improvement Act', 'Flood Insurance Prohibition', 'CBRS', 'Coastal Barrier Resources System', 'Coastal Barrier', 'CBIA', 'Ecological Services', 'HQ_ES', 'Boundaries', 'FWS', 'USFWS', 'U.S. Fish and Wildlife Service', 'HIFLD', 'Feature Service', 'SDI', 'NSDI', 'Open Data', 'FGDC', 'Emergency Preparedness', 'Disaster Planning', 'Infrastructure']",https://www.datalumos.org/datalumos/project/239181/version/V1/view,2020-04-27,2025-04-08
.\generating-units-1,generating-units-1,Generating Units,"This feature class/shapefile represents electric power plants. Power plants are all the land and land rights, structures and improvements, boiler or reactor vessel equipment, engines and engine-driven generators, turbo generator units, accessory electric equipment, and miscellaneous power plant equipment are grouped together for each individual facility. Included are the following plant types: hydroelectric dams, fossil fuel (coal, natural gas, or oil), nuclear, solar, wind, geothermal, and biomass.",Oak Ridge National Laboratory,Department of Energy,Oak Ridge National Laboratory,"['emergency response', 'energy infrastructure', 'generation', 'homeland defense', 'homeland security', 'power plants', 'generating units', 'CESER', 'ORNL', 'Energy', 'HIFLD', 'Feature Service', 'SDI', 'NSDI', 'Open Data', 'FGDC', 'Emergency Preparedness', 'Disaster Planning', 'Infrastructure']",https://www.datalumos.org/datalumos/project/239227/version/V1/view,2025-02-19,2025-06-26
.\harbor-administrative-areas-usace-ienc,harbor-administrative-areas-usace-ienc,Harbor Administrative Areas (USACE IENC),"The USACE IENCs coverage area consists of 7,260 miles across 21 rivers primarily located in the Central United States. IENCs apply to inland waterways that are maintained for navigation by USACE for shallow-draft vessels (e.g., maintained at a depth of 9-14 feet, dependent upon the waterway project authorization). Generally, IENCs are produced for those commercially navigable waterways which the National Oceanic and Atmospheric Administration (NOAA) does not produce Electronic Navigational Charts (ENCs). However, Special Purpose IENCs may be produced in agreement with NOAA.  IENC POC: IENC_POC@usace.army.mil",,US Army Corps of Engineers,,"['USCG', 'USACE', 'IENC', 'HIFLD', 'Transportation - Water', 'Feature Service', 'SDI', 'NSDI', 'Open Data', 'FGDC', 'Emergency Preparedness', 'Disaster Planning', 'Infrastructure']",https://www.datalumos.org/datalumos/project/239281/version/V1/view,2018-02-21,2025-04-08
.\harbor-facility-areas-usace-ienc-1,harbor-facility-areas-usace-ienc-1,Harbor Facility Areas (USACE IENC),"The USACE IENCs coverage area consists of 7,260 miles across 21 rivers primarily located in the Central United States. IENCs apply to inland waterways that are maintained for navigation by USACE for shallow-draft vessels (e.g., maintained at a depth of 9-14 feet, dependent upon the waterway project authorization). Generally, IENCs are produced for those commercially navigable waterways which the National Oceanic and Atmospheric Administration (NOAA) does not produce Electronic Navigational Charts (ENCs). However, Special Purpose IENCs may be produced in agreement with NOAA.  IENC POC: IENC_POC@usace.army.mil",,US Army Corps of Engineers,,"['USCG', 'USACE', 'IENC', 'HIFLD', 'Transportation - Water', 'Feature Service', 'SDI', 'NSDI', 'Open Data', 'FGDC', 'Emergency Preparedness', 'Disaster Planning', 'Infrastructure']",https://www.datalumos.org/datalumos/project/239225/version/V1/view,2018-02-21,2025-04-08
.\harbor-facility-locations-usace-ienc-1,harbor-facility-locations-usace-ienc-1,Harbor Facility Locations (USACE IENC),"The USACE IENCs coverage area consists of 7,260 miles across 21 rivers primarily located in the Central United States. IENCs apply to inland waterways that are maintained for navigation by USACE for shallow-draft vessels (e.g., maintained at a depth of 9-14 feet, dependent upon the waterway project authorization). Generally, IENCs are produced for those commercially navigable waterways which the National Oceanic and Atmospheric Administration (NOAA) does not produce Electronic Navigational Charts (ENCs). However, Special Purpose IENCs may be produced in agreement with NOAA.IENC POC: IENC_POC@usace.army.mil",,US Army Corps of Engineers,,"['USCG', 'USACE', 'IENC', 'HIFLD', 'Transportation - Water', 'Feature Service', 'SDI', 'NSDI', 'Open Data', 'FGDC', 'Emergency Preparedness', 'Disaster Planning', 'Infrastructure']",https://www.datalumos.org/datalumos/project/239284/version/V1/view,2024-02-05,2025-04-08
.\historic-perimeters-combined-2000-2018-geomac,historic-perimeters-combined-2000-2018-geomac,Historic Perimeters Combined 2000-2018 GeoMAC,"The Geospatial Multi-Agency Coordination Group, or GeoMAC, is an internet-based mapping tool originally designed for fire managers to access online maps of current fire locations and perimeters in the US. Perimeters are submitted to GeoMAC by field offices. The GeoMAC team attributes the perimeters using various sources, and then posts them on the GeoMAC website and to an HTTP site for downloading. This file contains all the latest fire perimeters that were processed by the GeoMAC team between 2000 and 2018. The projection is geographic and the datum is NAD83.",Perimeter data is derived from data produced by GIS specialists working on each incident.,US Geological Survey,Geosciences and Environmental Change Science Center,"['Fire', 'Wildfire', 'Wildland Fire', 'GeoMac', 'GeoMAC Perimeters', 'GeoMAC Historic Perimeters', 'GeoMAC', 'HIFLD', 'Feature Service', 'SDI', 'NSDI', 'Open Data', 'FGDC', 'Emergency Preparedness', 'Disaster Planning', 'Infrastructure']",https://www.datalumos.org/datalumos/project/239364/version/V1/view,2024-09-26,2024-07-17
.\historical-holocene-volcano-locations,historical-holocene-volcano-locations,Historical Holocene Volcano Locations,"The Volcano Locations Database is a global listing of over 1600 volcanoes which includes information on the latitude, longitude, elevation, type of volcano, and last known eruption. These data are from the Smithsonian Institution Global Volcanism Program (GVP), ""Volcanoes of the World"" publication. Please go to their website for additional volcano status and eruption information. More information about volcanoes at NCEI",,Smithsonian Instituton,Global Volcanism Program (GVP),"['NCEI', 'NOAA', 'natural hazards', 'volcano', 'Volcanoes', 'Smithsonian', 'Global Volcanism Program', 'HIFLD', 'Feature Service', 'SDI', 'NSDI', 'Open Data', 'FGDC', 'Emergency Preparedness', 'Disaster Planning', 'Infrastructure']",https://www.datalumos.org/datalumos/project/239127/version/V2/view,2019-04-09,2025-08-12
.\historical-significant-earthquake-locations,historical-significant-earthquake-locations,Historical Significant Earthquake Locations,"The Significant Earthquake Database is a global listing of over 5,700 earthquakes from 2150 BC to the present. A significant earthquake is classified as one that meets at least one of the following criteria: caused deaths, caused moderate damage (approximately $1 million or more), magnitude 7.5 or greater, Modified Mercalli Intensity (MMI) X or greater, or the earthquake generated a tsunami. The database provides information on the date and time of occurrence, latitude and longitude, focal depth, magnitude, maximum MMI intensity, and socio-economic data such as the total number of casualties, injuries, houses destroyed, and houses damaged, and $ dollage damage estimates. References, political geography, and additional comments are also provided for each earthquake. If the earthquake was associated with a tsunami or volcanic eruption, it is flagged and linked to the related tsunami event or significant volcanic eruption. More information about the Significant Earthquake Database at NCEI",NOAA National Centers for Environmental Information,National Oceanic and Atmospheric Administration,National Center for Environmental Information,"['NOAA', 'NCEI', 'natural hazards', 'significant earthquakes', 'earthquake', 'HIFLD', 'Feature Service', 'SDI', 'NSDI', 'Open Data', 'FGDC', 'Emergency Preparedness', 'Disaster Planning', 'Infrastructure']",https://www.datalumos.org/datalumos/project/241122/version/V1/view,2017-06-12,2025-08-12
.\historical-significant-volcanic-event-locations,historical-significant-volcanic-event-locations,Historical Significant Volcanic Event Locations,"The Significant Volcanic Events Database is a global listing of over 800 significant eruptions which includes information on the latitude, longitude, elevation, type of volcano, and last known eruption. A significant eruption is classified as one that meets at least one of the following criteria: caused fatalities, caused moderate damage (approximately $1 million or more), with a Volcanic Explosivity Index (VEI) of 6 or larger, caused a tsunami, or was associated with a major earthquake. For a complete list of current and past activity for all volcanoes on the planet active during the last 10,000 years, please see Smithsonian Institution's Global Volcanism Program (GVP). The database can also be displayed and extracted with the Natural Hazards Interactive Map.More information about Significant Volcanic Events at NCEI",,National Oceanic and Atmospheric Administration,National Center for Environmental Information,"['NOAA', 'NCEI', 'natural hazards', 'volcano', 'Volcanoes', 'significant volcanic eruptions', 'significant volcanic events', 'HIFLD', 'Feature Service', 'SDI', 'NSDI', 'Open Data', 'FGDC', 'Emergency Preparedness', 'Disaster Planning', 'Infrastructure']",https://www.datalumos.org/datalumos/project/241123/version/V1/view,2017-06-12,2025-08-10
.\historical-tsunami-event-locations-,historical-tsunami-event-locations-,Historical Tsunami Event Locations,"Natural hazards such as earthquakes, tsunamis, and volcanoes affect both coastal and inland areas. Long-term data from these events can be used to establish the past record of natural hazard event occurrences, which is important for planning, response, and mitigation of future events. NOAA's National Centers for Environmental Information (NCEI) plays a major role in post-event data collection. The data in this archive is gathered from scientific and scholarly sources, regional and worldwide catalogs, tide gauge reports, individual event reports, and unpublished works. For more information, please see: https://www.ncei.noaa.gov/products/natural-hazardsTo view this service in an interactive mapping application, please see the Global Natural Hazards Data Viewer (NOAA GeoPlatform entry) or Tsunami Events (1850-present) Time-Lapse map viewer.This is a feature layer displaying historical tsunami events from the Global Historical Tsunami Database at NOAA's National Centers for Environmental Information.",,National Oceanic and Atmospheric Administration,National Center for Environmental Information,"['Tsunami', 'Historical', 'Weather', 'HIFLD Natural Hazards', 'HIFLD', 'Feature Service', 'SDI', 'NSDI', 'Open Data', 'FGDC', 'Emergency Preparedness', 'Disaster Planning', 'Infrastructure']",https://www.datalumos.org/datalumos/project/241124/version/V1/view,2017-06-12,2025-08-11
.\historical-tsunami-observations,historical-tsunami-observations,Historical Tsunami Observations,"Natural hazards such as earthquakes, tsunamis, and volcanoes affect both coastal and inland areas. Long-term data from these events can be used to establish the past record of natural hazard event occurrences, which is important for planning, response, and mitigation of future events. NOAA's National Centers for Environmental Information (NCEI) plays a major role in post-event data collection. The data in this archive is gathered from scientific and scholarly sources, regional and worldwide catalogs, tide gauge reports, individual event reports, and unpublished works. For more information, please see: https://www.ncei.noaa.gov/products/natural-hazards To view this dataset in an interactive mapping application, please see the Global Natural Hazards Data Viewer (NOAA GeoPlatform entry).  This is a feature layer displaying historical tsunami observations (also known as tsunami runups) from the Global Historical Tsunami Database at NOAA's National Centers for Environmental Information.",,National Oceanic and Atmospheric Administration,National Center for Environmental Information,"['tsunami', 'natural hazards', 'historical tsunamis', 'NCEI', 'NOAA', 'tsunami runups', 'tsunami observations', 'tide gauges', 'HIFLD', 'Feature Service', 'SDI', 'NSDI', 'Open Data', 'FGDC', 'Emergency Preparedness', 'Disaster Planning', 'Infrastructure']",https://www.datalumos.org/datalumos/project/241125/version/V1/view,2017-06-12,2025-08-11
.\hospitals-3,hospitals-3,Hospitals,"This feature class/shapefile contains locations of Hospitals for 50 US states, Washington D.C., US territories of Puerto Rico, Guam, American Samoa, Northern Mariana Islands, Palau, and Virgin Islands. The dataset only includes hospital facilities based on data acquired from various state departments or federal sources which has been referenced in the SOURCE field. Hospital facilities which do not occur in these sources will be not present in the database. The source data was available in a variety of formats (pdfs, tables, webpages, etc.) which was cleaned and geocoded and then converted into a spatial database. The database does not contain nursing homes or health centers. Hospitals have been categorized into children, chronic disease, critical access, general acute care, long term care, military, psychiatric, rehabilitation, special, and women based on the range of the available values from the various sources after removing similarities.",Oak Ridge National Laboratory,Department of Energy,Oak Ridge National Laboratory,"['homeland security', 'homeland defense', 'emergency response', 'name', 'address', 'type', 'status', 'population', 'facility characteristics', 'hospitals', 'children hospitals', 'helipad', 'specialty hospitals', 'trauma', 'Continental United States', 'USA', 'Hawaii', 'Alaska', 'District of Columbia', 'Puerto Rico', 'American Samoa', 'Guam', 'Northern Mariana Islands', 'Virgin Islands', 'Palau']",https://www.datalumos.org/datalumos/project/239108/view,2024-07-03,2025-03-20
.\hulke-areas-usace-ienc-1,hulke-areas-usace-ienc-1,Hulke Areas (USACE IENC),"The USACE IENCs coverage area consists of 7,260 miles across 21 rivers primarily located in the Central United States. IENCs apply to inland waterways that are maintained for navigation by USACE for shallow-draft vessels (e.g., maintained at a depth of 9-14 feet, dependent upon the waterway project authorization). Generally, IENCs are produced for those commercially navigable waterways which the National Oceanic and Atmospheric Administration (NOAA) does not produce Electronic Navigational Charts (ENCs). However, Special Purpose IENCs may be produced in agreement with NOAA. IENC POC: IENC_POC@usace.army.mil",,US Army Corps of Engineers,,"['USCG', 'USACE', 'IENC', 'HIFLD', 'Transportation - Water', 'Feature Service', 'SDI', 'NSDI', 'Open Data', 'FGDC', 'Emergency Preparedness', 'Disaster Planning', 'Infrastructure']",https://www.datalumos.org/datalumos/workspace?goToPath=/datalumos/239259&goToLevel=project,2024-02-05,2025-04-08
.\hydrocarbon-gas-liquid-pipelines-1,hydrocarbon-gas-liquid-pipelines-1,Hydrocarbon Gas Liquid Pipelines,Major hydrocarbon gas liquids (HGL) pipelines in the United States and selected HGL pipelines in Canada. This data includes interstate trunk lines and selected intrastate lines. Based on publicly available data from a variety of sources (including company websites and media reports) with varying scales and levels of accuracy. Updated January 2020.,,Department of Energy,,"['HGL', 'pipelines', 'Energy', 'infrastructure', 'EIA', 'HIFLD', 'Feature Service', 'SDI', 'NSDI', 'Open Data', 'FGDC', 'Emergency Preparedness', 'Disaster Planning', 'Infrastructure']",https://www.datalumos.org/datalumos/workspace?goToPath=/datalumos/239260&goToLevel=project,2024-06-25,2020-10-21
.\icis-wastewater-treatment-plants,icis-wastewater-treatment-plants,Integrated Compliance Information System (ICIS) Wastewater Treatment Plants,"The Facility Registry Service (FRS) provides quality facility data to support EPA's mission of protecting human health and the environment by identifying and geospatially locating facilities, sites, or places subject to environmental regulations of environmental interest. Facility data is improved with geospatial processing of incoming data and data curation tools to provide an integrated, dataset to partners and the public through a variety of methods and products. For more detailed information about these facilities, use the FRS Query tool. This layer provides location and facility information for wastewater treatment plants from the Integrated Compliance Information System (ICIS). The data are presented with three different view options at the facility level: 1.) display of Publicly Owned Treatment Works and Federal facilities, 2.) Display of all facilities, categorized as Major, Minor and Other/Nonclassified, and 3.) Display of facilities with Combined Sewer Outfalls. ICIS contains all Federal Administrative and Judicial enforcement actions and a subset of the Permit Compliance System (PCS), which supports the National Pollutant Discharge Elimination System (NPDES). To learn more about ICIS click here or use the Enforcement and Compliance History Online (ECHO) database.",,Environmental Protection Agency,Facility Registry Service,"['wastewater', 'waste', 'water', 'sewage', 'treatment', 'FRS', 'ICIS']",https://www.datalumos.org/datalumos/workspace?goToPath=/datalumos/239262&goToLevel=project,2019-02-27,2025-08-10
.\icis-wastewater-treatment-plants-naics-codes,icis-wastewater-treatment-plants-naics-codes,Integrated Compliance Information System (ICIS) Wastewater Treatment Plants NAICS Codes,"The Facility Registry Service (FRS) provides quality facility data to support EPA's mission of protecting human health and the environment by identifying and geospatially locating facilities, sites, or places subject to environmental regulations of environmental interest. Facility data is improved with geospatial processing of incoming data and data curation tools to provide an integrated, dataset to partners and the public through a variety of methods and products. For more detailed information about these facilities, use the FRS Query tool. This layer provides location and facility information for wastewater treatment plants from the Integrated Compliance Information System (ICIS). The data are presented with three different view options at the facility level: 1.) display of Publicly Owned Treatment Works and Federal facilities, 2.) Display of all facilities, categorized as Major, Minor and Other/Nonclassified, and 3.) Display of facilities with Combined Sewer Outfalls. ICIS contains all Federal Administrative and Judicial enforcement actions and a subset of the Permit Compliance System (PCS), which supports the National Pollutant Discharge Elimination System (NPDES). To learn more about ICIS click here or use the Enforcement and Compliance History Online (ECHO) database.",,Environmental Protection Agency,Facility Registry Service,"['wastewater', 'waste', 'water', 'sewage', 'treatment', 'FRS', 'ICIS']",https://www.datalumos.org/datalumos/project/239287/version/V3/view,2019-02-27,2025-08-10
.\icis-wastewater-treatment-plants-sic-codes,icis-wastewater-treatment-plants-sic-codes,Integrated Compliance Information System (ICIS) Wastewater Treatment Plants SIC Codes,"The Facility Registry Service (FRS) provides quality facility data to support EPA's mission of protecting human health and the environment by identifying and geospatially locating facilities, sites, or places subject to environmental regulations of environmental interest. Facility data is improved with geospatial processing of incoming data and data curation tools to provide an integrated, dataset to partners and the public through a variety of methods and products. For more detailed information about these facilities, use the FRS Query tool. This layer provides location and facility information for wastewater treatment plants from the Integrated Compliance Information System (ICIS). The data are presented with three different view options at the facility level: 1.) display of Publicly Owned Treatment Works and Federal facilities, 2.) Display of all facilities, categorized as Major, Minor and Other/Nonclassified, and 3.) Display of facilities with Combined Sewer Outfalls. ICIS contains all Federal Administrative and Judicial enforcement actions and a subset of the Permit Compliance System (PCS), which supports the National Pollutant Discharge Elimination System (NPDES). To learn more about ICIS click here or use the Enforcement and Compliance History Online (ECHO) database.",,Environmental Protection Agency,Facility Registry Service,"['wastewater', 'waste', 'water', 'sewage', 'treatment', 'FRS', 'ICIS']",https://www.datalumos.org/datalumos/project/239290/version/V1/view,2019-02-27,2025-08-10
.\incorporated-places,incorporated-places,Incorporated Places,"Incorporated Places are those reported to the Census Bureau as legally in existence as of the latest Boundary and Annexation Survey (BAS), under the laws of their respective states. An incorporated place is established to provide governmental functions for a concentration of people as opposed to a minor civil division, which generally is created to provide services or administer an area without regard, necessarily, to population. Places always are within a single state or equivalent entity, but may extend across county and county subdivision boundaries. An incorporated place usually is a city, town, village, or borough but can have other legal descriptions. For Census Bureau data tabulation and presentation purposes, incorporated places exclude:1) The boroughs in Alaska (treated as statistical equivalents of counties).2) Towns in the New England states, New York, and Wisconsin (treated as MCDs).3) The boroughs in New York (treated as MCDs).Download: https://www2.census.gov/geo/tiger/TGRGDB24/tlgdb_2024_a_us_substategeo.gdb.zip Layer: Incorporated_PlaceMetadata: https://meta.geo.census.gov/data/existing/decennial/GEO/GPMB/TIGERline/Current_19115/series_tl_2023_place.shp.iso.xml",,Census Bureau,,"['HIFLD', 'Boundaries', 'Places', 'Consolidated City', 'Incorporated Places', 'Census Designated Places', 'National Geospatial Data Asset', 'NGDA', 'Feature Service', 'SDI', 'NSDI', 'Open Data', 'FGDC', 'Emergency Preparedness', 'Disaster Planning', 'Infrastructure']",https://www.datalumos.org/datalumos/project/239291/version/V1/view,2024-08-28,2025-04-08
.\independent-systems-operators,independent-systems-operators,Independent Systems Operators,This feature class/shapefile represents electric power Independent System Operators. Independent System Operators were set up by the Federal Energy Regulatory Commission (FERC) to provide non-discriminatory access to power and to more adequately administer the transmission grid on a regional basis throughout North America. The following updates have been made since the previous release: updated attribution using best available sources.,,Department of Energy,,"['homeland security', 'homeland defense', 'emergency response', 'name', 'electricity', 'power', 'generation', 'Independent System Operators', 'Regional Transmission Organization', 'megawatts', 'peak demand', 'energy infrastructure', 'HIFLD', 'Feature Service', 'SDI', 'NSDI', 'Open Data', 'FGDC', 'Emergency Preparedness', 'Disaster Planning', 'Infrastructure']",https://www.datalumos.org/datalumos/project/239294/version/V1/view,2021-11-08,2022-12-15
.\interim-risk-management-irm-project-boundary,interim-risk-management-irm-project-boundary,Interim Risk Management (IRM) Project Boundary,FUDS FY22 and IRM Data. Property and Project geospatial data. Interim Risk Management Data. FUDS Program Division and District Boundaries.,,US Army Corps of Engineers,,"['usace', 'fuds', 'geospatial', 'military', 'HIFLD', 'Feature Service', 'SDI', 'NSDI', 'Open Data', 'FGDC', 'Emergency Preparedness', 'Disaster Planning', 'Infrastructure']",https://www.datalumos.org/datalumos/project/239299/version/V2/view,2020-03-28,2025-08-04
.\interim-risk-management-irm-property-boundary,interim-risk-management-irm-property-boundary,Interim Risk Management (IRM) Property Boundary,FUDS FY22 and IRM Data. Property and Project geospatial data. Interim Risk Management Data. FUDS Program Division and District Boundaries.,,US Army Corps of Engineers,,"['usace', 'fuds', 'geospatial', 'military', 'HIFLD', 'Feature Service', 'SDI', 'NSDI', 'Open Data', 'FGDC', 'Emergency Preparedness', 'Disaster Planning', 'Infrastructure']",https://www.datalumos.org/datalumos/project/239301/version/V2/view,2020-03-28,2025-08-04
.\interim-risk-management-irm-property-point,interim-risk-management-irm-property-point,Interim Risk Management (IRM) Property Point,FUDS FY22 and IRM Data. Property and Project geospatial data. Interim Risk Management Data. FUDS Program Division and District Boundaries.,,US Army Corps of Engineers,,"['usace', 'fuds', 'geospatial', 'military', 'HIFLD', 'Feature Service', 'SDI', 'NSDI', 'Open Data', 'FGDC', 'Emergency Preparedness', 'Disaster Planning', 'Infrastructure']",https://www.datalumos.org/datalumos/project/239309/version/V1/view,2020-03-27,2025-08-04
.\intermodal-freight-facilities-air-to-truck,intermodal-freight-facilities-air-to-truck,Intermodal Freight Facilities Air-to-Truck,"The Intermodal Freight Facilities - Air-to-Truck dataset was compiled on January 15, 2019 and was updated on February 24, 2020 from the Bureau of Transportation Statistics (BTS) and is part of the U.S. Department of Transportation (USDOT)/Bureau of Transportation Statistics (BTS) National Transportation Atlas Database (NTAD). This dataset includes air to truck intermodal freight facilities for the top 60 airports by total freight moved in 2017. This dataset is one of several layers in the Bureau of Transportation Statistics (BTS) Intermodal Freight Facility Database.",Bureau of Transportation Statistics (BTS),Bureau of Transportation Statistics,,"['NTAD', 'National Transportation Atlas Database', 'Roads', 'Aviation', 'Freight', 'Intermodal', 'Facilities', 'Air', 'Truck', 'Air to Truck', 'Cargo', 'IFF', 'Transportation Ground', 'BTS', 'HIFLD', 'Feature Service', 'SDI', 'NSDI', 'Open Data', 'FGDC', 'Emergency Preparedness', 'Disaster Planning', 'Infrastructure']",https://www.datalumos.org/datalumos/project/239366/version/V1/view,2024-02-23,2024-12-16
.\intermodal-freight-facilities-marine-roll-on-roll-off,intermodal-freight-facilities-marine-roll-on-roll-off,Intermodal Freight Facilities Marine Roll-on/Roll-off,"The Intermodal Freight Facilities - Marine Roll-on/Roll-off dataset was compiled on July 01, 2019 and was updated on July 22, 2022 from the Bureau of Transportation Statistics (BTS), and is part of the U.S. Department of Transportation (USDOT)/Bureau of Transportation Statistics (BTS) National Transportation Atlas Database (NTAD). When available, primary sources for this dataset were the websites of the ports, as well as port operators. Every facility is associated with a port and assumed to be served by both marine and truck, and those facilities which support rail operations, the reporting code for the operating rail company is also identified. The dataset also includes at least one Navigation Unit ID (NAV_UNIT_ID) from the U.S. Army Corps of Engineers (USACE) Port Facilities dataset which is associated with the Ro/Ro terminal. This dataset is one of several layers in the Bureau of Transportation Statistics (BTS) Intermodal Freight Facility Database.",Bureau of Transportation Statistics (BTS),Bureau of Transportation Statistics,,"['NTAD', 'National Transportation Atlas Database', 'Roads', 'Rail', 'Marine', 'Freight', 'Facilities', 'Truck', 'Port', 'Ro/Ro', 'Ro-Ro', 'Roll-On/Roll-Off', 'Intermodal', 'Auto', 'IFF', 'Transportation Water', 'BTS', 'HIFLD', 'Feature Service', 'SDI', 'NSDI', 'Open Data', 'FGDC', 'Emergency Preparedness', 'Disaster Planning', 'Infrastructure']",https://www.datalumos.org/datalumos/project/239382/version/V1/view,2024-02-23,2024-12-16
.\intermodal-freight-facilities-rail-tofc-cofc,intermodal-freight-facilities-rail-tofc-cofc,Intermodal Freight Facilities Rail TOFC/COFC,"The Intermodal Freight Facilities - Rail TOFC/COFC dataset was compiled on December 10, 2018 and was updated on July 22, 2022 from the Bureau of Transportation Statistics (BTS), and is part of the U.S. Department of Transportation (USDOT)/Bureau of Transportation Statistics (BTS) National Transportation Atlas Database (NTAD). When available, the primary sources for this dataset were the websites of the railroads. Every facility is assumed to be served by both rail and truck, and those facilities which support port operations, the name of the port is also identified. The dataset also includes the services provided at each facility (TOFC only, COFC only, or both TOFC and COFC), and the Station Point Location Code (SPLC) associated with the rail facility. This dataset is one of several layers in the Bureau of Transportation Statistics (BTS) Intermodal Freight Facility Database.",Bureau of Transportation Statistics (BTS),Bureau of Transportation Statistics,,"['NTAD', 'National Transportation Atlas Database', 'Freight', 'Facilities', 'Truck', 'Rail', 'Port', 'COFC', 'TOFC', 'Containers', 'Intermodal', 'IFF', 'Transportation Water', 'BTS', 'HIFLD', 'Feature Service', 'SDI', 'NSDI', 'Open Data', 'FGDC', 'Emergency Preparedness', 'Disaster Planning', 'Infrastructure']",https://www.datalumos.org/datalumos/project/239441/version/V1/view,2024-02-23,2024-12-16
.\intermodal-passenger-connectivity-database-ipcd,intermodal-passenger-connectivity-database-ipcd,Intermodal Passenger Connectivity Database (IPCD),"The Intermodal Passenger Connectivity Database (IPCD) dataset was compiled on August 10, 2021 and was updated October 19, 2022 from the Bureau of Transportation Statistics (BTS) and is part of the U.S. Department of Transportation (USDOT)/Bureau of Transportation Statistics (BTS) National Transportation Atlas Database (NTAD). The IPCD is a nationwide database of passenger transportation terminals, with data on the availability of connections among the various scheduled public transportation modes at each facility. The IPCD data covers the following types of passenger transportation terminals/stops: 1. Scheduled airline service airports. 2. Intercity bus stations (includes stations served by regular scheduled intercity bus service such as Greyhound, Trailways, code sharing buses such as Amtrak Thruway feeder buses, supplemental buses that provide additional frequencies along rail routes, and airport bus services from locations that are outside of the airport metropolitan area). 3. Intercity and transit ferry terminals. 4. Light-rail transit stations. 5. Heavy-rail transit stations. 6. Passenger-rail stations on the national rail network served by intercity rail and/or commuter rail services. 7. Bike-share stations belonging to bike-share systems that are open to the general public, IT-automated, and station based (contain hubs to which users can grab and return a bike). The data elements describe the location of the above types of terminals as well as the availability of intercity, commuter, and transit rail; scheduled air service; intercity and transit bus; intercity and transit ferry services; and bike-share availability. Transit bus service locations are not specifically included in the database. However, the status of transit bus as a connecting mode is included for each bike-share facility in the database.",Bureau of Transportation Statistics (BTS),Bureau of Transportation Statistics,,"['NTAD', 'National Transportation Atlas Database', 'Intermodal', 'Passenger', 'Connectivity', 'IPCD', 'Bikeshare', 'Transportation Ground', 'BTS', 'HIFLD', 'Feature Service', 'SDI', 'NSDI', 'Open Data', 'FGDC', 'Emergency Preparedness', 'Disaster Planning', 'Infrastructure']",https://www.datalumos.org/datalumos/project/239384/version/V1/view,2024-02-23,2025-04-30
.\isolated-danger-buoy-point-usace-ienc,isolated-danger-buoy-point-usace-ienc,Isolated Danger Buoy Point (USACE IENC),"The USACE IENCs coverage area consists of 7,260 miles across 21 rivers primarily located in the Central United States. IENCs apply to inland waterways that are maintained for navigation by USACE for shallow-draft vessels (e.g., maintained at a depth of 9-14 feet, dependent upon the waterway project authorization). Generally, IENCs are produced for those commercially navigable waterways which the National Oceanic and Atmospheric Administration (NOAA) does not produce Electronic Navigational Charts (ENCs). However, Special Purpose IENCs may be produced in agreement with NOAA.
 IENC POC: IENC_POC@usace.army.mil",,US Army Corps of Engineers,,"['USCG', 'USACE', 'IENC', 'HIFLD', 'Transportation - Water', 'Feature Service', 'SDI', 'NSDI', 'Open Data', 'FGDC', 'Emergency Preparedness', 'Disaster Planning', 'Infrastructure']",https://www.datalumos.org/datalumos/project/239370/version/V1/view,2020-02-09,2025-04-08
.\lakes-usace-ienc-2,lakes-usace-ienc-2,Lakes (USACE IENC),"The USACE IENCs coverage area consists of 7,260 miles across 21 rivers primarily located in the Central United States. IENCs apply to inland waterways that are maintained for navigation by USACE for shallow-draft vessels (e.g., maintained at a depth of 9-14 feet, dependent upon the waterway project authorization). Generally, IENCs are produced for those commercially navigable waterways which the National Oceanic and Atmospheric Administration (NOAA) does not produce Electronic Navigational Charts (ENCs). However, Special Purpose IENCs may be produced in agreement with NOAA. IENC POC: IENC_POC@usace.army.mil",,US Army Corps of Engineers,,"['USCG', 'USACE', 'IENC', 'HIFLD', 'Transportation - Water', 'Feature Service', 'SDI', 'NSDI', 'Open Data', 'FGDC', 'Emergency Preparedness', 'Disaster Planning', 'Infrastructure']",https://www.datalumos.org/datalumos/project/239378/version/V1/view,2024-02-05,2025-04-08
.\land-mobile-broadcast-towers-1,land-mobile-broadcast-towers-1,Land Mobile Broadcast Towers,"This dataset represents the Land Mobile Broadcast tower locations as recorded by the Federal Communications Commission. Serve as base information for use in GIS systems for general planning, analytical, and research purposes. It is not intended for engineering work or to legally define FCC licensee data or FCC market boundaries. The material in these data and text files are provided as-is. The FCC disclaims all warranties with regard to the contents of these files, including their fitness. In no event shall the FCC be liable for any special, indirect, or consequential damages whatsoever resulting from loss or use, data or profits, whether in connection with the use or performance of the contents of these files, action of contract, negligence, or other action arising out of, or in connection with the use of the contents of these files. It is know that there are some errors in the licensing information - Latitude, Longitude and Ground Elevation data as well as frequency assignment data from which these files were generated. Data source: Federal Communications Commission. Data and details are hosted by HIFLD as received from the data provider.",Federal Communications Commission (FCC),Federal Communications Commission,,"['towers', 'FCC', 'Communications', 'land', 'mobile', 'broadcast', 'utilitiesCommunication', 'HIFLD', 'Feature Service', 'SDI', 'NSDI', 'Open Data', 'FGDC', 'Emergency Preparedness', 'Disaster Planning', 'Infrastructure']",https://www.datalumos.org/datalumos/project/239394/version/V1/view,2024-01-24,2024-07-06
.\land-mobile-commercial-transmission-towers,land-mobile-commercial-transmission-towers,Land Mobile Commercial Transmission Towers,"This dataset represents Land Mobile Commercial transmission tower locations as recorded by the Federal Communications Commission, extracted from the FCC Licensing Database. This serves as base information for use in GIS systems for general planning, analytical, and research purposes. It is not intended for engineering work or to legally define FCC licensee data or FCC market boundaries. The material in these data and text files are provided as-is. The FCC disclaims all warranties with regard to the contents of these files, including their fitness. In no event shall the FCC be liable for any special, indirect, or consequential damages whatsoever resulting from loss or use, data or profits, whether in connection with the use or performance of the contents of these files, action of contract, negligence, or other action arising out of, or in connection with the use of the contents of these files. It is know that there are some errors in the licensing information - Latitude, Longitude and Ground Elevation data as well as frequency assignment data from which these files were generated.",Federal Communications Commission (FCC),Federal Communications Commission,,"['Puerto Rico', 'Hawaii', 'Northern Marianas', 'US Virgin Islands', 'Alaska', 'CONUS', 'Guam', 'HIFLD open', 'HIFLD Communication', 'HIFLD', 'Feature Service', 'SDI', 'NSDI', 'Open Data', 'FGDC', 'Emergency Preparedness', 'Disaster Planning', 'Infrastructure']",https://www.datalumos.org/datalumos/project/239395/version/V1/view,2024-01-24,2024-07-06
.\land-mobile-private-transmission-towers,land-mobile-private-transmission-towers,Land Mobile Private Transmission Towers,"This layer serves as base information for use in GIS systems for general planning, analytical, and research purposes. It is not intended for engineering work or to legally define FCC licensee data or FCC market boundaries. The material in these data and text files are provided as-is. The FCC disclaims all warranties with regard to the contents of these files, including their fitness. In no event shall the FCC be liable for any special, indirect, or consequential damages whatsoever resulting from loss or use, data or profits, whether in connection with the use or performance of the contents of these files, action of contract, negligence, or other action arising out of, or in connection with the use of the contents of these files. It is known that there are some errors in the licensing information - Latitude, Longitude and Ground Elevation data as well as frequency assignment data from which these files were generated.",Federal Communications Commission (FCC),Federal Communications Commission,,"['FCC', 'Land Mobile', 'Transmission Towers', 'Private', 'utilitiesCommunication', 'Hawaii', 'Guam', 'Puerto Rico', 'Alaska', 'U.S. Virgin Islands', 'Northern Marianas', 'Continental United States', 'American Samoa', 'HIFLD', 'Feature Service', 'SDI', 'NSDI', 'Open Data', 'FGDC', 'Emergency Preparedness', 'Disaster Planning', 'Infrastructure']",https://www.datalumos.org/datalumos/project/239397/version/V1/view,2024-01-24,2024-07-06
.\land-region-areas-usace-ienc-2,land-region-areas-usace-ienc-2,Land Region Areas (USACE IENC),"The USACE IENCs coverage area consists of 7,260 miles across 21 rivers primarily located in the Central United States. IENCs apply to inland waterways that are maintained for navigation by USACE for shallow-draft vessels (e.g., maintained at a depth of 9-14 feet, dependent upon the waterway project authorization). Generally, IENCs are produced for those commercially navigable waterways which the National Oceanic and Atmospheric Administration (NOAA) does not produce Electronic Navigational Charts (ENCs). However, Special Purpose IENCs may be produced in agreement with NOAA. IENC POC: IENC_POC@usace.army.mil",,US Army Corps of Engineers,,"['USCG', 'USACE', 'IENC', 'HIFLD', 'Transportation - Water', 'Feature Service', 'SDI', 'NSDI', 'Open Data', 'FGDC', 'Emergency Preparedness', 'Disaster Planning', 'Infrastructure']",https://www.datalumos.org/datalumos/project/239789/version/V1/view,2024-02-05,2025-04-08
.\land-region-locations-usace-ienc,land-region-locations-usace-ienc,Land Region Locations (USACE IENC),"The USACE IENCs coverage area consists of 7,260 miles across 21 rivers primarily located in the Central United States. IENCs apply to inland waterways that are maintained for navigation by USACE for shallow-draft vessels (e.g., maintained at a depth of 9-14 feet, dependent upon the waterway project authorization). Generally, IENCs are produced for those commercially navigable waterways which the National Oceanic and Atmospheric Administration (NOAA) does not produce Electronic Navigational Charts (ENCs). However, Special Purpose IENCs may be produced in agreement with NOAA. IENC POC: IENC_POC@usace.army.mil",,US Army Corps of Engineers,,"['USCG', 'USACE', 'IENC', 'HIFLD', 'Transportation - Water', 'Feature Service', 'SDI', 'NSDI', 'Open Data', 'FGDC', 'Emergency Preparedness', 'Disaster Planning', 'Infrastructure']",https://www.datalumos.org/datalumos/project/239405/version/V1/view,2024-02-05,2025-04-08
.\land-surface-areas-usace-ienc-2,land-surface-areas-usace-ienc-2,Land Surface Areas (USACE IENC),"The USACE IENCs coverage area consists of 7,260 miles across 21 rivers primarily located in the Central United States. IENCs apply to inland waterways that are maintained for navigation by USACE for shallow-draft vessels (e.g., maintained at a depth of 9-14 feet, dependent upon the waterway project authorization). Generally, IENCs are produced for those commercially navigable waterways which the National Oceanic and Atmospheric Administration (NOAA) does not produce Electronic Navigational Charts (ENCs). However, Special Purpose IENCs may be produced in agreement with NOAA. IENC POC: IENC_POC@usace.army.mil",,US Army Corps of Engineers,,"['USCG', 'USACE', 'IENC', 'HIFLD', 'Transportation - Water', 'Feature Service', 'SDI', 'NSDI', 'Open Data', 'FGDC', 'Emergency Preparedness', 'Disaster Planning', 'Infrastructure']",https://www.datalumos.org/datalumos/project/239455/version/V1/view,2024-02-05,2025-04-08
.\landmark-areas-usace-ienc-2,landmark-areas-usace-ienc-2,Landmark Areas (USACE IENC),"The USACE IENCs coverage area consists of 7,260 miles across 21 rivers primarily located in the Central United States. IENCs apply to inland waterways that are maintained for navigation by USACE for shallow-draft vessels (e.g., maintained at a depth of 9-14 feet, dependent upon the waterway project authorization). Generally, IENCs are produced for those commercially navigable waterways which the National Oceanic and Atmospheric Administration (NOAA) does not produce Electronic Navigational Charts (ENCs). However, Special Purpose IENCs may be produced in agreement with NOAA. IENC POC: IENC_POC@usace.army.mil",,US Army Corps of Engineers,,"['USCG', 'USACE', 'IENC', 'HIFLD', 'Transportation - Water', 'Feature Service', 'SDI', 'NSDI', 'Open Data', 'FGDC', 'Emergency Preparedness', 'Disaster Planning', 'Infrastructure']",https://www.datalumos.org/datalumos/project/239456/version/V1/view,2024-02-05,2025-04-08
.\landmark-locations-usace-ienc-2,landmark-locations-usace-ienc-2,Landmark Locations (USACE IENC),"The USACE IENCs coverage area consists of 7,260 miles across 21 rivers primarily located in the Central United States. IENCs apply to inland waterways that are maintained for navigation by USACE for shallow-draft vessels (e.g., maintained at a depth of 9-14 feet, dependent upon the waterway project authorization). Generally, IENCs are produced for those commercially navigable waterways which the National Oceanic and Atmospheric Administration (NOAA) does not produce Electronic Navigational Charts (ENCs). However, Special Purpose IENCs may be produced in agreement with NOAA. IENC POC: IENC_POC@usace.army.mil",,US Army Corps of Engineers,,"['USCG', 'USACE', 'IENC', 'HIFLD', 'Transportation - Water', 'Feature Service', 'SDI', 'NSDI', 'Open Data', 'FGDC', 'Emergency Preparedness', 'Disaster Planning', 'Infrastructure']",https://www.datalumos.org/datalumos/project/239457/version/V1/view,2024-02-05,2025-04-08
.\lateral-beacons-usace-ienc-2,lateral-beacons-usace-ienc-2,Lateral Beacons (USACE IENC),"The USACE IENCs coverage area consists of 7,260 miles across 21 rivers primarily located in the Central United States. IENCs apply to inland waterways that are maintained for navigation by USACE for shallow-draft vessels (e.g., maintained at a depth of 9-14 feet, dependent upon the waterway project authorization). Generally, IENCs are produced for those commercially navigable waterways which the National Oceanic and Atmospheric Administration (NOAA) does not produce Electronic Navigational Charts (ENCs). However, Special Purpose IENCs may be produced in agreement with NOAA. IENC POC: IENC_POC@usace.army.mil",,US Army Corps of Engineers,,"['USCG', 'USACE', 'IENC', 'HIFLD', 'Transportation - Water', 'Feature Service', 'SDI', 'NSDI', 'Open Data', 'FGDC', 'Emergency Preparedness', 'Disaster Planning', 'Infrastructure']",https://www.datalumos.org/datalumos/project/239458/version/V1/view,2024-02-05,2025-04-08
.\lateral-buoys-usace-ienc,lateral-buoys-usace-ienc,Lateral Buoys (USACE IENC),"The USACE IENCs coverage area consists of 7,260 miles across 21 rivers primarily located in the Central United States. IENCs apply to inland waterways that are maintained for navigation by USACE for shallow-draft vessels (e.g., maintained at a depth of 9-14 feet, dependent upon the waterway project authorization). Generally, IENCs are produced for those commercially navigable waterways which the National Oceanic and Atmospheric Administration (NOAA) does not produce Electronic Navigational Charts (ENCs). However, Special Purpose IENCs may be produced in agreement with NOAA.
 IENC POC: IENC_POC@usace.army.mil",,US Army Corps of Engineers,,"['USCG', 'USACE', 'IENC', 'HIFLD', 'Transportation - Water', 'Feature Service', 'SDI', 'NSDI', 'Open Data', 'FGDC', 'Emergency Preparedness', 'Disaster Planning', 'Infrastructure']",https://www.datalumos.org/datalumos/project/239484/version/V1/view,2018-02-21,2025-04-08
.\levee-areas-usace-ienc-2,levee-areas-usace-ienc-2,Levee Areas (USACE IENC),"The USACE IENCs coverage area consists of 7,260 miles across 21 rivers primarily located in the Central United States. IENCs apply to inland waterways that are maintained for navigation by USACE for shallow-draft vessels (e.g., maintained at a depth of 9-14 feet, dependent upon the waterway project authorization). Generally, IENCs are produced for those commercially navigable waterways which the National Oceanic and Atmospheric Administration (NOAA) does not produce Electronic Navigational Charts (ENCs). However, Special Purpose IENCs may be produced in agreement with NOAA. IENC POC: IENC_POC@usace.army.mil",,US Army Corps of Engineers,,"['USCG', 'USACE', 'IENC', 'HIFLD', 'Transportation - Water', 'Feature Service', 'SDI', 'NSDI', 'Open Data', 'FGDC', 'Emergency Preparedness', 'Disaster Planning', 'Infrastructure']",https://www.datalumos.org/datalumos/project/239488/version/V1/view,2024-02-05,2025-04-08
.\levee-lines-usace-ienc,levee-lines-usace-ienc,Levee Lines (USACE IENC),"The USACE IENCs coverage area consists of 7,260 miles across 21 rivers primarily located in the Central United States. IENCs apply to inland waterways that are maintained for navigation by USACE for shallow-draft vessels (e.g., maintained at a depth of 9-14 feet, dependent upon the waterway project authorization). Generally, IENCs are produced for those commercially navigable waterways which the National Oceanic and Atmospheric Administration (NOAA) does not produce Electronic Navigational Charts (ENCs). However, Special Purpose IENCs may be produced in agreement with NOAA. IENC POC: IENC_POC@usace.army.mil",,US Army Corps of Engineers,,"['USCG', 'USACE', 'IENC', 'HIFLD', 'Transportation - Water', 'Feature Service', 'SDI', 'NSDI', 'Open Data', 'FGDC', 'Emergency Preparedness', 'Disaster Planning', 'Infrastructure']",https://www.datalumos.org/datalumos/project/239491/version/V1/view,2024-02-05,2025-04-08
.\liquified-natural-gas-lng-import-and-export-terminals-1,liquified-natural-gas-lng-import-and-export-terminals-1,Liquified Natural Gas (LNG) Import and Export Terminals,"This is a point dataset representing liquefied natural gas import/export terminals in the United States. These are defined as terminals capable of liquefaction of natural gas for transport or receipt and regasification of LNG for use as natural gas. Source: EIA based on Federal Energy Regulatory Commission (FERC), Department of Energy (DOE) Office of Fossil Energy (FE), and trade press. For related data published by EIA see U.S. Liquefaction Capacity (https://www.eia.gov/naturalgas/U.S.liquefactioncapacity.xlsx).",,Energy Information Administration,,"['natural gas', 'EIA', 'LNG', 'import', 'export', 'terminals', 'energy', 'infrastructure', 'storage', 'United States', 'USA', 'shapefile', 'HIFLD', 'Feature Service', 'SDI', 'NSDI', 'Open Data', 'FGDC', 'Emergency Preparedness', 'Disaster Planning', 'Infrastructure']",https://www.datalumos.org/datalumos/project/239492/version/V1/view,2024-06-25,2024-10-31
.\local-emergency-operations-center-eoc,local-emergency-operations-center-eoc,Local Emergency Operations Center (EOC),"HSIP Local Emergency Operations Centers in the United States ""The physical location at which the coordination of information and resources to support domestic incident management activities normally takes place. An Emergency Operations Center may be a temporary facility or may be located in a more central or permanently established facility, perhaps at a higher level of organization within a jurisdiction. Emergency Operations Centers may be organized by major functional disciplines (e.g., fire, law enforcement, and medical services), by jurisdiction (e.g., Federal, State, regional, county, city, tribal), or some combination thereof."" (Excerpted from the National Incident Management System) The GFI source for this layer contains State and Federal Emergency Operations Centers in addition to local Emergency Operations Centers. This dataset contains these features as well. In cases where an Emergency Operations Center has a mobile unit, TechniGraphics captured the location of the mobile unit as a separate record. This record represents where the mobile unit is stored. If this location could not be verified, a point was placed in the approximate center of the Emergency Operations Centers service area. Effort was made by TechniGraphics to verify whether or not each Emergency Operations Center has a generator on-site and whether or not the Emergency Operations Center is located in a basement. This information is indicated by the values in the [GENERATOR] and [BASEMENT] fields respectively. In cases where more than one record existed for a geographical area (e.g., county, city), TechniGraphics verified whether or not one of the records represented an alternate location. This was indicated by appending ""-ALTERNATE"" to the value in the [NAME] field. Some Emergency Operations Centers are located at private residences. The [TYPE] field was manually evaluated during the delivery process to compare the records in which the [NAME] field contained ""-ALTERNATE"". In cases where these values contradicted information that was verified by TechniGraphics (e.g. [NAME] contained ""-ALTERNATE"" and [TYPE] = ""PRIMARY""), the value in the [TYPE] field was changed to match the type indicated by the [NAME] of the verified record. TechniGraphics did not change values in this field if the type was not verified. Records with ""-DOD"" appended to the end of the [NAME] value are located on a military base, as defined by the Defense Installation Spatial Data Infrastructure (DISDI) military installations and military range boundaries. ""#"" and ""*"" characters were automatically removed from standard HSIP fields that TechniGraphics populated. Double spaces were replaced by single spaces in these same fields. At the request of NGA, text fields in this dataset have been set to all upper case to facilitate consistent database engine search results. At the request of NGA, all diacritics (e.g., the German umlaut or the Spanish tilde) have been replaced with their closest equivalent English character to facilitate use with database systems that may not support diacritics. The currentness of this dataset is indicated by the [CONTDATE] field. Based upon this attribute, the oldest record dates from 08/28/2009 and the newest record dates from 11/18/2009.",TechniGraphics Inc.,TechniGraphics Inc.,,"['Missouri', 'Utah', 'Alabama', 'Massachusetts', 'Kentucky', 'Idaho', 'Virgin Islands', 'Vermont', 'Ohio', 'Maine', 'Texas', 'Nebraska', 'South Dakota', 'United States.', 'Colorado', 'Kansas', 'Oregon', 'Rhode Island', 'Emergency management.', 'United States--Territories and possessions.', 'Iowa', 'Louisiana', 'Guam', 'Virginia', 'New Hampshire', 'Illinois', 'Alaska', 'Washington', 'Oklahoma', 'Arizona', 'Michigan', 'Montana', 'Nevada', 'Delaware', 'Civil defense.', 'Georgia', 'Mississippi', 'Pennsylvania', 'South Carolina', 'West Virginia', 'Arkansas', 'New Jersey', 'Tennessee', 'Northern Mariana Islands', 'structure', 'Florida', 'New York', 'California', 'Washington (D.C.)', 'Wisconsin', 'North Carolina', 'Puerto Rico', 'New Mexico', 'American Samoa', 'Wyoming', 'North Dakota', 'Hawaii', 'Minnesota', 'Indiana', 'Connecticut', 'Maryland', 'HIFLD Emergency Services', 'HIFLD', 'Feature Service', 'SDI', 'NSDI', 'Open Data', 'FGDC', 'Emergency Preparedness', 'Disaster Planning', 'Infrastructure']",https://www.datalumos.org/datalumos/project/239489/version/V1/view,2017-06-07,2025-01-24
.\local-law-enforcement-locations,local-law-enforcement-locations,Local Law Enforcement Locations,"The local law enforcement locations feature class/ shapefile contains point location and tabular information pertaining to a wide range of law enforcement entities in the United States. Law Enforcement agencies ""are publicly funded and employ at least one full-time or part-time sworn officer with general arrest powers"". This is the definition used by the US Department of Justice - Bureau of Justice Statistics (DOJ-BJS) for their Census of State and Local Law Enforcement Agencies (CSLLEA). Unlike the previous version of this dataset, published in 2009, federal level law enforcement agencies are excluded from this effort. Data fusion techniques are utilized to synchronize overlapping yet disparate source data. The primary sources for this effort are the DOJ-BJS CSLLEA from 2008 and the previously mentioned 2009 feature class from Homeland Security Infrastructure Foundation-Level Data (HIFLD). This feature class contains data for agencies across all 50 U.S. states, Washington D.C. and Puerto Rico.",Oak Ridge National Laboratory,Department of Energy,Oak Ridge National Laboratory,"['homeland security', 'homeland defense', 'emergency response', 'law enforcement', 'police', 'police stations', 'sheriff', 'town marshal', 'conservation officer', 'natural resource officer', 'public safety', 'state police', 'highway patrol', 'tribal police', 'school police', 'campus safety', 'airport police', 'railroad police', 'transit police', 'park police', 'constable', 'port authority', 'jails', 'prisons', 'juvenile detention', 'correctional institution', 'name', 'address', 'type', 'status', 'population', 'facility characteristics', 'Continental United States', 'USA', 'Hawaii', 'Alaska', 'District of Columbia', 'Puerto Rico', 'HIFLD', 'Feature Service', 'SDI', 'NSDI', 'Open Data', 'FGDC', 'Emergency Preparedness', 'Disaster Planning', 'Infrastructure']",https://www.datalumos.org/datalumos/project/239493/version/V1/view,2017-09-26,2021-02-03
.\lock-basins-usace-ienc,lock-basins-usace-ienc,Lock Basins (USACE IENC),"The USACE IENCs coverage area consists of 7,260 miles across 21 rivers primarily located in the Central United States. IENCs apply to inland waterways that are maintained for navigation by USACE for shallow-draft vessels (e.g., maintained at a depth of 9-14 feet, dependent upon the waterway project authorization). Generally, IENCs are produced for those commercially navigable waterways which the National Oceanic and Atmospheric Administration (NOAA) does not produce Electronic Navigational Charts (ENCs). However, Special Purpose IENCs may be produced in agreement with NOAA.  IENC POC: IENC_POC@usace.army.mil",,US Army Corps of Engineers,,"['USCG', 'USACE', 'IENC', 'HIFLD', 'Transportation - Water', 'Feature Service', 'SDI', 'NSDI', 'Open Data', 'FGDC', 'Emergency Preparedness', 'Disaster Planning', 'Infrastructure']",https://www.datalumos.org/datalumos/project/239495/version/V1/view,2018-04-16,2025-04-08
.\lock-gate-areas-usace-ienc,lock-gate-areas-usace-ienc,Lock Gate Areas (USACE IENC),"The USACE IENCs coverage area consists of 7,260 miles across 21 rivers primarily located in the Central United States. IENCs apply to inland waterways that are maintained for navigation by USACE for shallow-draft vessels (e.g., maintained at a depth of 9-14 feet, dependent upon the waterway project authorization). Generally, IENCs are produced for those commercially navigable waterways which the National Oceanic and Atmospheric Administration (NOAA) does not produce Electronic Navigational Charts (ENCs). However, Special Purpose IENCs may be produced in agreement with NOAA. IENC POC: IENC_POC@usace.army.mil",U.S. Army Corps of Engineers,US Army Corps of Engineers,,"['USCG', 'USACE', 'IENC', 'HIFLD', 'Transportation - Water', 'Feature Service', 'SDI', 'NSDI', 'Open Data', 'FGDC', 'Emergency Preparedness', 'Disaster Planning', 'Infrastructure']",https://www.datalumos.org/datalumos/project/239502/version/V1/view,2024-02-05,2025-04-08
.\lock-gate-lines-usace-ienc-2,lock-gate-lines-usace-ienc-2,Lock Gate Lines (USACE IENC),"The USACE IENCs coverage area consists of 7,260 miles across 21 rivers primarily located in the Central United States. IENCs apply to inland waterways that are maintained for navigation by USACE for shallow-draft vessels (e.g., maintained at a depth of 9-14 feet, dependent upon the waterway project authorization). Generally, IENCs are produced for those commercially navigable waterways which the National Oceanic and Atmospheric Administration (NOAA) does not produce Electronic Navigational Charts (ENCs). However, Special Purpose IENCs may be produced in agreement with NOAA. IENC POC: IENC_POC@usace.army.mil",U.S. Army Corps of Engineers,US Army Corps of Engineers,,"['USCG', 'USACE', 'IENC', 'HIFLD', 'Transportation - Water', 'Feature Service', 'SDI', 'NSDI', 'Open Data', 'FGDC', 'Emergency Preparedness', 'Disaster Planning', 'Infrastructure']",https://www.datalumos.org/datalumos/project/239503/version/V1/view,2024-02-05,2025-04-08
.\lock-traffic-signal-stations-usace-ienc,lock-traffic-signal-stations-usace-ienc,Lock Traffic Signal Stations (USACE IENC),"The USACE IENCs coverage area consists of 7,260 miles across 21 rivers primarily located in the Central United States. IENCs apply to inland waterways that are maintained for navigation by USACE for shallow-draft vessels (e.g., maintained at a depth of 9-14 feet, dependent upon the waterway project authorization). Generally, IENCs are produced for those commercially navigable waterways which the National Oceanic and Atmospheric Administration (NOAA) does not produce Electronic Navigational Charts (ENCs). However, Special Purpose IENCs may be produced in agreement with NOAA.IENC POC: IENC_POC@usace.army.mil",U.S. Army Corps of Engineers,US Army Corps of Engineers,,"['USCG', 'USACE', 'IENC', 'HIFLD', 'Transportation - Water', 'Feature Service', 'SDI', 'NSDI', 'Open Data', 'FGDC', 'Emergency Preparedness', 'Disaster Planning', 'Infrastructure']",https://www.datalumos.org/datalumos/project/239504/version/V1/view,2024-02-05,2025-04-08
.\locks-usace-ienc-1,locks-usace-ienc-1,Locks (USACE IENC),"The Navigation Data Center (NDC) produces and stores data on lock characteristics nationwide in the Lock Performance Monitoring System (LPMS) and the Lock Characteristics database. These data sets are developed using input from surveys conducted by NDC staff. Information collected includes the physical aspects of all USACE built, maintained, owned, or operated locks. The data set captures six major characteristics including location, physical characteristics, site information, site characteristics, management information, and historical changes.",U.S. Army Corps of Engineers,US Army Corps of Engineers,,"['geospatial', 'navigation', 'HIFLD', 'Feature Service', 'SDI', 'NSDI', 'Open Data', 'FGDC', 'Emergency Preparedness', 'Disaster Planning', 'Infrastructure']",https://www.datalumos.org/datalumos/project/239505/version/V1/view,2017-06-19,2024-10-29
.\metropolitan-divisions-2,metropolitan-divisions-2,Metropolitan Divisions,"Metropolitan Divisions are smaller groupings of counties or equivalent entities defined within a metropolitan statistical area containing a single core with a population of at least 2.5 million may be subdivided to form smaller groupings of counties or equivalent entities referred to as metropolitan divisions. Not all metropolitan statistical areas with urbanized areas of this size will contain metropolitan divisions. A metropolitan division consists of one or more main/secondary counties that represent an employment center or centers, plus adjacent counties associated with the main/secondary county or counties through commuting ties. Because metropolitan divisions represent subdivisions of larger metropolitan statistical areas, it is not appropriate to rank or compare metropolitan divisions with metropolitan and micropolitan statistical areas. It would be appropriate to rank and compare metropolitan divisions.Download: https://www2.census.gov/geo/tiger/TGRGDB24/tlgdb_2024_a_us_nationgeo.gdb.zip Layer: Metropolitan_DivisionMetadata: https://meta.geo.census.gov/data/existing/decennial/GEO/GPMB/TIGERline/Current_19115/series_tl_2023_metdiv.shp.iso.xml",,U.S. Census Bureau,,"['Core Based Statistical Areas (CBSA)', 'Core', 'Based', 'Statistical', 'Statistics', 'Areas', 'Census', 'HIFLD', 'Feature Service', 'SDI', 'NSDI', 'Open Data', 'FGDC', 'Emergency Preparedness', 'Disaster Planning', 'Infrastructure']",https://www.datalumos.org/datalumos/project/239592/version/V1/view,2024-06-05,2025-04-08
.\mexico-and-us-border-1,mexico-and-us-border-1,Mexico and US Border,This dataset represents the international boundary between the United States of America and the United States of Mexico.This feature class is a digital representation of the international boundary between the United States and Mexico in accordance with the 1970 Treaty (Treaty to Resolve Pending Boundary Differences and Maintain the Rio Grande and Colorado River as the International Boundary). It has been generated from a combination of recent surveys and datum conversions. It is intended for mapping purposes only.,,International Boundary and Water Commission,,"['NGDA', 'National Geospatial Data Asset', 'NGDAID82', 'Governmental Units and Administrative and Statistical Boundaries Theme', 'United States Boundary', 'Mexico Boundary', 'International Boundary', 'HIFLD', 'Feature Service', 'SDI', 'NSDI', 'Open Data', 'FGDC', 'Emergency Preparedness', 'Disaster Planning', 'Infrastructure']",https://www.datalumos.org/datalumos/project/239595/version/V1/view,2024-04-16,2025-04-08
.\microwave-service-towers,microwave-service-towers,Microwave Service Towers,"This file is an extract of the Universal Licensing System (ULS) licensed by the Wireless Telecommunications Bureau (WTB). It consists of Microwave Transmitters (see Rule Part: Fixed Microwave Service (47 CFR Part 101)). This file serves as base information for use in GIS systems for general planning, analytical, and research purposes. It is not intended for engineering work or to legally define FCC licensee data or FCC market boundaries. The material in these data and text files are provided as-is. The FCC disclaims all warranties with regard to the contents of these files, including their fitness. In no event shall the FCC be liable for any special, indirect, or consequential damages whatsoever resulting from loss or use, data or profits, whether in connection with the use or performance of the contents of these files, action of contract, negligence, or other action arising out of, or in connection with the use of the contents of these files. It is known that there are some errors in the licensing information - Latitude, Longitude and Ground Elevation data as well as frequency assignment data from which these files were generated. Data source: Federal Communications Commission. Data and details are hosted by HIFLD as received from the data provider.Documentation and Data Dictionary provided by FCC:Intro to ULS Database FilesULS Database Fields DefinitionsTable Abbreviations and Names",Federal Communications Commission (FCC) / Wireless Telecommunications Bureau (WTB),Federal Communications Commission,,"['Alaska', 'American Samoa', 'Communications', 'Continental United States', 'CONUS', 'FCC', 'Guam', 'Hawaii', 'HIFLD', 'HIFLD open', 'Microwave', 'Microwave Service Towers', 'Northern Marianas', 'Puerto Rico', 'Service', 'Towers', 'United States', 'US Virgin Islands', 'Feature Service', 'SDI', 'NSDI', 'Open Data', 'FGDC', 'Emergency Preparedness', 'Disaster Planning', 'Infrastructure']",https://www.datalumos.org/datalumos/project/239596/version/V1/view,2024-01-24,2024-07-06
.\mines-and-mineral-resources,mines-and-mineral-resources,Mines and Mineral Resources,"The mine and the manufacturing plant need not be located in close proximity to each other to be ""closely associated"". Also, it is possible for more than one mine to be associated with a particular manufacturing plant, and for more than one manufacturing plant to be associated with a particular mine. A mine associated with a manufacturing plant represents an potential additional point of vulnerability to the manufacturing plant, likewise, the manufacturing plant represents a potential additional point of vulnerability to the mine. Any relevant transportation links between the two represents a third potential vulnerability. The links between the mines and the manufacturing plants are contained in the Mines_linked_to_ManufacturingID_table.dbf table. The [MINEID] field corresponds to the [SRCLNKID] attribute in this dataset. The [MNFID] corresponds to the [SRCLNKID] in the manufacturing dataset. Mines are typically large facilities. To enable a first responder or law enforcement team to easily drive to the mine the point representing the mine has been placed at the place where the main ""haul road"" meets the nearest public road. This location may be a considerable distance from the mine pit or shaft, but from this point on the ground it should be obvious how to drive to the mine itself. Text fields in this dataset have been set to all upper case to facilitate consistent database engine search results. All diacritics (e.g. the German umlaut or the Spanish tilde) have been replaced with their closest equivalent English character to facilitate use with database systems that may not support diacritics. The currentness of this dataset is indicated by the [CONTDATE] attribute. Based upon this attribute the oldest record dates from 06/06/2006 and the newest record dates from 10/12/2006.The data is legacy and not expected to be updated. It is being provided as the best available until Mineral Resources identifies an alternative data source.","Techni Graphic Systems, Inc.",TechniGraphics Inc.,,"['Maine', 'South Carolina', 'Precious stones', 'Vermiculite', 'Titanium mines and mining', 'Michigan', 'Anthracite coal mines and mining', 'Iron mines and mining', 'Aplite', 'Nevada', 'Nonmetallic minerals', 'Tennessee', 'Perlite', 'environment', 'Sandstone', 'United States', 'Ohio', 'Arizona', 'Georgia', 'Missouri', 'North Carolina', 'Phosphate mines and mining', 'Coal mines and mining', 'Texas', 'Utah', 'Lead mines and mining', 'Bituminous coal mines and mining', 'Slate', 'Alaska', 'Radium', 'Arkansas', 'Kansas', 'Montana', 'Beryl', 'Trona mines and mining', 'Wyoming', 'Connecticut', 'Granite', 'Puerto Rico', 'Colorado', 'Washington', 'Feldspar mines and mining', 'Vermont', 'Gold mines and mining', 'Maryland', 'Pennsylvania', 'Idaho', 'Kentucky', 'Mississippi', 'Iowa', 'Limestone mines and mining', 'Oregon', 'Uranium mines and mining', 'North Dakota', 'Pigments', 'Rare earth metals', 'Platinum mines and mining', 'Hawaii', 'Molybdenum mines and mining', 'Boron', 'Alabama', 'Clay', 'Virginia', 'New York', 'Florida', 'Minnesota', 'Indiana', 'New Mexico', 'Mines and mineral resources', 'Oklahoma', 'Massachusetts', 'economy', 'Vanadium', 'Shale', 'Louisiana', 'New Jersey', 'Mica mines and mining', 'Marble', 'Silver mines and mining', 'Kaolin mines and mining', 'California', 'Wisconsin', 'South Dakota', 'Cyanite', 'Potash mines and mining', 'Pumice', 'Copper mines and mining', 'Gilsonite', 'West Virginia', 'Magnesite', 'Illinois', 'New Hampshire', 'Zinc mines and mining', 'HIFLD', 'Feature Service', 'SDI', 'NSDI', 'Open Data', 'FGDC', 'Emergency Preparedness', 'Disaster Planning', 'Infrastructure']",https://www.datalumos.org/datalumos/project/239598/version/V1/view,2017-06-12,2017-06-12
.\mirta-dod-sites-boundaries,mirta-dod-sites-boundaries,"Military Installations, Ranges, and Training Areas (MIRTA) DoD Sites - Boundaries","The dataset depicts the authoritative locations of the most commonly known Department of Defense (DoD) sites, installations, ranges, and training areas world-wide. These sites encompass land which is federally owned or otherwise managed. This dataset was created from source data provided by the four Military Service Component headquarters and was compiled by the Defense Installation Spatial Data Infrastructure (DISDI) Program within the Office of the Assistant Secretary of Defense for Energy, Installations, and Environment. Only sites reported in the BSR or released in a map supplementing the Foreign Investment Risk Review Modernization Act of 2018 (FIRRMA) Real Estate Regulation (31 CFR Part 802) were considered for inclusion. This list does not necessarily represent a comprehensive collection of all Department of Defense facilities. For inventory purposes, installations are comprised of sites, where a site is defined as a specific geographic location of federally owned or managed land and is assigned to military installation. DoD installations are commonly referred to as a base, camp, post, station, yard, center, homeport facility for any ship, or other activity under the jurisdiction, custody, control of the DoD.While every attempt has been made to provide the best available data quality, this data set is intended for use at mapping scales between 1:50,000 and 1:3,000,000. For this reason, boundaries in this data set may not perfectly align with DoD site boundaries depicted in other federal data sources. Maps produced at a scale of 1:50,000 or smaller which otherwise comply with National Map Accuracy Standards, will remain compliant when this data is incorporated. Boundary data is most suitable for larger scale maps; point locations are better suited for mapping scales between 1:250,000 and 1:3,000,000.If a site is part of a Joint Base (effective/designated on 1 October, 2010) as established under the 2005 Base Realignment and Closure process, it is attributed with the name of the Joint Base. All sites comprising a Joint Base are also attributed to the responsible DoD Component, which is not necessarily the pre-2005 Component responsible for the site.","Office of the Assistant Secretary of Defense for Energy, Installations, and Environment",Department of Defense,"Office of the Assistant Secretary of Defense for Energy, Installations, and Environment","['intelligenceMilitary', 'DoD', 'MIRTA', 'HIFLD', 'Feature Service', 'SDI', 'NSDI', 'Open Data', 'FGDC', 'Emergency Preparedness', 'Disaster Planning', 'Infrastructure']",https://www.datalumos.org/datalumos/project/239599/version/V1/view,2023-08-25,2024-01-30
.\mirta-dod-sites-points,mirta-dod-sites-points,"Military Installations, Ranges, and Training Areas (MIRTA) DoD Sites - Points","The dataset depicts the authoritative locations of the most commonly known Department of Defense (DoD) sites, installations, ranges, and training areas world-wide. These sites encompass land which is federally owned or otherwise managed. This dataset was created from source data provided by the four Military Service Component headquarters and was compiled by the Defense Installation Spatial Data Infrastructure (DISDI) Program within the Office of the Assistant Secretary of Defense for Energy, Installations, and Environment. Only sites reported in the BSR or released in a map supplementing the Foreign Investment Risk Review Modernization Act of 2018 (FIRRMA) Real Estate Regulation (31 CFR Part 802) were considered for inclusion. This list does not necessarily represent a comprehensive collection of all Department of Defense facilities. For inventory purposes, installations are comprised of sites, where a site is defined as a specific geographic location of federally owned or managed land and is assigned to military installation. DoD installations are commonly referred to as a base, camp, post, station, yard, center, homeport facility for any ship, or other activity under the jurisdiction, custody, control of the DoD.While every attempt has been made to provide the best available data quality, this data set is intended for use at mapping scales between 1:50,000 and 1:3,000,000. For this reason, boundaries in this data set may not perfectly align with DoD site boundaries depicted in other federal data sources. Maps produced at a scale of 1:50,000 or smaller which otherwise comply with National Map Accuracy Standards, will remain compliant when this data is incorporated. Boundary data is most suitable for larger scale maps; point locations are better suited for mapping scales between 1:250,000 and 1:3,000,000.If a site is part of a Joint Base (effective/designated on 1 October, 2010) as established under the 2005 Base Realignment and Closure process, it is attributed with the name of the Joint Base. All sites comprising a Joint Base are also attributed to the responsible DoD Component, which is not necessarily the pre-2005 Component responsible for the site.","Office of the Assistant Secretary of Defense for Energy, Installations, and Environment",Department of Defense,"Office of the Assistant Secretary of Defense for Energy, Installations, and Environment","['#DoD', 'MIRTA', 'HIFLD', 'Feature Service', 'SDI', 'NSDI', 'Open Data', 'FGDC', 'Emergency Preparedness', 'Disaster Planning', 'Infrastructure']",https://www.datalumos.org/datalumos/project/239602/version/V1/view,2023-08-25,2023-08-25
.\miscellaneous-industrial-mineral-operations,miscellaneous-industrial-mineral-operations,Miscellaneous Industrial Mineral Operations,This data set includes miscellaneous industrial minerals operations in the United States. The data represent commodities covered by the Minerals Information Team (MIT) of the U.S. Geological Survey. The mineral operations are plants and (or) mines surveyed by the MIT and considered currently active in 2003. This is a replacement for the July 2004 map layer.The data is legacy and not expected to be updated. It is being provided as the best available until Mineral Resources identifies an alternative data source.,U.S. Geological Survey,US Geological Survey,,"['Fullers Earth', 'Economy', 'Lithium', 'Minerals Operations', 'Titanium Dioxide Pigment', 'Iron Oxide Pigments', 'Industrial Minerals', 'Processing Plants', 'Kaolin', 'Sodium Sulfate', 'Mines', 'Diatomite', 'Barite', 'Soda Ash', 'Minerals', 'Trona', 'Bromine', 'Lime', 'Titanium Minerals', 'Salt', 'Iodine', 'Mining Operations', 'Continental United States', 'USA', 'HIFLD', 'Feature Service', 'SDI', 'NSDI', 'Open Data', 'FGDC', 'Emergency Preparedness', 'Disaster Planning', 'Infrastructure']",https://www.datalumos.org/datalumos/project/239600/version/V1/view,2018-01-16,2018-01-16
.\mobile-home-parks,mobile-home-parks,Mobile Home Parks,"The Mobile Home Parks feature class/shapefile contains locations that represent mobile home, residential trailer, and recreational vehicle (RV) parks within the Continental United States and Alaska. The people residing in these housing types are the most vulnerable residential population to hurricanes, tornadoes, flooding and other natural disasters. According to the U.S. Census Bureau, 31% of the people that perished in tornadoes between 2009 and 2011 were residing in or fleeing from mobile homes. An inventory of mobile home park locations and the number of mobile homes within those parks is, therefore, essential for emergency preparedness, response, and evacuation. In the latest update 2281 records were added.",Oak Ridge National Laboratory,Department of Energy,Oak Ridge National Laboratory,"['homeland security', 'homeland defense', 'emergency response', 'residential', 'manufactured', 'mobile home parks', 'recreational vehicles', 'trailers', 'status', 'housing', 'migrant', 'RV', 'units', 'name', 'address', 'type', 'status', 'population', 'facility characteristics', 'Continental United States', 'USA', 'Alaska']",https://www.datalumos.org/datalumos/project/239601/version/V1/view,2018-09-17,2024-09-20
.\mooring-facility-areas-usace-ienc-2,mooring-facility-areas-usace-ienc-2,Mooring Facility Areas (USACE IENC),"The USACE IENCs coverage area consists of 7,260 miles across 21 rivers primarily located in the Central United States. IENCs apply to inland waterways that are maintained for navigation by USACE for shallow-draft vessels (e.g., maintained at a depth of 9-14 feet, dependent upon the waterway project authorization). Generally, IENCs are produced for those commercially navigable waterways which the National Oceanic and Atmospheric Administration (NOAA) does not produce Electronic Navigational Charts (ENCs). However, Special Purpose IENCs may be produced in agreement with NOAA. IENC POC: IENC_POC@usace.army.mil",,US Army Corps of Engineers,,"['USCG', 'USACE', 'IENC', 'HIFLD', 'Transportation - Water', 'Feature Service', 'SDI', 'NSDI', 'Open Data', 'FGDC', 'Emergency Preparedness', 'Disaster Planning', 'Infrastructure']",https://www.datalumos.org/datalumos/project/239580/version/V1/view,2024-02-05,2025-04-08
.\mooring-facility-lines-usace-ienc-2,mooring-facility-lines-usace-ienc-2,Mooring Facility Lines (USACE IENC),"The USACE IENCs coverage area consists of 7,260 miles across 21 rivers primarily located in the Central United States. IENCs apply to inland waterways that are maintained for navigation by USACE for shallow-draft vessels (e.g., maintained at a depth of 9-14 feet, dependent upon the waterway project authorization). Generally, IENCs are produced for those commercially navigable waterways which the National Oceanic and Atmospheric Administration (NOAA) does not produce Electronic Navigational Charts (ENCs). However, Special Purpose IENCs may be produced in agreement with NOAA.IENC POC: IENC_POC@usace.army.mil",,US Army Corps of Engineers,,"['USCG', 'USACE', 'IENC', 'HIFLD', 'Transportation - Water', 'Feature Service', 'SDI', 'NSDI', 'Open Data', 'FGDC', 'Emergency Preparedness', 'Disaster Planning', 'Infrastructure']",https://www.datalumos.org/datalumos/project/239577/version/V1/view,2024-02-05,2025-04-08
.\mooring-facility-locations-usace-ienc-2,mooring-facility-locations-usace-ienc-2,Mooring Facility Locations (USACE IENC),"The USACE IENCs coverage area consists of 7,260 miles across 21 rivers primarily located in the Central United States. IENCs apply to inland waterways that are maintained for navigation by USACE for shallow-draft vessels (e.g., maintained at a depth of 9-14 feet, dependent upon the waterway project authorization). Generally, IENCs are produced for those commercially navigable waterways which the National Oceanic and Atmospheric Administration (NOAA) does not produce Electronic Navigational Charts (ENCs). However, Special Purpose IENCs may be produced in agreement with NOAA. IENC POC: IENC_POC@usace.army.mil",,US Army Corps of Engineers,,"['USCG', 'USACE', 'IENC', 'HIFLD', 'Transportation - Water', 'Feature Service', 'SDI', 'NSDI', 'Open Data', 'FGDC', 'Emergency Preparedness', 'Disaster Planning', 'Infrastructure']",https://www.datalumos.org/datalumos/project/239578/version/V1/view,2024-02-05,2025-04-08
.\national-bridge-inventory-nbi,national-bridge-inventory-nbi,National Bridge Inventory (NBI),"The National Bridge Inventory dataset is as of June 27, 2024 from the Federal Highway Administration (FHWA) and is part of the U.S. Department of Transportation (USDOT)/Bureau of Transportation Statistics (BTS) National Transportation Atlas Database (NTAD). The data describes more than 615,000 of the Nation's bridges located on public roads, including Interstate Highways, U.S. highways, State and county roads, as well as publicly-accessible bridges on Federal and Tribal lands. The inventory data present a complete picture of the location, description, classification, and general condition data for each bridge. The element data present a breakdown of the condition of each structural and bridge management element for each bridge on the National Highway System (NHS). The Recording and Coding Guide for the Structure Inventory and Appraisal of the Nation's Bridges contains a detailed description of each data element including coding instructions and attribute definitions. The Coding Guide is available at: https://doi.org/10.21949/1519105.",Federal Highway Administration (FHWA),Federal Highway Administration (FHWA),,"['NTAD', 'National Transportation Atlas Database', 'Bridge', 'Bridges', 'Bridge Elements', 'Element', 'Condition', 'Inventory', 'Structure', 'NBI', 'Transportation Ground', 'FHWA', 'BTS', 'HIFLD', 'Feature Service', 'SDI', 'NSDI', 'Open Data', 'FGDC', 'Emergency Preparedness', 'Disaster Planning', 'Infrastructure']",https://www.datalumos.org/datalumos/project/239684/version/V1/view,2019-12-27,2025-08-11
.\national-forests,national-forests,National Forests,"The USGS Governmental Unit Boundaries service from The National Map (TNM) represents major civil areas for the Nation, including States or Territories, counties (or equivalents), Federal and Native American areas, congressional districts, minor civil divisions, incorporated places (such as cities and towns), and unincorporated places. Boundaries data are useful for understanding the extent of jurisdictional or administrative areas for a wide range of applications, including mapping or managing resources, and responding to natural disasters. Boundaries data also include extents of forest, grassland, park, wilderness, wildlife, and other reserve areas useful for recreational activities, such as hiking and backpacking. Boundaries data are acquired from a variety of government sources. The data represents the source data with minimal editing or review by USGS. Please refer to the feature-level metadata for information on the data source. The National Map boundaries data is commonly combined with other data themes, such as elevation, hydrography, structures, and transportation, to produce general reference base maps. The National Map download client allows free downloads of public domain boundaries data in either Esri File Geodatabase or Shapefile formats. See https://apps.nationalmap.gov/help/ for assistance with The National Map viewer, download client, services, or metadata.",,US Geological Survey,,"['ngda', 'boundary', 'government', 'administrative', 'federal', 'state', 'territory', 'reserve', 'native american area', 'county', 'parish', 'municipio', 'borough', 'minor civil division', 'congressional district', 'incorporated place', 'unincorporated place', 'United States', 'US', 'WMS', 'HIFLD', 'Feature Service', 'SDI', 'NSDI', 'Open Data', 'FGDC', 'Emergency Preparedness', 'Disaster Planning', 'Infrastructure']",https://www.datalumos.org/datalumos/project/239784/version/V2/view,2024-08-08,2025-04-08
.\national-inventory-of-dams-nid-1,national-inventory-of-dams-nid-1,National Inventory of Dams (NID),"A Brief History of the NIDThe site we see today was first conceptualized in the 1970s when Congress tasked the U.S. Army Corps of Engineers (USACE) with identifying, inspecting, and inventorying dams in the U.S (National Dam Inspection Act, PL 92-367).Early data gathering for the NID was led by USACE, which published the first inventory in 1975. By 1982, the NID included 68,153 dam records gathered from dam inspections, extensive record searches, and some feature extraction from aerial imagery. These NID databases were available on diskettes and compact discs.In the late 1990s, the NID was transitioned to a web-based platform and viewing the data on a map. Gathering data on dams also transitioned during this time - the most accurate data was now coming from states, territories, and federal agencies. This transition aligned with the establishment of the National Dam Safety Program.Information Available in the NIDSince transitioning to a web-based platform, site visitors have been able to download or export certain data. The NID is currently the only place to find and download national data at such a detailed level.Today, the database contains information for more than 91,000 dams that meet the following criteria:Dams where a failure or mis-operation will likely result in loss of human life (high hazard potential).Dams where a failure or mis-operation would likely result in disruption of access to critical facilities, damage to public and private facilities, and require difficult mitigation efforts (significant hazard potential).Dams that meet minimum height and reservoir size requirements, even though they do not pose the same level of life or economic risk as those above – these dams are equal to or exceed 25 feet in height and exceed 15 acre-feet in storage, or equal to or exceeding 50 acre-feet in storage and exceeding 6 feet in height.The NID does not yet contain all dams in the U.S. that meet these criteria. Continued, routine updates to the NID and enhanced data collection efforts, focused on the most reliable data sources (primarily the many federal and state government dam regulatory programs), will help capture these dams and result in a more robust dataset over time.National Inventory of DamsContact NID at NID@usace.army.mil",,US Army Corps of Engineers,,"['Dams', 'USACE', 'NID', 'National Inventory of Dams', 'Water Supply', 'HIFLD', 'Feature Service', 'SDI', 'NSDI', 'Open Data', 'FGDC', 'Emergency Preparedness', 'Disaster Planning', 'Infrastructure']",https://www.datalumos.org/datalumos/project/239785/version/V1/view,2025-01-22,2025-04-08
.\national-shelter-system-facilities,national-shelter-system-facilities,National Shelter System Facilities,"This map layer turns on all shelter status types at the same time.The National Shelter System feature layer contains facilities that can house individuals in the event of an issued evacuation for the facilities area. This layer's attribution contains physical, demographic, and capacity information for facilities in the continental United States and some of its territories. The purpose of this layer is to provide accurate locations for a potential shelter in the event of a disaster. The facilities included have been designated as a Shelter by either the Federal Emergency Management Agency (FEMA) or the American Red Cross (ARC). THIS LAYER SHOULD NOT BE USED TO DETERMINE THE OPERATIONAL STATUS OF A FACILITY DURING AN ACTIVE EMERGENCY",,Federal Emergency Management Agency,,"['Emergency Services', 'National Shelter Facilities', 'Shelter', 'FEMA', 'HIFLD', 'Feature Service', 'SDI', 'NSDI', 'Open Data', 'FGDC', 'Emergency Preparedness', 'Disaster Planning', 'Infrastructure']",https://www.datalumos.org/datalumos/project/239725/version/V1/view,2019-09-20,2025-04-08
.\national-transit-map-agencies,national-transit-map-agencies,National Transit Map Agencies,"The National Transit Map - Agencies dataset was compiled on September 09, 2024 from the Bureau of Transportation Statistics (BTS) and is part of the U.S. Department of Transportation (USDOT)/Bureau of Transportation Statistics (BTS) National Transportation Atlas Database (NTAD). The National Transit Map (NTM) is a nationwide catalog of fixed-guideway and fixed-route transit service in America. It is compiled using General Transit Feed Specification (GTFS) Schedule data. The GTFS Schedule documentation is available at, https://gtfs.org/schedule/. The NTM Agencies dataset represents the physical addresses of participating transit agencies. Regarding data coverage and licenses, starting in Report Year 2023, the Federal Transit Administration (FTA) has required National Transit Database (NTD) Reporters to submit General Transit Feed Specification (GTFS) data. Reporters will submit GTFS during their reporting period, which is determined by their fiscal year end date. All GTFS data submitted to the NTD will enter the public domain. Prior to the GTFS requirement, transit agencies voluntarily participated in the NTM and granted the U.S. Department of Transportation (USDOT) a Creative Commons Attribution 3.0 United States (CC-BY-3.0) license. The CC-BY-3.0 license is available at, https://creativecommons.org/licenses/by/3.0/us/legalcode.",Bureau of Transportation Statistics (BTS),Bureau of Transportation Statistics,,"['NTAD', 'National Transportation Atlas Database', 'Rail', 'National Transit Map', 'Transit', 'Map', 'NTM', 'Agencies', 'Passenger Movement', 'Transportation Infrastructure', 'Passenger Travel', 'Connectivity', 'Accessibility', 'Frequency', 'Fixed Route', 'Transportation Ground', 'HIFLD', 'Feature Service', 'SDI', 'NSDI', 'Open Data', 'FGDC', 'Emergency Preparedness', 'Disaster Planning', 'Infrastructure']",https://www.datalumos.org/datalumos/project/239726/version/V1/view,2017-06-14,2025-06-30
.\national-transit-map-routes,national-transit-map-routes,National Transit Map Routes,"The National Transit Map - Routes dataset was compiled on September 09, 2024 from the Bureau of Transportation Statistics (BTS) and is part of the U.S. Department of Transportation (USDOT)/Bureau of Transportation Statistics (BTS) National Transportation Atlas Database (NTAD). The National Transit Map (NTM) is a nationwide catalog of fixed-guideway and fixed-route transit service in America. It is compiled using General Transit Feed Specification (GTFS) Schedule data. The NTM Routes dataset shows transit routes, which is a group of trips that are displayed to riders as a single service. To display the route alignment and trips for each route, this dataset combines the following GTFS files: routes.txt, trips.txt, and shapes.txt. The GTFS Schedule documentation is available at, https://gtfs.org/schedule/. To improve the spatial accuracy of the NTM Routes, the Bureau of Transportation Statistics (BTS) adjusts transit routes using context from the submitted GTFS source data and/or from other publicly available information about the transit service.",Bureau of Transportation Statistics (BTS),Bureau of Transportation Statistics,,"['NTAD', 'National Transportation Atlas Database', 'Rail', 'National Transit Map', 'Transit', 'Map', 'NTM', 'Routes', 'Passenger Movement', 'Transportation Infrastructure', 'Passenger Travel', 'Connectivity', 'Accessibility', 'Frequency', 'Fixed Route', 'Transportation Ground', 'HIFLD', 'Feature Service', 'SDI', 'NSDI', 'Open Data', 'FGDC', 'Emergency Preparedness', 'Disaster Planning', 'Infrastructure']",https://www.datalumos.org/datalumos/project/239727/version/V1/view,2024-02-23,2025-07-02
.\national-transit-map-stops,national-transit-map-stops,National Transit Map Stops,"The National Transit Map - Stops dataset was compiled on September 09, 2024 from the Bureau of Transportation Statistics (BTS) and is part of the U.S. Department of Transportation (USDOT)/Bureau of Transportation Statistics (BTS) National Transportation Atlas Database (NTAD). The National Transit Map (NTM) is a nationwide catalog of fixed-guideway and fixed-route transit service in America. It is compiled using General Transit Feed Specification (GTFS) Schedule data. The NTM Stops dataset shows stops where vehicles pick up or drop off riders. This dataset uses the GTFS stops.txt file. The GTFS schedule format and structure documentation is available at, https://gtfs.org/schedule/. To improve the spatial accuracy of the NTM Stops, the Bureau of Transportation Statistics (BTS) adjusts transit stops using context from the submitted GTFS source data and/or from other publicly available information about the transit service.",Bureau of Transportation Statistics (BTS),Bureau of Transportation Statistics,,"['NTAD', 'National Transportation Atlas Database', 'Rail', 'NTM', 'National Transit Map', 'Passenger Movement', 'Transportation Infrastructure', 'Passenger Travel', 'Connectivity', 'Accessibility', 'Frequency', 'Intercity', 'Bus', 'Fixed Route', 'Transportation Ground', 'HIFLD', 'Feature Service', 'SDI', 'NSDI', 'Open Data', 'FGDC', 'Emergency Preparedness', 'Disaster Planning', 'Infrastructure']",https://www.datalumos.org/datalumos/project/239958/version/V1/view,2024-02-23,2025-07-03
.\national-tunnel-inventory,national-tunnel-inventory,National Tunnel Inventory,"The National Tunnel Inventory dataset was compiled on July 22, 2024 and published on July 24, 2024 from the Federal Highway Administration (FHWA) and is part of the U.S. Department of Transportation (USDOT)/Bureau of Transportation Statistics (BTS) National Transportation Atlas Database (NTAD). The National Tunnel Inventory (NTI) is a collection of information (database) describing the more than 500 of the Nation's tunnels located on public roads, including Interstate Highways, U.S. highways, State and county roads, as well as publicly-accessible tunnels on Federal lands. The inventory data present a complete picture of the location, description, and classification data for each tunnel, as well as any load rating and inspection information. The element data present a breakdown of the condition of each structural and civil element for each tunnel on the National Highway System (NHS). The Specifications for the National Tunnel Inventory (SNTI) contains a detailed description of each data element including coding instructions and attribute definitions. The Coding Manual is published for each year of data collection; the manual is available at: https://doi.org/10.21949/1519104.",Federal Highway Administration (FHWA),Federal Highway Administration,,"['NTAD', 'National Transportation Atlas Database', 'Inventory', 'Tunnel Element', 'Element', 'Tunnel', 'Tunnels', 'Condition', 'Transportation Ground', 'FHWA', 'BTS', 'HIFLD', 'Feature Service', 'SDI', 'NSDI', 'Open Data', 'FGDC', 'Emergency Preparedness', 'Disaster Planning', 'Infrastructure']",https://www.datalumos.org/datalumos/project/240027/version/V1/view,2024-02-23,2025-08-11
.\natural-gas-interstate-and-intrastate-pipelines,natural-gas-interstate-and-intrastate-pipelines,Natural Gas Interstate and Intrastate Pipelines,"This is a polyline dataset representing the major natural gas transmission pipelines in the U.S. including interstate, intrastate, and gathering pipelines. These data were compiled by the U.S. Energy Information Administration from various sources including federal and state agencies, and other external sources such as company web pages and industry press. Updated January 2020.",U.S. Energy Information Administration,Department of Energy,Oak Ridge National Laboratory,"['natural gas', 'pipelines', 'Energy', 'infrastructure', 'EIA', 'HIFLD', 'Feature Service', 'SDI', 'NSDI', 'Open Data', 'FGDC', 'Emergency Preparedness', 'Disaster Planning', 'Infrastructure']",https://www.datalumos.org/datalumos/project/239743/version/V1/view,2024-06-25,2025-04-08
.\natural-gas-processing-plants-1,natural-gas-processing-plants-1,Natural Gas Processing Plants,"Natural gas processing plants in the U.S as of 12/31/2017. Data based on 2017 annual avarages. Source: EIA-757, Natural Gas Processing Plant Survey.",U.S. Energy Information Administration,Department of Energy,Oak Ridge National Laboratory,"['Energy', 'infrastructure', 'natural gas', 'EIA', 'HIFLD', 'Feature Service', 'SDI', 'NSDI', 'Open Data', 'FGDC', 'Emergency Preparedness', 'Disaster Planning', 'Infrastructure']",https://www.datalumos.org/datalumos/project/240244/version/V1/view,2024-06-25,2024-06-06
.\natural-gas-service-territories,natural-gas-service-territories,Natural Gas Service Territories,This feature class/shapefile represents Natural Gas (NG) Local Distribution Company (LDC) Service Territories. NG LDC Service Territories are areas where a company delivers natural gas to its customers. A NG LDC Service Territory may span across several counties or may be as small as a municipal or city area. Geographical area includes the United States.,Oak Ridge National Laboratory,Department of Energy,Oak Ridge National Laboratory,"['natural gas', 'service territory', 'homeland security', 'name', 'USA', 'Continental United States', 'Alaska', 'facility characteristics', 'type', 'emergency response', 'homeland defense', 'local distribution company', 'HIFLD', 'Feature Service', 'SDI', 'NSDI', 'Open Data', 'FGDC', 'Emergency Preparedness', 'Disaster Planning', 'Infrastructure']",https://www.datalumos.org/datalumos/project/240245/version/V1/view,2017-09-21,2017-09-21
.\natural-gas-trading-hubs,natural-gas-trading-hubs,Natural Gas Trading Hubs,"Key natural gas trading hubs in the United States. Primary considerations for areas selected include high trading volumes, geographic coverage, adoption by multiple price reporting agencies, and use in natural gas contracts. Each hub location is identified by an approximate central point.",Oak Ridge National Laboratory,Department of Energy,Oak Ridge National Laboratory,"['natural gas', 'trading hubs', 'Energy', 'prices', 'infrastructure', 'EIA', 'HIFLD', 'Feature Service', 'SDI', 'NSDI', 'Open Data', 'FGDC', 'Emergency Preparedness', 'Disaster Planning', 'Infrastructure']",https://www.datalumos.org/datalumos/project/240246/version/V1/view,2024-06-25,2020-10-21
.\natural-gas-underground-storage,natural-gas-underground-storage,Natural Gas Underground Storage,"The attribute data for this point dataset come from EIA’s U.S. field level storage data, which is sourced from U.S. Energy Information Administration, Form EIA-191, Monthly Underground Gas Storage Report. It includes both active and inactive natural gas storage fields. EIA-191 collects information on working and base gas in reservoirs, injections, withdrawals, and location of reservoirs from operators of all underground natural gas storage fields on a monthly basis

The facility location data represent the approximate location based on research of publicly available information from sources such as Federal agencies, company websites, and satellite images on public websites.",U.S. Energy Information Administration,Department of Energy,Oak Ridge National Laboratory,"['Energy', 'storage', 'natural gas', 'EIA', 'HIFLD', 'Feature Service', 'SDI', 'NSDI', 'Open Data', 'FGDC', 'Emergency Preparedness', 'Disaster Planning', 'Infrastructure']",https://www.datalumos.org/datalumos/project/240247/version/V1/view,2024-06-25,2025-06-05
.\nautical-navigation-aids-navaid-locations,nautical-navigation-aids-navaid-locations,Nautical Navigation Aids (NAVAID) Locations,"This data set identifies aids to navigation, or ATONs, such as lights, signals, buoys, and day beacons, that are intended to assist a navigator to determine position or safe course, or to warn of dangers or obstructions to navigation. The U.S. Coast Guard is responsible for ensuring that this network is up to date and functioning properly so recreational and commercial boaters can safely navigate the maritime environment. Direct data download | MetadataThis item is curated by the MarineCadastre.gov team. Find more information, email coastal.info@noaa.gov",,National Oceanic and Atmospheric Administration,,"['Transportation Water', 'NOAA', 'NAVAIDS', 'HIFLD', 'Feature Service', 'SDI', 'NSDI', 'Open Data', 'FGDC', 'Emergency Preparedness', 'Disaster Planning', 'Infrastructure']",https://www.datalumos.org/datalumos/project/240028/version/V1/view,2017-06-19,2025-04-08
.\nautical-publication-information-areas-usace-ienc-2,nautical-publication-information-areas-usace-ienc-2,Nautical Publication Information Areas (USACE IENC),"The USACE IENCs coverage area consists of 7,260 miles across 21 rivers primarily located in the Central United States. IENCs apply to inland waterways that are maintained for navigation by USACE for shallow-draft vessels (e.g., maintained at a depth of 9-14 feet, dependent upon the waterway project authorization). Generally, IENCs are produced for those commercially navigable waterways which the National Oceanic and Atmospheric Administration (NOAA) does not produce Electronic Navigational Charts (ENCs). However, Special Purpose IENCs may be produced in agreement with NOAA. IENC POC: IENC_POC@usace.army.mil",,US Army Corps of Engineers,,"['USCG', 'USACE', 'IENC', 'HIFLD', 'Transportation - Water', 'Feature Service', 'SDI', 'NSDI', 'Open Data', 'FGDC', 'Emergency Preparedness', 'Disaster Planning', 'Infrastructure']",https://www.datalumos.org/datalumos/project/239579/version/V1/view,2024-02-05,2025-04-08
.\navigable-waterway-network-lines,navigable-waterway-network-lines,Navigable Waterway Network Lines,"The National Waterway Network (NWN) is a geographic database of navigable waterways and channels in and around the United States, for analytical studies of navigation performance, for compiling commodity flow statistics, and for mapping purposes. The NWN is comprised of a link database and a node database. Links are line strings, which consist of beginning and end points (nodes) with intermediate vertices (shape points). Links represent either actual shipping lanes (i.e., channels, Intracoastal Waterways, sea lanes, rivers) or serve as representative paths in open water (where no defined shipping paths exist). Nodes may represent physical entities such as river confluence's, ports/facilities, and intermodal terminals, USACE nodes, or may be inserted for analytical purposes (i.e., to facilitate routing).","Waterborne Commerce Statistics Center, U.S. Army Corps of Engineers",US Army Corps of Engineers,Waterborne Commerce Statistics Center,"['inland waters', 'oceans', 'transportation', 'geospatial', 'HIFLD', 'Feature Service', 'SDI', 'NSDI', 'Open Data', 'FGDC', 'Emergency Preparedness', 'Disaster Planning', 'Infrastructure']",https://www.datalumos.org/datalumos/project/239728/version/V1/view,2024-02-05,2025-08-06
.\navigable-waterway-network-node-locations-1,navigable-waterway-network-node-locations-1,Navigable Waterway Network Node Locations,"The National Waterway Network (NWN) is a geographic database of navigable waterways and channels in and around the United States, for analytical studies of navigation performance, for compiling commodity flow statistics, and for mapping purposes. The NWN is comprised of a link database and a node database. Links are line strings, which consist of beginning and end points (nodes) with intermediate vertices (shape points). Links represent either actual shipping lanes (i.e., channels, Intracoastal Waterways, sea lanes, rivers) or serve as representative paths in open water (where no defined shipping paths exist). Nodes may represent physical entities such as river confluence's, ports/facilities, and intermodal terminals, USACE nodes, or may be inserted for analytical purposes (i.e., to facilitate routing).","Waterborne Commerce Statistics Center, U.S. Army Corps of Engineers",US Army Corps of Engineers,Waterborne Commerce Statistics Center,"['inland waters', 'oceans', 'transportation', 'geospatial', 'HIFLD', 'Feature Service', 'SDI', 'NSDI', 'Open Data', 'FGDC', 'Emergency Preparedness', 'Disaster Planning', 'Infrastructure']",https://www.datalumos.org/datalumos/project/239729/version/V1/view,2017-06-19,2024-10-29
.\navigation-lights-usace-ienc-2,navigation-lights-usace-ienc-2,Navigation Lights (USACE IENC),"The USACE IENCs coverage area consists of 7,260 miles across 21 rivers primarily located in the Central United States. IENCs apply to inland waterways that are maintained for navigation by USACE for shallow-draft vessels (e.g., maintained at a depth of 9-14 feet, dependent upon the waterway project authorization). Generally, IENCs are produced for those commercially navigable waterways which the National Oceanic and Atmospheric Administration (NOAA) does not produce Electronic Navigational Charts (ENCs). However, Special Purpose IENCs may be produced in agreement with NOAA.  IENC POC: IENC_POC@usace.army.mil",,US Army Corps of Engineers,,"['USCG', 'USACE', 'IENC', 'HIFLD', 'Transportation - Water', 'Feature Service', 'SDI', 'NSDI', 'Open Data', 'FGDC', 'Emergency Preparedness', 'Disaster Planning', 'Infrastructure']",https://www.datalumos.org/datalumos/project/239581/version/V1/view,2024-02-05,2025-04-08
.\navigation-system-of-marks-areas-usace-ienc-2,navigation-system-of-marks-areas-usace-ienc-2,Navigation System of Marks Areas (USACE IENC),"The USACE IENCs coverage area consists of 7,260 miles across 21 rivers primarily located in the Central United States. IENCs apply to inland waterways that are maintained for navigation by USACE for shallow-draft vessels (e.g., maintained at a depth of 9-14 feet, dependent upon the waterway project authorization). Generally, IENCs are produced for those commercially navigable waterways which the National Oceanic and Atmospheric Administration (NOAA) does not produce Electronic Navigational Charts (ENCs). However, Special Purpose IENCs may be produced in agreement with NOAA.  IENC POC: IENC_POC@usace.army.mil",,US Army Corps of Engineers,,"['USCG', 'USACE', 'IENC', 'HIFLD', 'Transportation - Water', 'Feature Service', 'SDI', 'NSDI', 'Open Data', 'FGDC', 'Emergency Preparedness', 'Disaster Planning', 'Infrastructure']",https://www.datalumos.org/datalumos/project/239582/version/V1/view,2024-02-05,2025-04-08
.\ncua-insured-credit-unions,ncua-insured-credit-unions,NCUA Insured Credit Unions,"The National Credit Union Administration (NCUA) is the independent federal agency that charters and supervises federal credit unions. NCUA, backed by the full faith and credit of the U.S. government, operates the National Credit Union Share Insurance Fund (NCUSIF) that insures the savings of 80 million account holders in all federal credit unions and many state-chartered credit unions.",National Credit Union Administration,National Credit Union Administration,,"['Credit Union', 'Credit', 'National Credit Union Administration', 'NCUA', 'Financial Services', 'Puerto Rico', 'Guam', 'CONUS', 'Alaska', 'Hawaii', 'HIFLD', 'Feature Service', 'SDI', 'NSDI', 'Open Data', 'FGDC', 'Emergency Preparedness', 'Disaster Planning', 'Infrastructure']",https://www.datalumos.org/datalumos/project/239747/version/V1/view,2017-09-26,2024-01-30
.\nerc-regions,nerc-regions,NERC Regions,"This feature class/shapefile represents North American Electric Reliability Corporation (NERC) Regions and Subregions. NERC is an international regulatory authority that works to improve the reliability of the bulk power system in North America. NERC works with many different regional entities to improve the coordination and supply of electricity. This data set of vector layer of polygons represents the boundaries of the regional and subregional entities associated with NERC. The following updates have been made since the previous release: 6 features removed, geometry and attribution updated using best available sources.",,Department of Homeland Security,Homeland Security Infrastructure Program,"['homeland security', 'homeland defense', 'emergency response', 'name', 'address', 'electricity', 'generation', 'megawatts', 'power', 'NERC Subregions', 'NERC Regions', 'energy infrastructure', 'address', 'HIFLD', 'Feature Service', 'SDI', 'NSDI', 'Open Data', 'FGDC', 'Emergency Preparedness', 'Disaster Planning', 'Infrastructure']",https://www.datalumos.org/datalumos/project/239749/version/V1/view,2017-06-07,2022-12-07
.\nerc-reliability-coordinators-1,nerc-reliability-coordinators-1,NERC Reliability Coordinators,This feature class/shapefile represents North American Electric Reliability Corporation (NERC) Reliability Coordinators. NERC is an international regulatory authority that works to improve the reliability of the bulk power system in North America. NERC works with many different regional entities to improve the coordination and supply of electricity. This dataset is a vector layer of polygons representing the area served by Reliability Coordinators. The following updates have been made since the previous release: none.,,Department of Homeland Security,Homeland Security Infrastructure Program,"['test', 'electricity', 'energy infrastructure', 'homeland security', 'name', 'NERC Reliability Coordinators', 'homeland defense', 'megawatts', 'emergency response', 'Continental United States', 'power', 'generation', 'USA', 'HIFLD', 'Feature Service', 'SDI', 'NSDI', 'Open Data', 'FGDC', 'Emergency Preparedness', 'Disaster Planning', 'Infrastructure']",https://www.datalumos.org/datalumos/project/239751/version/V1/view,2017-09-19,2025-07-07
.\nfhl\alluvial-fans,alluvial-fans,Alluvial Fans,"The National Flood Hazard Layer (NFHL) is a compilation of GIS data that comprises a nationwide digital Flood Insurance Rate Map. The GIS data and services are designed to provide the user with the ability to determine the flood zone, base flood elevation, and floodway status for a particular location. It also has information about the NFIP communities, map panels, cross sections, hydraulic structures, Coastal Barrier Resource System, and base maps such as road, stream, and public land survey data. Through flood studies, FEMA produces Flood Insurance Study Reports, FIRM Panels, and FIRM Databases. FIRM Databases that become effective are incorporated into the NFHL. Updates to the NFHL are issued through Letters of Map Revision (LOMRs) and Letters of Map Amendment (LOMAs). Continuously updated, the NFHL serves as a Digital Flood Insurance Rate Map representing the current effective flood data for those communities where maps have been digitized. NFHL data can be viewed with widely available GIS software, including freely available programs that work with GIS shapefiles. For more information on the NFHL, see the online resources referenced herein. Using base maps: The minimum horizontal positional accuracy for base map hydrographic and transportation features used with the NFHL is the NSSDA radial accuracy of 38 feet. Letter of Map Amendment (LOMA) point locations are approximate. The location of the LOMA is referenced in the legal description of the letter itself. LOMA points can be viewed in the NFHL Interactive Map on the FEMA GeoPlatform.",,Federal Emergency Management Agency,,"['nfhl', 'nfip', 'flood', 'risk', 'fema', 'National Flood Hazard']",https://www.datalumos.org/datalumos/project/239786/version/V5/view,2020-02-10,2024-10-31
.\nfhl\base-flood-elevations-1,base-flood-elevations-1,Base Flood Elevations,"The National Flood Hazard Layer (NFHL) is a compilation of GIS data that comprises a nationwide digital Flood Insurance Rate Map. The GIS data and services are designed to provide the user with the ability to determine the flood zone, base flood elevation, and floodway status for a particular location. It also has information about the NFIP communities, map panels, cross sections, hydraulic structures, Coastal Barrier Resource System, and base maps such as road, stream, and public land survey data. Through flood studies, FEMA produces Flood Insurance Study Reports, FIRM Panels, and FIRM Databases. FIRM Databases that become effective are incorporated into the NFHL. Updates to the NFHL are issued through Letters of Map Revision (LOMRs) and Letters of Map Amendment (LOMAs). Continuously updated, the NFHL serves as a Digital Flood Insurance Rate Map representing the current effective flood data for those communities where maps have been digitized. NFHL data can be viewed with widely available GIS software, including freely available programs that work with GIS shapefiles. For more information on the NFHL, see the online resources referenced herein. Using base maps: The minimum horizontal positional accuracy for base map hydrographic and transportation features used with the NFHL is the NSSDA radial accuracy of 38 feet. Letter of Map Amendment (LOMA) point locations are approximate. The location of the LOMA is referenced in the legal description of the letter itself. LOMA points can be viewed in the NFHL Interactive Map on the FEMA GeoPlatform.",,Federal Emergency Management Agency,,"['nfhl', 'nfip', 'flood', 'risk', 'fema', 'National Flood Hazard']",https://www.datalumos.org/datalumos/project/239788/version/V4/view,2020-02-10,2024-10-31
.\nfhl\base-index,base-index,Base Index,"The National Flood Hazard Layer (NFHL) is a compilation of GIS data that comprises a nationwide digital Flood Insurance Rate Map. The GIS data and services are designed to provide the user with the ability to determine the flood zone, base flood elevation, and floodway status for a particular location. It also has information about the NFIP communities, map panels, cross sections, hydraulic structures, Coastal Barrier Resource System, and base maps such as road, stream, and public land survey data. Through flood studies, FEMA produces Flood Insurance Study Reports, FIRM Panels, and FIRM Databases. FIRM Databases that become effective are incorporated into the NFHL. Updates to the NFHL are issued through Letters of Map Revision (LOMRs) and Letters of Map Amendment (LOMAs). Continuously updated, the NFHL serves as a Digital Flood Insurance Rate Map representing the current effective flood data for those communities where maps have been digitized. NFHL data can be viewed with widely available GIS software, including freely available programs that work with GIS shapefiles. For more information on the NFHL, see the online resources referenced herein. Using base maps: The minimum horizontal positional accuracy for base map hydrographic and transportation features used with the NFHL is the NSSDA radial accuracy of 38 feet. Letter of Map Amendment (LOMA) point locations are approximate. The location of the LOMA is referenced in the legal description of the letter itself. LOMA points can be viewed in the NFHL Interactive Map on the FEMA GeoPlatform.",,Federal Emergency Management Agency,,"['nfhl', 'nfip', 'flood', 'risk', 'fema', 'National Flood Hazard']",https://www.datalumos.org/datalumos/project/239790/version/V3/view,2020-02-10,2024-10-31
.\nfhl\coastal-gages-1,coastal-gages-1,Coastal Gages,"The National Flood Hazard Layer (NFHL) is a compilation of GIS data that comprises a nationwide digital Flood Insurance Rate Map. The GIS data and services are designed to provide the user with the ability to determine the flood zone, base flood elevation, and floodway status for a particular location. It also has information about the NFIP communities, map panels, cross sections, hydraulic structures, Coastal Barrier Resource System, and base maps such as road, stream, and public land survey data. Through flood studies, FEMA produces Flood Insurance Study Reports, FIRM Panels, and FIRM Databases. FIRM Databases that become effective are incorporated into the NFHL. Updates to the NFHL are issued through Letters of Map Revision (LOMRs) and Letters of Map Amendment (LOMAs). Continuously updated, the NFHL serves as a Digital Flood Insurance Rate Map representing the current effective flood data for those communities where maps have been digitized. NFHL data can be viewed with widely available GIS software, including freely available programs that work with GIS shapefiles. For more information on the NFHL, see the online resources referenced herein. Using base maps: The minimum horizontal positional accuracy for base map hydrographic and transportation features used with the NFHL is the NSSDA radial accuracy of 38 feet. Letter of Map Amendment (LOMA) point locations are approximate. The location of the LOMA is referenced in the legal description of the letter itself. LOMA points can be viewed in the NFHL Interactive Map on the FEMA GeoPlatform.",,Federal Emergency Management Agency,,"['nfhl', 'nfip', 'flood', 'risk', 'fema', 'National Flood Hazard']",https://www.datalumos.org/datalumos/project/239797/version/V3/view,2020-02-10,2024-10-31
.\nfhl\coastal-transects,coastal-transects,Coastal Transects,"The National Flood Hazard Layer (NFHL) is a compilation of GIS data that comprises a nationwide digital Flood Insurance Rate Map. The GIS data and services are designed to provide the user with the ability to determine the flood zone, base flood elevation, and floodway status for a particular location. It also has information about the NFIP communities, map panels, cross sections, hydraulic structures, Coastal Barrier Resource System, and base maps such as road, stream, and public land survey data. Through flood studies, FEMA produces Flood Insurance Study Reports, FIRM Panels, and FIRM Databases. FIRM Databases that become effective are incorporated into the NFHL. Updates to the NFHL are issued through Letters of Map Revision (LOMRs) and Letters of Map Amendment (LOMAs). Continuously updated, the NFHL serves as a Digital Flood Insurance Rate Map representing the current effective flood data for those communities where maps have been digitized. NFHL data can be viewed with widely available GIS software, including freely available programs that work with GIS shapefiles. For more information on the NFHL, see the online resources referenced herein. Using base maps: The minimum horizontal positional accuracy for base map hydrographic and transportation features used with the NFHL is the NSSDA radial accuracy of 38 feet. Letter of Map Amendment (LOMA) point locations are approximate. The location of the LOMA is referenced in the legal description of the letter itself. LOMA points can be viewed in the NFHL Interactive Map on the FEMA GeoPlatform.",,Federal Emergency Management Agency,,"['nfhl', 'nfip', 'flood', 'risk', 'fema', 'National Flood Hazard']",https://www.datalumos.org/datalumos/project/239795/version/V3/view,2020-02-10,2024-10-31
.\nfhl\cross-sections-1,cross-sections-1,Cross-Sections,"The National Flood Hazard Layer (NFHL) is a compilation of GIS data that comprises a nationwide digital Flood Insurance Rate Map. The GIS data and services are designed to provide the user with the ability to determine the flood zone, base flood elevation, and floodway status for a particular location. It also has information about the NFIP communities, map panels, cross sections, hydraulic structures, Coastal Barrier Resource System, and base maps such as road, stream, and public land survey data. Through flood studies, FEMA produces Flood Insurance Study Reports, FIRM Panels, and FIRM Databases. FIRM Databases that become effective are incorporated into the NFHL. Updates to the NFHL are issued through Letters of Map Revision (LOMRs) and Letters of Map Amendment (LOMAs). Continuously updated, the NFHL serves as a Digital Flood Insurance Rate Map representing the current effective flood data for those communities where maps have been digitized. NFHL data can be viewed with widely available GIS software, including freely available programs that work with GIS shapefiles. For more information on the NFHL, see the online resources referenced herein. Using base maps: The minimum horizontal positional accuracy for base map hydrographic and transportation features used with the NFHL is the NSSDA radial accuracy of 38 feet. Letter of Map Amendment (LOMA) point locations are approximate. The location of the LOMA is referenced in the legal description of the letter itself. LOMA points can be viewed in the NFHL Interactive Map on the FEMA GeoPlatform.",,Federal Emergency Management Agency,,"['nfhl', 'nfip', 'flood', 'risk', 'fema', 'National Flood Hazard']",https://www.datalumos.org/datalumos/project/239967/version/V1/view,2020-02-10,2024-10-31
.\nfhl\datum-conversion-points-1,datum-conversion-points-1,Datum Conversion Points,"The National Flood Hazard Layer (NFHL) is a compilation of GIS data that comprises a nationwide digital Flood Insurance Rate Map. The GIS data and services are designed to provide the user with the ability to determine the flood zone, base flood elevation, and floodway status for a particular location. It also has information about the NFIP communities, map panels, cross sections, hydraulic structures, Coastal Barrier Resource System, and base maps such as road, stream, and public land survey data. Through flood studies, FEMA produces Flood Insurance Study Reports, FIRM Panels, and FIRM Databases. FIRM Databases that become effective are incorporated into the NFHL. Updates to the NFHL are issued through Letters of Map Revision (LOMRs) and Letters of Map Amendment (LOMAs). Continuously updated, the NFHL serves as a Digital Flood Insurance Rate Map representing the current effective flood data for those communities where maps have been digitized. NFHL data can be viewed with widely available GIS software, including freely available programs that work with GIS shapefiles. For more information on the NFHL, see the online resources referenced herein. Using base maps: The minimum horizontal positional accuracy for base map hydrographic and transportation features used with the NFHL is the NSSDA radial accuracy of 38 feet. Letter of Map Amendment (LOMA) point locations are approximate. The location of the LOMA is referenced in the legal description of the letter itself. LOMA points can be viewed in the NFHL Interactive Map on the FEMA GeoPlatform.",,Federal Emergency Management Agency,,"['nfhl', 'nfip', 'flood', 'risk', 'fema', 'National Flood Hazard']",https://www.datalumos.org/datalumos/project/239968/version/V1/view,2020-02-10,2024-10-31
.\nfhl\firm-panels-1,firm-panels-1,FIRM Panels,"The National Flood Hazard Layer (NFHL) is a compilation of GIS data that comprises a nationwide digital Flood Insurance Rate Map. The GIS data and services are designed to provide the user with the ability to determine the flood zone, base flood elevation, and floodway status for a particular location. It also has information about the NFIP communities, map panels, cross sections, hydraulic structures, Coastal Barrier Resource System, and base maps such as road, stream, and public land survey data. Through flood studies, FEMA produces Flood Insurance Study Reports, FIRM Panels, and FIRM Databases. FIRM Databases that become effective are incorporated into the NFHL. Updates to the NFHL are issued through Letters of Map Revision (LOMRs) and Letters of Map Amendment (LOMAs). Continuously updated, the NFHL serves as a Digital Flood Insurance Rate Map representing the current effective flood data for those communities where maps have been digitized. NFHL data can be viewed with widely available GIS software, including freely available programs that work with GIS shapefiles. For more information on the NFHL, see the online resources referenced herein. Using base maps: The minimum horizontal positional accuracy for base map hydrographic and transportation features used with the NFHL is the NSSDA radial accuracy of 38 feet. Letter of Map Amendment (LOMA) point locations are approximate. The location of the LOMA is referenced in the legal description of the letter itself. LOMA points can be viewed in the NFHL Interactive Map on the FEMA GeoPlatform.",,Federal Emergency Management Agency,,"['nfhl', 'nfip', 'flood', 'risk', 'fema', 'National Flood Hazard']",https://www.datalumos.org/datalumos/project/239969/version/V1/view,2020-02-10,2024-10-31
.\nfhl\flood-hazard-boundaries,flood-hazard-boundaries,Flood Hazard Boundaries,"The National Flood Hazard Layer (NFHL) is a compilation of GIS data that comprises a nationwide digital Flood Insurance Rate Map. The GIS data and services are designed to provide the user with the ability to determine the flood zone, base flood elevation, and floodway status for a particular location. It also has information about the NFIP communities, map panels, cross sections, hydraulic structures, Coastal Barrier Resource System, and base maps such as road, stream, and public land survey data. Through flood studies, FEMA produces Flood Insurance Study Reports, FIRM Panels, and FIRM Databases. FIRM Databases that become effective are incorporated into the NFHL. Updates to the NFHL are issued through Letters of Map Revision (LOMRs) and Letters of Map Amendment (LOMAs). Continuously updated, the NFHL serves as a Digital Flood Insurance Rate Map representing the current effective flood data for those communities where maps have been digitized. NFHL data can be viewed with widely available GIS software, including freely available programs that work with GIS shapefiles. For more information on the NFHL, see the online resources referenced herein. Using base maps: The minimum horizontal positional accuracy for base map hydrographic and transportation features used with the NFHL is the NSSDA radial accuracy of 38 feet. Letter of Map Amendment (LOMA) point locations are approximate. The location of the LOMA is referenced in the legal description of the letter itself. LOMA points can be viewed in the NFHL Interactive Map on the FEMA GeoPlatform.",,Federal Emergency Management Agency,,"['nfhl', 'nfip', 'flood', 'risk', 'fema', 'National Flood Hazard']",https://www.datalumos.org/datalumos/project/239970/version/V1/view,2020-02-10,2024-10-31
.\nfhl\flood-hazard-zones-1,flood-hazard-zones-1,Flood Hazard Zones,"The National Flood Hazard Layer (NFHL) is a compilation of GIS data that comprises a nationwide digital Flood Insurance Rate Map. The GIS data and services are designed to provide the user with the ability to determine the flood zone, base flood elevation, and floodway status for a particular location. It also has information about the NFIP communities, map panels, cross sections, hydraulic structures, Coastal Barrier Resource System, and base maps such as road, stream, and public land survey data. Through flood studies, FEMA produces Flood Insurance Study Reports, FIRM Panels, and FIRM Databases. FIRM Databases that become effective are incorporated into the NFHL. Updates to the NFHL are issued through Letters of Map Revision (LOMRs) and Letters of Map Amendment (LOMAs). Continuously updated, the NFHL serves as a Digital Flood Insurance Rate Map representing the current effective flood data for those communities where maps have been digitized. NFHL data can be viewed with widely available GIS software, including freely available programs that work with GIS shapefiles. For more information on the NFHL, see the online resources referenced herein. Using base maps: The minimum horizontal positional accuracy for base map hydrographic and transportation features used with the NFHL is the NSSDA radial accuracy of 38 feet. Letter of Map Amendment (LOMA) point locations are approximate. The location of the LOMA is referenced in the legal description of the letter itself. LOMA points can be viewed in the NFHL Interactive Map on the FEMA GeoPlatform.",,Federal Emergency Management Agency,,"['nfhl', 'nfip', 'flood', 'risk', 'fema', 'National Flood Hazard']",https://www.datalumos.org/datalumos/project/239971/version/V1/view,2020-02-10,2024-10-31
.\nfhl\gages-2,gages-2,Gages,"The National Flood Hazard Layer (NFHL) is a compilation of GIS data that comprises a nationwide digital Flood Insurance Rate Map. The GIS data and services are designed to provide the user with the ability to determine the flood zone, base flood elevation, and floodway status for a particular location. It also has information about the NFIP communities, map panels, cross sections, hydraulic structures, Coastal Barrier Resource System, and base maps such as road, stream, and public land survey data. Through flood studies, FEMA produces Flood Insurance Study Reports, FIRM Panels, and FIRM Databases. FIRM Databases that become effective are incorporated into the NFHL. Updates to the NFHL are issued through Letters of Map Revision (LOMRs) and Letters of Map Amendment (LOMAs). Continuously updated, the NFHL serves as a Digital Flood Insurance Rate Map representing the current effective flood data for those communities where maps have been digitized. NFHL data can be viewed with widely available GIS software, including freely available programs that work with GIS shapefiles. For more information on the NFHL, see the online resources referenced herein. Using base maps: The minimum horizontal positional accuracy for base map hydrographic and transportation features used with the NFHL is the NSSDA radial accuracy of 38 feet. Letter of Map Amendment (LOMA) point locations are approximate. The location of the LOMA is referenced in the legal description of the letter itself. LOMA points can be viewed in the NFHL Interactive Map on the FEMA GeoPlatform.",,Federal Emergency Management Agency,,"['nfhl', 'nfip', 'flood', 'risk', 'fema', 'National Flood Hazard']",https://www.datalumos.org/datalumos/project/239972/version/V1/view,2020-02-10,2024-10-31
.\nfhl\general-structures,general-structures,General Structures,"The National Flood Hazard Layer (NFHL) is a compilation of GIS data that comprises a nationwide digital Flood Insurance Rate Map. The GIS data and services are designed to provide the user with the ability to determine the flood zone, base flood elevation, and floodway status for a particular location. It also has information about the NFIP communities, map panels, cross sections, hydraulic structures, Coastal Barrier Resource System, and base maps such as road, stream, and public land survey data. Through flood studies, FEMA produces Flood Insurance Study Reports, FIRM Panels, and FIRM Databases. FIRM Databases that become effective are incorporated into the NFHL. Updates to the NFHL are issued through Letters of Map Revision (LOMRs) and Letters of Map Amendment (LOMAs). Continuously updated, the NFHL serves as a Digital Flood Insurance Rate Map representing the current effective flood data for those communities where maps have been digitized. NFHL data can be viewed with widely available GIS software, including freely available programs that work with GIS shapefiles. For more information on the NFHL, see the online resources referenced herein. Using base maps: The minimum horizontal positional accuracy for base map hydrographic and transportation features used with the NFHL is the NSSDA radial accuracy of 38 feet. Letter of Map Amendment (LOMA) point locations are approximate. The location of the LOMA is referenced in the legal description of the letter itself. LOMA points can be viewed in the NFHL Interactive Map on the FEMA GeoPlatform.",,Federal Emergency Management Agency,,"['nfhl', 'nfip', 'flood', 'risk', 'fema', 'National Flood Hazard']",https://www.datalumos.org/datalumos/project/239973/version/V1/view,2020-02-10,2024-10-31
.\nfhl\high-water-marks-1,high-water-marks-1,High Water Marks,"The National Flood Hazard Layer (NFHL) is a compilation of GIS data that comprises a nationwide digital Flood Insurance Rate Map. The GIS data and services are designed to provide the user with the ability to determine the flood zone, base flood elevation, and floodway status for a particular location. It also has information about the NFIP communities, map panels, cross sections, hydraulic structures, Coastal Barrier Resource System, and base maps such as road, stream, and public land survey data. Through flood studies, FEMA produces Flood Insurance Study Reports, FIRM Panels, and FIRM Databases. FIRM Databases that become effective are incorporated into the NFHL. Updates to the NFHL are issued through Letters of Map Revision (LOMRs) and Letters of Map Amendment (LOMAs). Continuously updated, the NFHL serves as a Digital Flood Insurance Rate Map representing the current effective flood data for those communities where maps have been digitized. NFHL data can be viewed with widely available GIS software, including freely available programs that work with GIS shapefiles. For more information on the NFHL, see the online resources referenced herein. Using base maps: The minimum horizontal positional accuracy for base map hydrographic and transportation features used with the NFHL is the NSSDA radial accuracy of 38 feet. Letter of Map Amendment (LOMA) point locations are approximate. The location of the LOMA is referenced in the legal description of the letter itself. LOMA points can be viewed in the NFHL Interactive Map on the FEMA GeoPlatform.",,Federal Emergency Management Agency,,"['nfhl', 'nfip', 'flood', 'risk', 'fema', 'National Flood Hazard']",https://www.datalumos.org/datalumos/project/239974/version/V1/view,2020-02-10,2024-10-31
.\nfhl\hydrologic-reaches-1,hydrologic-reaches-1,Hydrologic Reaches,"The National Flood Hazard Layer (NFHL) is a compilation of GIS data that comprises a nationwide digital Flood Insurance Rate Map. The GIS data and services are designed to provide the user with the ability to determine the flood zone, base flood elevation, and floodway status for a particular location. It also has information about the NFIP communities, map panels, cross sections, hydraulic structures, Coastal Barrier Resource System, and base maps such as road, stream, and public land survey data. Through flood studies, FEMA produces Flood Insurance Study Reports, FIRM Panels, and FIRM Databases. FIRM Databases that become effective are incorporated into the NFHL. Updates to the NFHL are issued through Letters of Map Revision (LOMRs) and Letters of Map Amendment (LOMAs). Continuously updated, the NFHL serves as a Digital Flood Insurance Rate Map representing the current effective flood data for those communities where maps have been digitized. NFHL data can be viewed with widely available GIS software, including freely available programs that work with GIS shapefiles. For more information on the NFHL, see the online resources referenced herein. Using base maps: The minimum horizontal positional accuracy for base map hydrographic and transportation features used with the NFHL is the NSSDA radial accuracy of 38 feet. Letter of Map Amendment (LOMA) point locations are approximate. The location of the LOMA is referenced in the legal description of the letter itself. LOMA points can be viewed in the NFHL Interactive Map on the FEMA GeoPlatform.",,Federal Emergency Management Agency,,"['nfhl', 'nfip', 'flood', 'risk', 'fema', 'National Flood Hazard']",https://www.datalumos.org/datalumos/project/239975/version/V1/view,2020-02-10,2024-10-31
.\nfhl\levees-1,levees-1,Levees,"The National Flood Hazard Layer (NFHL) is a compilation of GIS data that comprises a nationwide digital Flood Insurance Rate Map. The GIS data and services are designed to provide the user with the ability to determine the flood zone, base flood elevation, and floodway status for a particular location. It also has information about the NFIP communities, map panels, cross sections, hydraulic structures, Coastal Barrier Resource System, and base maps such as road, stream, and public land survey data. Through flood studies, FEMA produces Flood Insurance Study Reports, FIRM Panels, and FIRM Databases. FIRM Databases that become effective are incorporated into the NFHL. Updates to the NFHL are issued through Letters of Map Revision (LOMRs) and Letters of Map Amendment (LOMAs). Continuously updated, the NFHL serves as a Digital Flood Insurance Rate Map representing the current effective flood data for those communities where maps have been digitized. NFHL data can be viewed with widely available GIS software, including freely available programs that work with GIS shapefiles. For more information on the NFHL, see the online resources referenced herein. Using base maps: The minimum horizontal positional accuracy for base map hydrographic and transportation features used with the NFHL is the NSSDA radial accuracy of 38 feet. Letter of Map Amendment (LOMA) point locations are approximate. The location of the LOMA is referenced in the legal description of the letter itself. LOMA points can be viewed in the NFHL Interactive Map on the FEMA GeoPlatform.",,Federal Emergency Management Agency,,"['nfhl', 'nfip', 'flood', 'risk', 'fema', 'National Flood Hazard']",https://www.datalumos.org/datalumos/project/239976/version/V1/view,2020-02-10,2024-10-31
.\nfhl\limit-of-moderate-wave-action-1,limit-of-moderate-wave-action-1,Limit of Moderate Wave Action,"The National Flood Hazard Layer (NFHL) is a compilation of GIS data that comprises a nationwide digital Flood Insurance Rate Map. The GIS data and services are designed to provide the user with the ability to determine the flood zone, base flood elevation, and floodway status for a particular location. It also has information about the NFIP communities, map panels, cross sections, hydraulic structures, Coastal Barrier Resource System, and base maps such as road, stream, and public land survey data. Through flood studies, FEMA produces Flood Insurance Study Reports, FIRM Panels, and FIRM Databases. FIRM Databases that become effective are incorporated into the NFHL. Updates to the NFHL are issued through Letters of Map Revision (LOMRs) and Letters of Map Amendment (LOMAs). Continuously updated, the NFHL serves as a Digital Flood Insurance Rate Map representing the current effective flood data for those communities where maps have been digitized. NFHL data can be viewed with widely available GIS software, including freely available programs that work with GIS shapefiles. For more information on the NFHL, see the online resources referenced herein. Using base maps: The minimum horizontal positional accuracy for base map hydrographic and transportation features used with the NFHL is the NSSDA radial accuracy of 38 feet. Letter of Map Amendment (LOMA) point locations are approximate. The location of the LOMA is referenced in the legal description of the letter itself. LOMA points can be viewed in the NFHL Interactive Map on the FEMA GeoPlatform.",,Federal Emergency Management Agency,,"['nfhl', 'nfip', 'flood', 'risk', 'fema', 'National Flood Hazard']",https://www.datalumos.org/datalumos/project/239977/version/V1/view,2020-02-10,2024-10-31
.\nfhl\lomas-1,lomas-1,LOMAs,"The National Flood Hazard Layer (NFHL) is a compilation of GIS data that comprises a nationwide digital Flood Insurance Rate Map. The GIS data and services are designed to provide the user with the ability to determine the flood zone, base flood elevation, and floodway status for a particular location. It also has information about the NFIP communities, map panels, cross sections, hydraulic structures, Coastal Barrier Resource System, and base maps such as road, stream, and public land survey data. Through flood studies, FEMA produces Flood Insurance Study Reports, FIRM Panels, and FIRM Databases. FIRM Databases that become effective are incorporated into the NFHL. Updates to the NFHL are issued through Letters of Map Revision (LOMRs) and Letters of Map Amendment (LOMAs). Continuously updated, the NFHL serves as a Digital Flood Insurance Rate Map representing the current effective flood data for those communities where maps have been digitized. NFHL data can be viewed with widely available GIS software, including freely available programs that work with GIS shapefiles. For more information on the NFHL, see the online resources referenced herein. Using base maps: The minimum horizontal positional accuracy for base map hydrographic and transportation features used with the NFHL is the NSSDA radial accuracy of 38 feet. Letter of Map Amendment (LOMA) point locations are approximate. The location of the LOMA is referenced in the legal description of the letter itself. LOMA points can be viewed in the NFHL Interactive Map on the FEMA GeoPlatform.",,Federal Emergency Management Agency,,"['nfhl', 'nfip', 'flood', 'risk', 'fema', 'National Flood Hazard']",https://www.datalumos.org/datalumos/project/239978/version/V1/view,2020-02-10,2024-10-31
.\nfhl\lomrs,lomrs,LOMRs,"The National Flood Hazard Layer (NFHL) is a compilation of GIS data that comprises a nationwide digital Flood Insurance Rate Map. The GIS data and services are designed to provide the user with the ability to determine the flood zone, base flood elevation, and floodway status for a particular location. It also has information about the NFIP communities, map panels, cross sections, hydraulic structures, Coastal Barrier Resource System, and base maps such as road, stream, and public land survey data. Through flood studies, FEMA produces Flood Insurance Study Reports, FIRM Panels, and FIRM Databases. FIRM Databases that become effective are incorporated into the NFHL. Updates to the NFHL are issued through Letters of Map Revision (LOMRs) and Letters of Map Amendment (LOMAs). Continuously updated, the NFHL serves as a Digital Flood Insurance Rate Map representing the current effective flood data for those communities where maps have been digitized. NFHL data can be viewed with widely available GIS software, including freely available programs that work with GIS shapefiles. For more information on the NFHL, see the online resources referenced herein. Using base maps: The minimum horizontal positional accuracy for base map hydrographic and transportation features used with the NFHL is the NSSDA radial accuracy of 38 feet. Letter of Map Amendment (LOMA) point locations are approximate. The location of the LOMA is referenced in the legal description of the letter itself. LOMA points can be viewed in the NFHL Interactive Map on the FEMA GeoPlatform.",,Federal Emergency Management Agency,,"['nfhl', 'nfip', 'flood', 'risk', 'fema', 'National Flood Hazard']",https://www.datalumos.org/datalumos/project/239979/version/V1/view,2020-02-10,2024-10-31
.\nfhl\nfhl-availability,nfhl-availability,NFHL Availability,"The National Flood Hazard Layer (NFHL) is a compilation of GIS data that comprises a nationwide digital Flood Insurance Rate Map. The GIS data and services are designed to provide the user with the ability to determine the flood zone, base flood elevation, and floodway status for a particular location. It also has information about the NFIP communities, map panels, cross sections, hydraulic structures, Coastal Barrier Resource System, and base maps such as road, stream, and public land survey data. Through flood studies, FEMA produces Flood Insurance Study Reports, FIRM Panels, and FIRM Databases. FIRM Databases that become effective are incorporated into the NFHL. Updates to the NFHL are issued through Letters of Map Revision (LOMRs) and Letters of Map Amendment (LOMAs). Continuously updated, the NFHL serves as a Digital Flood Insurance Rate Map representing the current effective flood data for those communities where maps have been digitized. NFHL data can be viewed with widely available GIS software, including freely available programs that work with GIS shapefiles. For more information on the NFHL, see the online resources referenced herein. Using base maps: The minimum horizontal positional accuracy for base map hydrographic and transportation features used with the NFHL is the NSSDA radial accuracy of 38 feet. Letter of Map Amendment (LOMA) point locations are approximate. The location of the LOMA is referenced in the legal description of the letter itself. LOMA points can be viewed in the NFHL Interactive Map on the FEMA GeoPlatform.",,Federal Emergency Management Agency,,"['nfhl', 'nfip', 'flood', 'risk', 'fema', 'National Flood Hazard']",https://www.datalumos.org/datalumos/project/239980/version/V1/view,2020-02-10,2024-10-31
.\nfhl\nodes,nodes,Nodes,"The National Flood Hazard Layer (NFHL) is a compilation of GIS data that comprises a nationwide digital Flood Insurance Rate Map. The GIS data and services are designed to provide the user with the ability to determine the flood zone, base flood elevation, and floodway status for a particular location. It also has information about the NFIP communities, map panels, cross sections, hydraulic structures, Coastal Barrier Resource System, and base maps such as road, stream, and public land survey data. Through flood studies, FEMA produces Flood Insurance Study Reports, FIRM Panels, and FIRM Databases. FIRM Databases that become effective are incorporated into the NFHL. Updates to the NFHL are issued through Letters of Map Revision (LOMRs) and Letters of Map Amendment (LOMAs). Continuously updated, the NFHL serves as a Digital Flood Insurance Rate Map representing the current effective flood data for those communities where maps have been digitized. NFHL data can be viewed with widely available GIS software, including freely available programs that work with GIS shapefiles. For more information on the NFHL, see the online resources referenced herein. Using base maps: The minimum horizontal positional accuracy for base map hydrographic and transportation features used with the NFHL is the NSSDA radial accuracy of 38 feet. Letter of Map Amendment (LOMA) point locations are approximate. The location of the LOMA is referenced in the legal description of the letter itself. LOMA points can be viewed in the NFHL Interactive Map on the FEMA GeoPlatform.",,Federal Emergency Management Agency,,"['nfhl', 'nfip', 'flood', 'risk', 'fema', 'National Flood Hazard']",https://www.datalumos.org/datalumos/project/239981/version/V1/view,2020-02-10,2024-10-31
.\nfhl\plss,plss,PLSS,"The National Flood Hazard Layer (NFHL) is a compilation of GIS data that comprises a nationwide digital Flood Insurance Rate Map. The GIS data and services are designed to provide the user with the ability to determine the flood zone, base flood elevation, and floodway status for a particular location. It also has information about the NFIP communities, map panels, cross sections, hydraulic structures, Coastal Barrier Resource System, and base maps such as road, stream, and public land survey data. Through flood studies, FEMA produces Flood Insurance Study Reports, FIRM Panels, and FIRM Databases. FIRM Databases that become effective are incorporated into the NFHL. Updates to the NFHL are issued through Letters of Map Revision (LOMRs) and Letters of Map Amendment (LOMAs). Continuously updated, the NFHL serves as a Digital Flood Insurance Rate Map representing the current effective flood data for those communities where maps have been digitized. NFHL data can be viewed with widely available GIS software, including freely available programs that work with GIS shapefiles. For more information on the NFHL, see the online resources referenced herein. Using base maps: The minimum horizontal positional accuracy for base map hydrographic and transportation features used with the NFHL is the NSSDA radial accuracy of 38 feet. Letter of Map Amendment (LOMA) point locations are approximate. The location of the LOMA is referenced in the legal description of the letter itself. LOMA points can be viewed in the NFHL Interactive Map on the FEMA GeoPlatform.",,Federal Emergency Management Agency,,"['nfhl', 'nfip', 'flood', 'risk', 'fema', 'National Flood Hazard']",https://www.datalumos.org/datalumos/project/239982/version/V1/view,2020-02-10,2024-10-31
.\nfhl\political-jurisdictions-1,political-jurisdictions-1,Political Jurisdictions,"The National Flood Hazard Layer (NFHL) is a compilation of GIS data that comprises a nationwide digital Flood Insurance Rate Map. The GIS data and services are designed to provide the user with the ability to determine the flood zone, base flood elevation, and floodway status for a particular location. It also has information about the NFIP communities, map panels, cross sections, hydraulic structures, Coastal Barrier Resource System, and base maps such as road, stream, and public land survey data. Through flood studies, FEMA produces Flood Insurance Study Reports, FIRM Panels, and FIRM Databases. FIRM Databases that become effective are incorporated into the NFHL. Updates to the NFHL are issued through Letters of Map Revision (LOMRs) and Letters of Map Amendment (LOMAs). Continuously updated, the NFHL serves as a Digital Flood Insurance Rate Map representing the current effective flood data for those communities where maps have been digitized. NFHL data can be viewed with widely available GIS software, including freely available programs that work with GIS shapefiles. For more information on the NFHL, see the online resources referenced herein. Using base maps: The minimum horizontal positional accuracy for base map hydrographic and transportation features used with the NFHL is the NSSDA radial accuracy of 38 feet. Letter of Map Amendment (LOMA) point locations are approximate. The location of the LOMA is referenced in the legal description of the letter itself. LOMA points can be viewed in the NFHL Interactive Map on the FEMA GeoPlatform.",,Federal Emergency Management Agency,,"['nfhl', 'nfip', 'flood', 'risk', 'fema', 'National Flood Hazard']",https://www.datalumos.org/datalumos/project/239983/version/V1/view,2020-02-10,2024-10-31
.\nfhl\primary-frontal-dunes,primary-frontal-dunes,Primary Frontal Dunes,"The National Flood Hazard Layer (NFHL) is a compilation of GIS data that comprises a nationwide digital Flood Insurance Rate Map. The GIS data and services are designed to provide the user with the ability to determine the flood zone, base flood elevation, and floodway status for a particular location. It also has information about the NFIP communities, map panels, cross sections, hydraulic structures, Coastal Barrier Resource System, and base maps such as road, stream, and public land survey data. Through flood studies, FEMA produces Flood Insurance Study Reports, FIRM Panels, and FIRM Databases. FIRM Databases that become effective are incorporated into the NFHL. Updates to the NFHL are issued through Letters of Map Revision (LOMRs) and Letters of Map Amendment (LOMAs). Continuously updated, the NFHL serves as a Digital Flood Insurance Rate Map representing the current effective flood data for those communities where maps have been digitized. NFHL data can be viewed with widely available GIS software, including freely available programs that work with GIS shapefiles. For more information on the NFHL, see the online resources referenced herein. Using base maps: The minimum horizontal positional accuracy for base map hydrographic and transportation features used with the NFHL is the NSSDA radial accuracy of 38 feet. Letter of Map Amendment (LOMA) point locations are approximate. The location of the LOMA is referenced in the legal description of the letter itself. LOMA points can be viewed in the NFHL Interactive Map on the FEMA GeoPlatform.",,Federal Emergency Management Agency,,"['nfhl', 'nfip', 'flood', 'risk', 'fema', 'National Flood Hazard']",https://www.datalumos.org/datalumos/project/239984/version/V1/view,2020-02-10,2024-10-31
.\nfhl\profile-baselines,profile-baselines,Profile Baselines,"The National Flood Hazard Layer (NFHL) is a compilation of GIS data that comprises a nationwide digital Flood Insurance Rate Map. The GIS data and services are designed to provide the user with the ability to determine the flood zone, base flood elevation, and floodway status for a particular location. It also has information about the NFIP communities, map panels, cross sections, hydraulic structures, Coastal Barrier Resource System, and base maps such as road, stream, and public land survey data. Through flood studies, FEMA produces Flood Insurance Study Reports, FIRM Panels, and FIRM Databases. FIRM Databases that become effective are incorporated into the NFHL. Updates to the NFHL are issued through Letters of Map Revision (LOMRs) and Letters of Map Amendment (LOMAs). Continuously updated, the NFHL serves as a Digital Flood Insurance Rate Map representing the current effective flood data for those communities where maps have been digitized. NFHL data can be viewed with widely available GIS software, including freely available programs that work with GIS shapefiles. For more information on the NFHL, see the online resources referenced herein. Using base maps: The minimum horizontal positional accuracy for base map hydrographic and transportation features used with the NFHL is the NSSDA radial accuracy of 38 feet. Letter of Map Amendment (LOMA) point locations are approximate. The location of the LOMA is referenced in the legal description of the letter itself. LOMA points can be viewed in the NFHL Interactive Map on the FEMA GeoPlatform.",,Federal Emergency Management Agency,,"['nfhl', 'nfip', 'flood', 'risk', 'fema', 'National Flood Hazard']",https://www.datalumos.org/datalumos/project/239985/version/V1/view,2020-02-10,2024-10-31
.\nfhl\river-mile-markers,river-mile-markers,River Mile Markers,"The National Flood Hazard Layer (NFHL) is a compilation of GIS data that comprises a nationwide digital Flood Insurance Rate Map. The GIS data and services are designed to provide the user with the ability to determine the flood zone, base flood elevation, and floodway status for a particular location. It also has information about the NFIP communities, map panels, cross sections, hydraulic structures, Coastal Barrier Resource System, and base maps such as road, stream, and public land survey data. Through flood studies, FEMA produces Flood Insurance Study Reports, FIRM Panels, and FIRM Databases. FIRM Databases that become effective are incorporated into the NFHL. Updates to the NFHL are issued through Letters of Map Revision (LOMRs) and Letters of Map Amendment (LOMAs). Continuously updated, the NFHL serves as a Digital Flood Insurance Rate Map representing the current effective flood data for those communities where maps have been digitized. NFHL data can be viewed with widely available GIS software, including freely available programs that work with GIS shapefiles. For more information on the NFHL, see the online resources referenced herein. Using base maps: The minimum horizontal positional accuracy for base map hydrographic and transportation features used with the NFHL is the NSSDA radial accuracy of 38 feet. Letter of Map Amendment (LOMA) point locations are approximate. The location of the LOMA is referenced in the legal description of the letter itself. LOMA points can be viewed in the NFHL Interactive Map on the FEMA GeoPlatform.",,Federal Emergency Management Agency,,"['nfhl', 'nfip', 'flood', 'risk', 'fema', 'National Flood Hazard']",https://www.datalumos.org/datalumos/project/239986/version/V1/view,2020-02-10,2024-10-31
.\nfhl\seclusion-boundaries,seclusion-boundaries,Seclusion Boundaries,"The National Flood Hazard Layer (NFHL) is a compilation of GIS data that comprises a nationwide digital Flood Insurance Rate Map. The GIS data and services are designed to provide the user with the ability to determine the flood zone, base flood elevation, and floodway status for a particular location. It also has information about the NFIP communities, map panels, cross sections, hydraulic structures, Coastal Barrier Resource System, and base maps such as road, stream, and public land survey data. Through flood studies, FEMA produces Flood Insurance Study Reports, FIRM Panels, and FIRM Databases. FIRM Databases that become effective are incorporated into the NFHL. Updates to the NFHL are issued through Letters of Map Revision (LOMRs) and Letters of Map Amendment (LOMAs). Continuously updated, the NFHL serves as a Digital Flood Insurance Rate Map representing the current effective flood data for those communities where maps have been digitized. NFHL data can be viewed with widely available GIS software, including freely available programs that work with GIS shapefiles. For more information on the NFHL, see the online resources referenced herein. Using base maps: The minimum horizontal positional accuracy for base map hydrographic and transportation features used with the NFHL is the NSSDA radial accuracy of 38 feet. Letter of Map Amendment (LOMA) point locations are approximate. The location of the LOMA is referenced in the legal description of the letter itself. LOMA points can be viewed in the NFHL Interactive Map on the FEMA GeoPlatform.",,Federal Emergency Management Agency,,"['nfhl', 'nfip', 'flood', 'risk', 'fema', 'National Flood Hazard']",https://www.datalumos.org/datalumos/project/239987/version/V1/view,2020-02-10,2024-10-31
.\nfhl\station-start-points,station-start-points,Station Start Points,"The National Flood Hazard Layer (NFHL) is a compilation of GIS data that comprises a nationwide digital Flood Insurance Rate Map. The GIS data and services are designed to provide the user with the ability to determine the flood zone, base flood elevation, and floodway status for a particular location. It also has information about the NFIP communities, map panels, cross sections, hydraulic structures, Coastal Barrier Resource System, and base maps such as road, stream, and public land survey data. Through flood studies, FEMA produces Flood Insurance Study Reports, FIRM Panels, and FIRM Databases. FIRM Databases that become effective are incorporated into the NFHL. Updates to the NFHL are issued through Letters of Map Revision (LOMRs) and Letters of Map Amendment (LOMAs). Continuously updated, the NFHL serves as a Digital Flood Insurance Rate Map representing the current effective flood data for those communities where maps have been digitized. NFHL data can be viewed with widely available GIS software, including freely available programs that work with GIS shapefiles. For more information on the NFHL, see the online resources referenced herein. Using base maps: The minimum horizontal positional accuracy for base map hydrographic and transportation features used with the NFHL is the NSSDA radial accuracy of 38 feet. Letter of Map Amendment (LOMA) point locations are approximate. The location of the LOMA is referenced in the legal description of the letter itself. LOMA points can be viewed in the NFHL Interactive Map on the FEMA GeoPlatform.",,Federal Emergency Management Agency,,"['nfhl', 'nfip', 'flood', 'risk', 'fema', 'National Flood Hazard']",https://www.datalumos.org/datalumos/project/239988/version/V1/view,2020-02-10,2024-10-31
.\nfhl\study-info,study-info,Study Info,"The National Flood Hazard Layer (NFHL) is a compilation of GIS data that comprises a nationwide digital Flood Insurance Rate Map. The GIS data and services are designed to provide the user with the ability to determine the flood zone, base flood elevation, and floodway status for a particular location. It also has information about the NFIP communities, map panels, cross sections, hydraulic structures, Coastal Barrier Resource System, and base maps such as road, stream, and public land survey data. Through flood studies, FEMA produces Flood Insurance Study Reports, FIRM Panels, and FIRM Databases. FIRM Databases that become effective are incorporated into the NFHL. Updates to the NFHL are issued through Letters of Map Revision (LOMRs) and Letters of Map Amendment (LOMAs). Continuously updated, the NFHL serves as a Digital Flood Insurance Rate Map representing the current effective flood data for those communities where maps have been digitized. NFHL data can be viewed with widely available GIS software, including freely available programs that work with GIS shapefiles. For more information on the NFHL, see the online resources referenced herein. Using base maps: The minimum horizontal positional accuracy for base map hydrographic and transportation features used with the NFHL is the NSSDA radial accuracy of 38 feet. Letter of Map Amendment (LOMA) point locations are approximate. The location of the LOMA is referenced in the legal description of the letter itself. LOMA points can be viewed in the NFHL Interactive Map on the FEMA GeoPlatform.",,Federal Emergency Management Agency,,"['nfhl', 'nfip', 'flood', 'risk', 'fema', 'National Flood Hazard']",https://www.datalumos.org/datalumos/project/239989/version/V1/view,2020-02-10,2024-10-31
.\nfhl\subbasins,subbasins,Subbasins,"The National Flood Hazard Layer (NFHL) is a compilation of GIS data that comprises a nationwide digital Flood Insurance Rate Map. The GIS data and services are designed to provide the user with the ability to determine the flood zone, base flood elevation, and floodway status for a particular location. It also has information about the NFIP communities, map panels, cross sections, hydraulic structures, Coastal Barrier Resource System, and base maps such as road, stream, and public land survey data. Through flood studies, FEMA produces Flood Insurance Study Reports, FIRM Panels, and FIRM Databases. FIRM Databases that become effective are incorporated into the NFHL. Updates to the NFHL are issued through Letters of Map Revision (LOMRs) and Letters of Map Amendment (LOMAs). Continuously updated, the NFHL serves as a Digital Flood Insurance Rate Map representing the current effective flood data for those communities where maps have been digitized. NFHL data can be viewed with widely available GIS software, including freely available programs that work with GIS shapefiles. For more information on the NFHL, see the online resources referenced herein. Using base maps: The minimum horizontal positional accuracy for base map hydrographic and transportation features used with the NFHL is the NSSDA radial accuracy of 38 feet. Letter of Map Amendment (LOMA) point locations are approximate. The location of the LOMA is referenced in the legal description of the letter itself. LOMA points can be viewed in the NFHL Interactive Map on the FEMA GeoPlatform.",,Federal Emergency Management Agency,,"['nfhl', 'nfip', 'flood', 'risk', 'fema', 'National Flood Hazard']",https://www.datalumos.org/datalumos/project/239990/version/V1/view,2020-02-10,2024-10-31
.\nfhl\transect-baselines,transect-baselines,Transect Baselines,"The National Flood Hazard Layer (NFHL) is a compilation of GIS data that comprises a nationwide digital Flood Insurance Rate Map. The GIS data and services are designed to provide the user with the ability to determine the flood zone, base flood elevation, and floodway status for a particular location. It also has information about the NFIP communities, map panels, cross sections, hydraulic structures, Coastal Barrier Resource System, and base maps such as road, stream, and public land survey data. Through flood studies, FEMA produces Flood Insurance Study Reports, FIRM Panels, and FIRM Databases. FIRM Databases that become effective are incorporated into the NFHL. Updates to the NFHL are issued through Letters of Map Revision (LOMRs) and Letters of Map Amendment (LOMAs). Continuously updated, the NFHL serves as a Digital Flood Insurance Rate Map representing the current effective flood data for those communities where maps have been digitized. NFHL data can be viewed with widely available GIS software, including freely available programs that work with GIS shapefiles. For more information on the NFHL, see the online resources referenced herein. Using base maps: The minimum horizontal positional accuracy for base map hydrographic and transportation features used with the NFHL is the NSSDA radial accuracy of 38 feet. Letter of Map Amendment (LOMA) point locations are approximate. The location of the LOMA is referenced in the legal description of the letter itself. LOMA points can be viewed in the NFHL Interactive Map on the FEMA GeoPlatform.",,Federal Emergency Management Agency,,"['nfhl', 'nfip', 'flood', 'risk', 'fema', 'National Flood Hazard']",https://www.datalumos.org/datalumos/project/239991/version/V1/view,2020-02-10,2024-10-31
.\nhd\area-large-scale-2,area-large-scale-2,Area - Large Scale,"Please use 3DHP for updated data The USGS National Hydrography Dataset (NHD) service from The National Map is a comprehensive set of digital spatial data that encodes information about naturally occurring and constructed bodies of surface water (lakes, ponds, and reservoirs), paths through which water flows (canals, ditches, streams, and rivers), and related entities such as point features (springs, wells, stream gages, and dams). The information encoded about these features includes classification and other characteristics, delineation, geographic name, position and related measures, a ""reach code"" through which other information can be related to the NHD, and the direction of water flow. The network of reach codes delineating water and transported material flow allows users to trace movement in upstream and downstream directions. In addition to this geographic information, the dataset contains metadata that supports the exchange of future updates and improvements to the data. The NHD is available nationwide in two seamless datasets, one based on 1:24,000 (or larger) scale and referred to as high resolution NHD, and the other based on 1:100,000 scale and referred to as medium resolution NHD. The NHD from The National Map supports many applications, such as making maps, geocoding observations, flow modeling, data maintenance, and stewardship. The NHD is commonly combined with other data themes, such as boundaries, elevation, structures, and transportation, to produce general reference base maps. The National Map download client allows free downloads of public domain NHD data in either Esri File Geodatabase or Shapefile formats. For additional information on the NHD, go to https://www.usgs.gov/national-hydrography/national-hydrography-dataset. See https://apps.nationalmap.gov/help/ for assistance with The National Map viewer, download client, services, or metadata.  Data Refreshed January, 2024.",,US Geological Survey,,"['a-16', 'ngda', 'water – inland', 'hydrography', 'NHD', 'water', 'drainage', 'river', 'stream', 'canal', 'ditch', 'lake', 'pond', 'reservoir', 'swamp', 'marsh', 'spring', 'well', 'dam', 'gage', 'WBD', 'HU', 'hydrologic unit', 'region', 'subregion', 'basin', 'subbasin', 'watershed', 'subwatershed', 'US', 'WMS']",https://www.datalumos.org/datalumos/project/239953/version/V1/view,2024-03-20,2025-07-03
.\nhd\area-small-scale-2,area-small-scale-2,Area - Small Scale,"Please use 3DHP for updated data The USGS National Hydrography Dataset (NHD) service from The National Map is a comprehensive set of digital spatial data that encodes information about naturally occurring and constructed bodies of surface water (lakes, ponds, and reservoirs), paths through which water flows (canals, ditches, streams, and rivers), and related entities such as point features (springs, wells, stream gages, and dams). The information encoded about these features includes classification and other characteristics, delineation, geographic name, position and related measures, a ""reach code"" through which other information can be related to the NHD, and the direction of water flow. The network of reach codes delineating water and transported material flow allows users to trace movement in upstream and downstream directions. In addition to this geographic information, the dataset contains metadata that supports the exchange of future updates and improvements to the data. The NHD is available nationwide in two seamless datasets, one based on 1:24,000 (or larger) scale and referred to as high resolution NHD, and the other based on 1:100,000 scale and referred to as medium resolution NHD. The NHD from The National Map supports many applications, such as making maps, geocoding observations, flow modeling, data maintenance, and stewardship. The NHD is commonly combined with other data themes, such as boundaries, elevation, structures, and transportation, to produce general reference base maps. The National Map download client allows free downloads of public domain NHD data in either Esri File Geodatabase or Shapefile formats. For additional information on the NHD, go to https://www.usgs.gov/national-hydrography/national-hydrography-dataset. See https://apps.nationalmap.gov/help/ for assistance with The National Map viewer, download client, services, or metadata.  Data Refreshed January, 2024.",,US Geological Survey,,"['a-16', 'ngda', 'water – inland', 'hydrography', 'NHD', 'water', 'drainage', 'river', 'stream', 'canal', 'ditch', 'lake', 'pond', 'reservoir', 'swamp', 'marsh', 'spring', 'well', 'dam', 'gage', 'WBD', 'HU', 'hydrologic unit', 'region', 'subregion', 'basin', 'subbasin', 'watershed', 'subwatershed', 'US', 'WMS']",https://www.datalumos.org/datalumos/project/239954/version/V1/view,2024-03-20,2025-07-03
.\nhd\area-small-scale-hi-pr-vi-pacific-territories-2,area-small-scale-hi-pr-vi-pacific-territories-2,"Area - Small Scale (HI, PR, VI, Pacific Territories)","Please use 3DHP for updated data The USGS National Hydrography Dataset (NHD) service from The National Map is a comprehensive set of digital spatial data that encodes information about naturally occurring and constructed bodies of surface water (lakes, ponds, and reservoirs), paths through which water flows (canals, ditches, streams, and rivers), and related entities such as point features (springs, wells, stream gages, and dams). The information encoded about these features includes classification and other characteristics, delineation, geographic name, position and related measures, a ""reach code"" through which other information can be related to the NHD, and the direction of water flow. The network of reach codes delineating water and transported material flow allows users to trace movement in upstream and downstream directions. In addition to this geographic information, the dataset contains metadata that supports the exchange of future updates and improvements to the data. The NHD is available nationwide in two seamless datasets, one based on 1:24,000 (or larger) scale and referred to as high resolution NHD, and the other based on 1:100,000 scale and referred to as medium resolution NHD. The NHD from The National Map supports many applications, such as making maps, geocoding observations, flow modeling, data maintenance, and stewardship. The NHD is commonly combined with other data themes, such as boundaries, elevation, structures, and transportation, to produce general reference base maps. The National Map download client allows free downloads of public domain NHD data in either Esri File Geodatabase or Shapefile formats. For additional information on the NHD, go to https://www.usgs.gov/national-hydrography/national-hydrography-dataset. See https://apps.nationalmap.gov/help/ for assistance with The National Map viewer, download client, services, or metadata.  Data Refreshed January, 2024.",,US Geological Survey,,"['a-16', 'ngda', 'water – inland', 'hydrography', 'NHD', 'water', 'drainage', 'river', 'stream', 'canal', 'ditch', 'lake', 'pond', 'reservoir', 'swamp', 'marsh', 'spring', 'well', 'dam', 'gage', 'WBD', 'HU', 'hydrologic unit', 'region', 'subregion', 'basin', 'subbasin', 'watershed', 'subwatershed', 'US', 'WMS']",https://www.datalumos.org/datalumos/project/239955/version/V1/view,2024-03-20,2025-07-03
.\nhd\catchment,catchment,Catchment,"The USGS 3D Hydrography Program (3DHP) ArcGIS REST service (3DHP_all) from The National Map is the first of several data services that will be delivered by the 3D Hydrography Program. The 3DHP_all comprises a national network of flowlines, hydrolocations, and water bodies, and will include catchments, drainage areas, and flow network derivatives as they are populated in the future. The 3DHP_all service will provide access to a 3D-enabled geospatial hydrography vector dataset built from 3DHP data and intended to provide the most comprehensive but general rendering of 3DHP data. 3DHP data is derived from elevation-derived hydrography (EDH) Elevation-Derived Hydrography Specifications | U.S. Geological Survey (usgs.gov) where available. Where EDH has not been collected, 3DHP data will be supplemented by data from the National Hydrography Dataset (NHD) National Hydrography Dataset | U.S. Geological Survey (usgs.gov). As further EDH data is collected, the EDH data will replace the NHD data in that data collection area. 3DHP data ingested from EDH sources will include catchments, drainage areas derived from catchments, and flowline network attribute derivatives.For additional information on the 3DHP, go to https://www.usgs.gov/3dhp.See https://apps.nationalmap.gov/help/ for assistance with The National Map viewer, download client, services, or metadata.",U.S. Geological Survey,US Geological Survey,,"['a-16', 'NGDA', 'water – inland', 'hydrography', 'surface-water', '3DHP', 'EDH', 'water', 'drainage', 'river', 'stream', 'canal', 'ditch', 'lake', 'pond', 'spring', 'waterbody', 'water body', 'hydrolocation', 'hydrolocations', '3DTNM', '3DEP', 'elevation derived hydrography', 'elev-hydro', 'region', 'subregion', 'basin', 'catchment', 'drainage area', 'watershed', 'United States', 'US', 'NGP-TNM', 'REST', 'WMS', 'HIFLD', 'Feature Service', 'SDI', 'NSDI', 'Open Data', 'FGDC', 'Emergency Preparedness', 'Disaster Planning', 'Infrastructure']",https://www.datalumos.org/datalumos/project/240107/version/V2/view,2025-02-27,2025-04-08
.\nhd\flowline,flowline,Flowline,"The USGS 3D Hydrography Program (3DHP) ArcGIS REST service (3DHP_all) from The National Map is the first of several data services that will be delivered by the 3D Hydrography Program. The 3DHP_all comprises a national network of flowlines, hydrolocations, and water bodies, and will include catchments, drainage areas, and flow network derivatives as they are populated in the future. The 3DHP_all service will provide access to a 3D-enabled geospatial hydrography vector dataset built from 3DHP data and intended to provide the most comprehensive but general rendering of 3DHP data. 3DHP data is derived from elevation-derived hydrography (EDH) Elevation-Derived Hydrography Specifications | U.S. Geological Survey (usgs.gov) where available. Where EDH has not been collected, 3DHP data will be supplemented by data from the National Hydrography Dataset (NHD) National Hydrography Dataset | U.S. Geological Survey (usgs.gov). As further EDH data is collected, the EDH data will replace the NHD data in that data collection area. 3DHP data ingested from EDH sources will include catchments, drainage areas derived from catchments, and flowline network attribute derivatives.For additional information on the 3DHP, go to https://www.usgs.gov/3dhp.See https://apps.nationalmap.gov/help/ for assistance with The National Map viewer, download client, services, or metadata.",U.S. Geological Survey,US Geological Survey,,"['a-16', 'NGDA', 'water – inland', 'hydrography', 'surface-water', '3DHP', 'EDH', 'water', 'drainage', 'river', 'stream', 'canal', 'ditch', 'lake', 'pond', 'spring', 'waterbody', 'water body', 'hydrolocation', 'hydrolocations', '3DTNM', '3DEP', 'elevation derived hydrography', 'elev-hydro', 'region', 'subregion', 'basin', 'catchment', 'drainage area', 'watershed', 'United States', 'US', 'NGP-TNM', 'REST', 'WMS', 'HIFLD', 'Feature Service', 'SDI', 'NSDI', 'Open Data', 'FGDC', 'Emergency Preparedness', 'Disaster Planning', 'Infrastructure']",https://www.datalumos.org/datalumos/project/240108/version/V1/view,2025-02-27,2025-04-08
.\nhd\flowline-large-scale-2,flowline-large-scale-2,Flowline - Large Scale,"Please use 3DHP for updated data The USGS National Hydrography Dataset (NHD) service from The National Map is a comprehensive set of digital spatial data that encodes information about naturally occurring and constructed bodies of surface water (lakes, ponds, and reservoirs), paths through which water flows (canals, ditches, streams, and rivers), and related entities such as point features (springs, wells, stream gages, and dams). The information encoded about these features includes classification and other characteristics, delineation, geographic name, position and related measures, a ""reach code"" through which other information can be related to the NHD, and the direction of water flow. The network of reach codes delineating water and transported material flow allows users to trace movement in upstream and downstream directions. In addition to this geographic information, the dataset contains metadata that supports the exchange of future updates and improvements to the data. The NHD is available nationwide in two seamless datasets, one based on 1:24,000 (or larger) scale and referred to as high resolution NHD, and the other based on 1:100,000 scale and referred to as medium resolution NHD. The NHD from The National Map supports many applications, such as making maps, geocoding observations, flow modeling, data maintenance, and stewardship. The NHD is commonly combined with other data themes, such as boundaries, elevation, structures, and transportation, to produce general reference base maps. The National Map download client allows free downloads of public domain NHD data in either Esri File Geodatabase or Shapefile formats. For additional information on the NHD, go to https://www.usgs.gov/national-hydrography/national-hydrography-dataset. See https://apps.nationalmap.gov/help/ for assistance with The National Map viewer, download client, services, or metadata.  Data Refreshed January, 2024.",,US Geological Survey,,"['a-16', 'ngda', 'water – inland', 'hydrography', 'NHD', 'water', 'drainage', 'river', 'stream', 'canal', 'ditch', 'lake', 'pond', 'reservoir', 'swamp', 'marsh', 'spring', 'well', 'dam', 'gage', 'WBD', 'HU', 'hydrologic unit', 'region', 'subregion', 'basin', 'subbasin', 'watershed', 'subwatershed', 'US', 'WMS']",https://www.datalumos.org/datalumos/project/240110/version/V1/view,2024-03-20,2025-07-03
.\nhd\flowline-small-scale-2,flowline-small-scale-2,Flowline - Small Scale,"Please use 3DHP for updated data The USGS National Hydrography Dataset (NHD) service from The National Map is a comprehensive set of digital spatial data that encodes information about naturally occurring and constructed bodies of surface water (lakes, ponds, and reservoirs), paths through which water flows (canals, ditches, streams, and rivers), and related entities such as point features (springs, wells, stream gages, and dams). The information encoded about these features includes classification and other characteristics, delineation, geographic name, position and related measures, a ""reach code"" through which other information can be related to the NHD, and the direction of water flow. The network of reach codes delineating water and transported material flow allows users to trace movement in upstream and downstream directions. In addition to this geographic information, the dataset contains metadata that supports the exchange of future updates and improvements to the data. The NHD is available nationwide in two seamless datasets, one based on 1:24,000 (or larger) scale and referred to as high resolution NHD, and the other based on 1:100,000 scale and referred to as medium resolution NHD. The NHD from The National Map supports many applications, such as making maps, geocoding observations, flow modeling, data maintenance, and stewardship. The NHD is commonly combined with other data themes, such as boundaries, elevation, structures, and transportation, to produce general reference base maps. The National Map download client allows free downloads of public domain NHD data in either Esri File Geodatabase or Shapefile formats. For additional information on the NHD, go to https://www.usgs.gov/national-hydrography/national-hydrography-dataset. See https://apps.nationalmap.gov/help/ for assistance with The National Map viewer, download client, services, or metadata.  Data Refreshed January, 2024.",,US Geological Survey,,"['a-16', 'ngda', 'water – inland', 'hydrography', 'NHD', 'water', 'drainage', 'river', 'stream', 'canal', 'ditch', 'lake', 'pond', 'reservoir', 'swamp', 'marsh', 'spring', 'well', 'dam', 'gage', 'WBD', 'HU', 'hydrologic unit', 'region', 'subregion', 'basin', 'subbasin', 'watershed', 'subwatershed', 'US', 'WMS']",https://www.datalumos.org/datalumos/project/240274/version/V1/view,2024-03-20,2025-07-03
.\nhd\flowline-small-scale-hi-pr-vi-pacific-territories-2,flowline-small-scale-hi-pr-vi-pacific-territories-2,"Flowline - Small Scale (HI, PR, VI, Pacific Territories)","Please use 3DHP for updated data The USGS National Hydrography Dataset (NHD) service from The National Map is a comprehensive set of digital spatial data that encodes information about naturally occurring and constructed bodies of surface water (lakes, ponds, and reservoirs), paths through which water flows (canals, ditches, streams, and rivers), and related entities such as point features (springs, wells, stream gages, and dams). The information encoded about these features includes classification and other characteristics, delineation, geographic name, position and related measures, a ""reach code"" through which other information can be related to the NHD, and the direction of water flow. The network of reach codes delineating water and transported material flow allows users to trace movement in upstream and downstream directions. In addition to this geographic information, the dataset contains metadata that supports the exchange of future updates and improvements to the data. The NHD is available nationwide in two seamless datasets, one based on 1:24,000 (or larger) scale and referred to as high resolution NHD, and the other based on 1:100,000 scale and referred to as medium resolution NHD. The NHD from The National Map supports many applications, such as making maps, geocoding observations, flow modeling, data maintenance, and stewardship. The NHD is commonly combined with other data themes, such as boundaries, elevation, structures, and transportation, to produce general reference base maps. The National Map download client allows free downloads of public domain NHD data in either Esri File Geodatabase or Shapefile formats. For additional information on the NHD, go to https://www.usgs.gov/national-hydrography/national-hydrography-dataset. See https://apps.nationalmap.gov/help/ for assistance with The National Map viewer, download client, services, or metadata.  Data Refreshed January, 2024.",,US Geological Survey,,"['a-16', 'ngda', 'water – inland', 'hydrography', 'NHD', 'water', 'drainage', 'river', 'stream', 'canal', 'ditch', 'lake', 'pond', 'reservoir', 'swamp', 'marsh', 'spring', 'well', 'dam', 'gage', 'WBD', 'HU', 'hydrologic unit', 'region', 'subregion', 'basin', 'subbasin', 'watershed', 'subwatershed', 'US', 'WMS']",https://www.datalumos.org/datalumos/project/240276/version/V2/view,2024-03-20,2025-07-03
.\nhd\hydrolocation-htdcco,hydrolocation-htdcco,"HydroLocation - Headwater, Terminus, Divergence, Confluence, Catchment Outlet","The USGS 3D Hydrography Program (3DHP) ArcGIS REST service (3DHP_all) from The National Map is the first of several data services that will be delivered by the 3D Hydrography Program. The 3DHP_all comprises a national network of flowlines, hydrolocations, and water bodies, and will include catchments, drainage areas, and flow network derivatives as they are populated in the future. The 3DHP_all service will provide access to a 3D-enabled geospatial hydrography vector dataset built from 3DHP data and intended to provide the most comprehensive but general rendering of 3DHP data. 3DHP data is derived from elevation-derived hydrography (EDH) Elevation-Derived Hydrography Specifications | U.S. Geological Survey (usgs.gov) where available. Where EDH has not been collected, 3DHP data will be supplemented by data from the National Hydrography Dataset (NHD) National Hydrography Dataset | U.S. Geological Survey (usgs.gov). As further EDH data is collected, the EDH data will replace the NHD data in that data collection area. 3DHP data ingested from EDH sources will include catchments, drainage areas derived from catchments, and flowline network attribute derivatives.For additional information on the 3DHP, go to https://www.usgs.gov/3dhp.See https://apps.nationalmap.gov/help/ for assistance with The National Map viewer, download client, services, or metadata.",U.S. Geological Survey,US Geological Survey,,"['a-16', 'NGDA', 'water – inland', 'hydrography', 'surface-water', '3DHP', 'EDH', 'water', 'drainage', 'river', 'stream', 'canal', 'ditch', 'lake', 'pond', 'spring', 'waterbody', 'water body', 'hydrolocation', 'hydrolocations', '3DTNM', '3DEP', 'elevation derived hydrography', 'elev-hydro', 'region', 'subregion', 'basin', 'catchment', 'drainage area', 'watershed', 'United States', 'US', 'NGP-TNM', 'REST', 'WMS', 'HIFLD', 'Feature Service', 'SDI', 'NSDI', 'Open Data', 'FGDC', 'Emergency Preparedness', 'Disaster Planning', 'Infrastructure']",https://www.datalumos.org/datalumos/project/240277/version/V1/view,2025-02-27,2025-04-08
.\nhd\hydrolocation-sink-spring-waterbody-outlet,hydrolocation-sink-spring-waterbody-outlet,"HydroLocation - Sink, Spring, Waterbody Outlet","The USGS 3D Hydrography Program (3DHP) ArcGIS REST service (3DHP_all) from The National Map is the first of several data services that will be delivered by the 3D Hydrography Program. The 3DHP_all comprises a national network of flowlines, hydrolocations, and water bodies, and will include catchments, drainage areas, and flow network derivatives as they are populated in the future. The 3DHP_all service will provide access to a 3D-enabled geospatial hydrography vector dataset built from 3DHP data and intended to provide the most comprehensive but general rendering of 3DHP data. 3DHP data is derived from elevation-derived hydrography (EDH) Elevation-Derived Hydrography Specifications | U.S. Geological Survey (usgs.gov) where available. Where EDH has not been collected, 3DHP data will be supplemented by data from the National Hydrography Dataset (NHD) National Hydrography Dataset | U.S. Geological Survey (usgs.gov). As further EDH data is collected, the EDH data will replace the NHD data in that data collection area. 3DHP data ingested from EDH sources will include catchments, drainage areas derived from catchments, and flowline network attribute derivatives.For additional information on the 3DHP, go to https://www.usgs.gov/3dhp.See https://apps.nationalmap.gov/help/ for assistance with The National Map viewer, download client, services, or metadata.",U.S. Geological Survey,US Geological Survey,,"['a-16', 'NGDA', 'water – inland', 'hydrography', 'surface-water', '3DHP', 'EDH', 'water', 'drainage', 'river', 'stream', 'canal', 'ditch', 'lake', 'pond', 'spring', 'waterbody', 'water body', 'hydrolocation', 'hydrolocations', '3DTNM', '3DEP', 'elevation derived hydrography', 'elev-hydro', 'region', 'subregion', 'basin', 'catchment', 'drainage area', 'watershed', 'United States', 'US', 'NGP-TNM', 'REST', 'WMS', 'HIFLD', 'Feature Service', 'SDI', 'NSDI', 'Open Data', 'FGDC', 'Emergency Preparedness', 'Disaster Planning', 'Infrastructure']",https://www.datalumos.org/datalumos/project/240306/version/V1/view,2025-02-27,2025-04-08
.\nhd\line-large-scale--2,line-large-scale--2,Line - Large Scale,"Please use 3DHP for updated data The USGS National Hydrography Dataset (NHD) service from The National Map is a comprehensive set of digital spatial data that encodes information about naturally occurring and constructed bodies of surface water (lakes, ponds, and reservoirs), paths through which water flows (canals, ditches, streams, and rivers), and related entities such as point features (springs, wells, stream gages, and dams). The information encoded about these features includes classification and other characteristics, delineation, geographic name, position and related measures, a ""reach code"" through which other information can be related to the NHD, and the direction of water flow. The network of reach codes delineating water and transported material flow allows users to trace movement in upstream and downstream directions. In addition to this geographic information, the dataset contains metadata that supports the exchange of future updates and improvements to the data. The NHD is available nationwide in two seamless datasets, one based on 1:24,000 (or larger) scale and referred to as high resolution NHD, and the other based on 1:100,000 scale and referred to as medium resolution NHD. The NHD from The National Map supports many applications, such as making maps, geocoding observations, flow modeling, data maintenance, and stewardship. The NHD is commonly combined with other data themes, such as boundaries, elevation, structures, and transportation, to produce general reference base maps. The National Map download client allows free downloads of public domain NHD data in either Esri File Geodatabase or Shapefile formats. For additional information on the NHD, go to https://www.usgs.gov/national-hydrography/national-hydrography-dataset. See https://apps.nationalmap.gov/help/ for assistance with The National Map viewer, download client, services, or metadata.  Data Refreshed January, 2024.",,US Geological Survey,,"['a-16', 'ngda', 'water – inland', 'hydrography', 'NHD', 'water', 'drainage', 'river', 'stream', 'canal', 'ditch', 'lake', 'pond', 'reservoir', 'swamp', 'marsh', 'spring', 'well', 'dam', 'gage', 'WBD', 'HU', 'hydrologic unit', 'region', 'subregion', 'basin', 'subbasin', 'watershed', 'subwatershed', 'US', 'WMS']",https://www.datalumos.org/datalumos/project/240307/version/V1/view,2024-03-20,2025-07-03
.\nhd\point-2,point-2,Point,"Please use 3DHP for updated data The USGS National Hydrography Dataset (NHD) service from The National Map is a comprehensive set of digital spatial data that encodes information about naturally occurring and constructed bodies of surface water (lakes, ponds, and reservoirs), paths through which water flows (canals, ditches, streams, and rivers), and related entities such as point features (springs, wells, stream gages, and dams). The information encoded about these features includes classification and other characteristics, delineation, geographic name, position and related measures, a ""reach code"" through which other information can be related to the NHD, and the direction of water flow. The network of reach codes delineating water and transported material flow allows users to trace movement in upstream and downstream directions. In addition to this geographic information, the dataset contains metadata that supports the exchange of future updates and improvements to the data. The NHD is available nationwide in two seamless datasets, one based on 1:24,000 (or larger) scale and referred to as high resolution NHD, and the other based on 1:100,000 scale and referred to as medium resolution NHD. The NHD from The National Map supports many applications, such as making maps, geocoding observations, flow modeling, data maintenance, and stewardship. The NHD is commonly combined with other data themes, such as boundaries, elevation, structures, and transportation, to produce general reference base maps. The National Map download client allows free downloads of public domain NHD data in either Esri File Geodatabase or Shapefile formats. For additional information on the NHD, go to https://www.usgs.gov/national-hydrography/national-hydrography-dataset. See https://apps.nationalmap.gov/help/ for assistance with The National Map viewer, download client, services, or metadata.  Data Refreshed January, 2024.",,US Geological Survey,,"['a-16', 'ngda', 'water – inland', 'hydrography', 'NHD', 'water', 'drainage', 'river', 'stream', 'canal', 'ditch', 'lake', 'pond', 'reservoir', 'swamp', 'marsh', 'spring', 'well', 'dam', 'gage', 'WBD', 'HU', 'hydrologic unit', 'region', 'subregion', 'basin', 'subbasin', 'watershed', 'subwatershed', 'US', 'WMS']",https://www.datalumos.org/datalumos/project/240308/version/V1/view,2024-03-20,2025-07-03
.\nhd\point-event-2,point-event-2,Point Event,"Please use 3DHP for updated data The USGS National Hydrography Dataset (NHD) service from The National Map is a comprehensive set of digital spatial data that encodes information about naturally occurring and constructed bodies of surface water (lakes, ponds, and reservoirs), paths through which water flows (canals, ditches, streams, and rivers), and related entities such as point features (springs, wells, stream gages, and dams). The information encoded about these features includes classification and other characteristics, delineation, geographic name, position and related measures, a ""reach code"" through which other information can be related to the NHD, and the direction of water flow. The network of reach codes delineating water and transported material flow allows users to trace movement in upstream and downstream directions. In addition to this geographic information, the dataset contains metadata that supports the exchange of future updates and improvements to the data. The NHD is available nationwide in two seamless datasets, one based on 1:24,000 (or larger) scale and referred to as high resolution NHD, and the other based on 1:100,000 scale and referred to as medium resolution NHD. The NHD from The National Map supports many applications, such as making maps, geocoding observations, flow modeling, data maintenance, and stewardship. The NHD is commonly combined with other data themes, such as boundaries, elevation, structures, and transportation, to produce general reference base maps. The National Map download client allows free downloads of public domain NHD data in either Esri File Geodatabase or Shapefile formats. For additional information on the NHD, go to https://www.usgs.gov/national-hydrography/national-hydrography-dataset. See https://apps.nationalmap.gov/help/ for assistance with The National Map viewer, download client, services, or metadata.  Data Refreshed January, 2024.",,US Geological Survey,,"['a-16', 'ngda', 'water – inland', 'hydrography', 'NHD', 'water', 'drainage', 'river', 'stream', 'canal', 'ditch', 'lake', 'pond', 'reservoir', 'swamp', 'marsh', 'spring', 'well', 'dam', 'gage', 'WBD', 'HU', 'hydrologic unit', 'region', 'subregion', 'basin', 'subbasin', 'watershed', 'subwatershed', 'US', 'WMS']",https://www.datalumos.org/datalumos/project/240396/version/V1/view,2024-03-20,2025-07-03
.\nhd\usgs-hydro-nldi-streamgage-monitoring-locations,usgs-hydro-nldi-streamgage-monitoring-locations,USGS Hydro Network Linked Data Index (NLDI) Streamgage Monitoring Locations,"This dataset represents all Streamgage Monitoring Stations from the U.S. Geological Survey, for the United States, Puerto Rico, and the U.S. Virgin Islands, in 2025. Gaging stations, or gages, measure the height (stage) and volume of flow at a point location on a water feature. Gages in this map layer were drawn from the National Water Information System (NWIS) Web Interface and linked to the National Hydrography Dataset Plus Version 2 (NHDPlusV2) flowline feature class. Each Streamgage point contains a link to the USGS Water Data site, which provides daily statistics reported from the station.Data pulled from GeoJSON: Release Rebuild with latest NWIS · internetofwater/ref_gages · GitHubThe GeoJSON file references NHDPlusV2 identifiers and the “reference mainstems” which are governed here:https://github.com/internetofwater/ref_rivers/",,US Geological Survey,,"['Natural Hazard', 'EPA', 'USGS', 'NLDI', 'HIFLD', 'Feature Service', 'SDI', 'NSDI', 'Open Data', 'FGDC', 'Emergency Preparedness', 'Disaster Planning', 'Infrastructure']",https://www.datalumos.org/datalumos/project/240397/version/V1/view,2024-03-22,2025-05-12
.\nhd\waterbody,waterbody,Waterbody,"The USGS 3D Hydrography Program (3DHP) ArcGIS REST service (3DHP_all) from The National Map is the first of several data services that will be delivered by the 3D Hydrography Program. The 3DHP_all comprises a national network of flowlines, hydrolocations, and water bodies, and will include catchments, drainage areas, and flow network derivatives as they are populated in the future. The 3DHP_all service will provide access to a 3D-enabled geospatial hydrography vector dataset built from 3DHP data and intended to provide the most comprehensive but general rendering of 3DHP data. 3DHP data is derived from elevation-derived hydrography (EDH) Elevation-Derived Hydrography Specifications | U.S. Geological Survey (usgs.gov) where available. Where EDH has not been collected, 3DHP data will be supplemented by data from the National Hydrography Dataset (NHD) National Hydrography Dataset | U.S. Geological Survey (usgs.gov). As further EDH data is collected, the EDH data will replace the NHD data in that data collection area. 3DHP data ingested from EDH sources will include catchments, drainage areas derived from catchments, and flowline network attribute derivatives.For additional information on the 3DHP, go to https://www.usgs.gov/3dhp.See https://apps.nationalmap.gov/help/ for assistance with The National Map viewer, download client, services, or metadata.",U.S. Geological Survey,US Geological Survey,,"['a-16', 'NGDA', 'water – inland', 'hydrography', 'surface-water', '3DHP', 'EDH', 'water', 'drainage', 'river', 'stream', 'canal', 'ditch', 'lake', 'pond', 'spring', 'waterbody', 'water body', 'hydrolocation', 'hydrolocations', '3DTNM', '3DEP', 'elevation derived hydrography', 'elev-hydro', 'region', 'subregion', 'basin', 'catchment', 'drainage area', 'watershed', 'United States', 'US', 'NGP-TNM', 'REST', 'WMS', 'HIFLD', 'Feature Service', 'SDI', 'NSDI', 'Open Data', 'FGDC', 'Emergency Preparedness', 'Disaster Planning', 'Infrastructure']",https://www.datalumos.org/datalumos/project/240398/version/V1/view,2025-02-27,2025-04-08
.\nhd\waterbody-large-scale-2,waterbody-large-scale-2,Waterbody - Large Scale,"Please use 3DHP for updated data The USGS National Hydrography Dataset (NHD) service from The National Map is a comprehensive set of digital spatial data that encodes information about naturally occurring and constructed bodies of surface water (lakes, ponds, and reservoirs), paths through which water flows (canals, ditches, streams, and rivers), and related entities such as point features (springs, wells, stream gages, and dams). The information encoded about these features includes classification and other characteristics, delineation, geographic name, position and related measures, a ""reach code"" through which other information can be related to the NHD, and the direction of water flow. The network of reach codes delineating water and transported material flow allows users to trace movement in upstream and downstream directions. In addition to this geographic information, the dataset contains metadata that supports the exchange of future updates and improvements to the data. The NHD is available nationwide in two seamless datasets, one based on 1:24,000 (or larger) scale and referred to as high resolution NHD, and the other based on 1:100,000 scale and referred to as medium resolution NHD. The NHD from The National Map supports many applications, such as making maps, geocoding observations, flow modeling, data maintenance, and stewardship. The NHD is commonly combined with other data themes, such as boundaries, elevation, structures, and transportation, to produce general reference base maps. The National Map download client allows free downloads of public domain NHD data in either Esri File Geodatabase or Shapefile formats. For additional information on the NHD, go to https://www.usgs.gov/national-hydrography/national-hydrography-dataset. See https://apps.nationalmap.gov/help/ for assistance with The National Map viewer, download client, services, or metadata.  Data Refreshed January, 2024.",,US Geological Survey,,"['a-16', 'ngda', 'water – inland', 'hydrography', 'NHD', 'water', 'drainage', 'river', 'stream', 'canal', 'ditch', 'lake', 'pond', 'reservoir', 'swamp', 'marsh', 'spring', 'well', 'dam', 'gage', 'WBD', 'HU', 'hydrologic unit', 'region', 'subregion', 'basin', 'subbasin', 'watershed', 'subwatershed', 'US', 'WMS']",https://www.datalumos.org/datalumos/project/240399/version/V1/view,2024-03-20,2025-07-03
.\nhd\waterbody-small-scale-2,waterbody-small-scale-2,Waterbody - Small Scale,"Please use 3DHP for updated data The USGS National Hydrography Dataset (NHD) service from The National Map is a comprehensive set of digital spatial data that encodes information about naturally occurring and constructed bodies of surface water (lakes, ponds, and reservoirs), paths through which water flows (canals, ditches, streams, and rivers), and related entities such as point features (springs, wells, stream gages, and dams). The information encoded about these features includes classification and other characteristics, delineation, geographic name, position and related measures, a ""reach code"" through which other information can be related to the NHD, and the direction of water flow. The network of reach codes delineating water and transported material flow allows users to trace movement in upstream and downstream directions. In addition to this geographic information, the dataset contains metadata that supports the exchange of future updates and improvements to the data. The NHD is available nationwide in two seamless datasets, one based on 1:24,000 (or larger) scale and referred to as high resolution NHD, and the other based on 1:100,000 scale and referred to as medium resolution NHD. The NHD from The National Map supports many applications, such as making maps, geocoding observations, flow modeling, data maintenance, and stewardship. The NHD is commonly combined with other data themes, such as boundaries, elevation, structures, and transportation, to produce general reference base maps. The National Map download client allows free downloads of public domain NHD data in either Esri File Geodatabase or Shapefile formats. For additional information on the NHD, go to https://www.usgs.gov/national-hydrography/national-hydrography-dataset. See https://apps.nationalmap.gov/help/ for assistance with The National Map viewer, download client, services, or metadata.  Data Refreshed January, 2024.",,US Geological Survey,,"['a-16', 'ngda', 'water – inland', 'hydrography', 'NHD', 'water', 'drainage', 'river', 'stream', 'canal', 'ditch', 'lake', 'pond', 'reservoir', 'swamp', 'marsh', 'spring', 'well', 'dam', 'gage', 'WBD', 'HU', 'hydrologic unit', 'region', 'subregion', 'basin', 'subbasin', 'watershed', 'subwatershed', 'US', 'WMS']",https://www.datalumos.org/datalumos/project/240402/version/V1/view,2024-03-20,2025-07-03
.\nhd\waterbody-small-scale-hi-pr-vi-pacific-territories-2,waterbody-small-scale-hi-pr-vi-pacific-territories-2,"Waterbody - Small Scale (HI, PR, VI, Pacific Territories)","Please use 3DHP for updated data The USGS National Hydrography Dataset (NHD) service from The National Map is a comprehensive set of digital spatial data that encodes information about naturally occurring and constructed bodies of surface water (lakes, ponds, and reservoirs), paths through which water flows (canals, ditches, streams, and rivers), and related entities such as point features (springs, wells, stream gages, and dams). The information encoded about these features includes classification and other characteristics, delineation, geographic name, position and related measures, a ""reach code"" through which other information can be related to the NHD, and the direction of water flow. The network of reach codes delineating water and transported material flow allows users to trace movement in upstream and downstream directions. In addition to this geographic information, the dataset contains metadata that supports the exchange of future updates and improvements to the data. The NHD is available nationwide in two seamless datasets, one based on 1:24,000 (or larger) scale and referred to as high resolution NHD, and the other based on 1:100,000 scale and referred to as medium resolution NHD. The NHD from The National Map supports many applications, such as making maps, geocoding observations, flow modeling, data maintenance, and stewardship. The NHD is commonly combined with other data themes, such as boundaries, elevation, structures, and transportation, to produce general reference base maps. The National Map download client allows free downloads of public domain NHD data in either Esri File Geodatabase or Shapefile formats. For additional information on the NHD, go to https://www.usgs.gov/national-hydrography/national-hydrography-dataset. See https://apps.nationalmap.gov/help/ for assistance with The National Map viewer, download client, services, or metadata.  Data Refreshed January, 2024.",,US Geological Survey,,"['a-16', 'ngda', 'water – inland', 'hydrography', 'NHD', 'water', 'drainage', 'river', 'stream', 'canal', 'ditch', 'lake', 'pond', 'reservoir', 'swamp', 'marsh', 'spring', 'well', 'dam', 'gage', 'WBD', 'HU', 'hydrologic unit', 'region', 'subregion', 'basin', 'subbasin', 'watershed', 'subwatershed', 'US', 'WMS']",https://www.datalumos.org/datalumos/project/240403/version/V1/view,2024-03-20,2025-07-03
.\nmg\antarctica-1,antarctica-1,Antarctica,"USGS developed The National Map Gazetteer as the Federal and national standard (ANSI INCITS 446-2008) for geographic nomenclature based on the Geographic Names Information System (GNIS). The National Map Gazetteer contains information about physical and cultural geographic features, geographic areas, and locational entities that are generally recognizable and locatable by name (have achieved some landmark status) and are of interest to any level of government or to the public for any purpose that would lead to the representation of the feature in printed or electronic maps and/or geographic information systems. The dataset includes features of all types in the United States, its associated areas, and Antarctica, current and historical, but not including roads and highways. The dataset holds the federally recognized name of each feature and defines the feature location by state, county, USGS topographic map, and geographic coordinates. Other attributes include names or spellings other than the official name, feature classification, and historical and descriptive information. The dataset assigns a unique, permanent feature identifier, the Feature ID, as a standard Federal key for accessing, integrating, or reconciling feature data from multiple data sets. This dataset is a flat model, establishing no relationships between features, such as hierarchical, spatial, jurisdictional, organizational, administrative, or in any other manner. As an integral part of The National Map, the Gazetteer collects data from a broad program of partnerships with federal, state, and local government agencies and other authorized contributors. The Gazetteer provides data to all levels of government and to the public, as well as to numerous applications through a web query site, web map, feature and XML services, file download services, and customized files upon request. The National Map download client allows free downloads of public domain geographic names data by state in a pipe-delimited text format. For additional information on the GNIS, go to https://www.usgs.gov/tools/geographic-names-information-system-gnis. See https://apps.nationalmap.gov/help/ for assistance with The National Map viewer, download client, services, or metadata.  Data Refreshed March, 2025",,US Geological Survey,,"['a-16', 'ngda', 'cultural resource', 'geographic name', 'GNIS', 'BGN', 'gazetteer', 'federal', 'administrative', 'toponym', 'feature id', 'historical', 'community', 'hydro', 'landform', 'cemetery', 'place', 'structure', 'transportation', 'variant', 'United States', 'WMS']",https://www.datalumos.org/datalumos/project/240193/version/V1/view,2024-04-16,2025-03-20
.\nmg\crossings-1,crossings-1,Crossings,"USGS developed The National Map Gazetteer as the Federal and national standard (ANSI INCITS 446-2008) for geographic nomenclature based on the Geographic Names Information System (GNIS). The National Map Gazetteer contains information about physical and cultural geographic features, geographic areas, and locational entities that are generally recognizable and locatable by name (have achieved some landmark status) and are of interest to any level of government or to the public for any purpose that would lead to the representation of the feature in printed or electronic maps and/or geographic information systems. The dataset includes features of all types in the United States, its associated areas, and Antarctica, current and historical, but not including roads and highways. The dataset holds the federally recognized name of each feature and defines the feature location by state, county, USGS topographic map, and geographic coordinates. Other attributes include names or spellings other than the official name, feature classification, and historical and descriptive information. The dataset assigns a unique, permanent feature identifier, the Feature ID, as a standard Federal key for accessing, integrating, or reconciling feature data from multiple data sets. This dataset is a flat model, establishing no relationships between features, such as hierarchical, spatial, jurisdictional, organizational, administrative, or in any other manner. As an integral part of The National Map, the Gazetteer collects data from a broad program of partnerships with federal, state, and local government agencies and other authorized contributors. The Gazetteer provides data to all levels of government and to the public, as well as to numerous applications through a web query site, web map, feature and XML services, file download services, and customized files upon request. The National Map download client allows free downloads of public domain geographic names data by state in a pipe-delimited text format. For additional information on the GNIS, go to https://www.usgs.gov/tools/geographic-names-information-system-gnis. See https://apps.nationalmap.gov/help/ for assistance with The National Map viewer, download client, services, or metadata.  Data Refreshed March, 2025",,US Geological Survey,,"['a-16', 'ngda', 'cultural resource', 'geographic name', 'GNIS', 'BGN', 'gazetteer', 'federal', 'administrative', 'toponym', 'feature id', 'historical', 'community', 'hydro', 'landform', 'cemetery', 'place', 'structure', 'transportation', 'variant', 'United States', 'WMS']",https://www.datalumos.org/datalumos/project/240194/version/V1/view,2024-04-16,2025-03-20
.\nmg\historical-cultural-political-points-1,historical-cultural-political-points-1,Historical Cultural-Political Points,"USGS developed The National Map Gazetteer as the Federal and national standard (ANSI INCITS 446-2008) for geographic nomenclature based on the Geographic Names Information System (GNIS). The National Map Gazetteer contains information about physical and cultural geographic features, geographic areas, and locational entities that are generally recognizable and locatable by name (have achieved some landmark status) and are of interest to any level of government or to the public for any purpose that would lead to the representation of the feature in printed or electronic maps and/or geographic information systems. The dataset includes features of all types in the United States, its associated areas, and Antarctica, current and historical, but not including roads and highways. The dataset holds the federally recognized name of each feature and defines the feature location by state, county, USGS topographic map, and geographic coordinates. Other attributes include names or spellings other than the official name, feature classification, and historical and descriptive information. The dataset assigns a unique, permanent feature identifier, the Feature ID, as a standard Federal key for accessing, integrating, or reconciling feature data from multiple data sets. This dataset is a flat model, establishing no relationships between features, such as hierarchical, spatial, jurisdictional, organizational, administrative, or in any other manner. As an integral part of The National Map, the Gazetteer collects data from a broad program of partnerships with federal, state, and local government agencies and other authorized contributors. The Gazetteer provides data to all levels of government and to the public, as well as to numerous applications through a web query site, web map, feature and XML services, file download services, and customized files upon request. The National Map download client allows free downloads of public domain geographic names data by state in a pipe-delimited text format. For additional information on the GNIS, go to https://www.usgs.gov/tools/geographic-names-information-system-gnis. See https://apps.nationalmap.gov/help/ for assistance with The National Map viewer, download client, services, or metadata.  Data Refreshed March, 2025",,US Geological Survey,,"['a-16', 'ngda', 'cultural resource', 'geographic name', 'GNIS', 'BGN', 'gazetteer', 'federal', 'administrative', 'toponym', 'feature id', 'historical', 'community', 'hydro', 'landform', 'cemetery', 'place', 'structure', 'transportation', 'variant', 'United States', 'WMS']",https://www.datalumos.org/datalumos/project/240195/version/V1/view,2024-04-16,2025-03-20
.\nmg\historical-hydrographic-points-1,historical-hydrographic-points-1,Historical Hydrographic Points,"USGS developed The National Map Gazetteer as the Federal and national standard (ANSI INCITS 446-2008) for geographic nomenclature based on the Geographic Names Information System (GNIS). The National Map Gazetteer contains information about physical and cultural geographic features, geographic areas, and locational entities that are generally recognizable and locatable by name (have achieved some landmark status) and are of interest to any level of government or to the public for any purpose that would lead to the representation of the feature in printed or electronic maps and/or geographic information systems. The dataset includes features of all types in the United States, its associated areas, and Antarctica, current and historical, but not including roads and highways. The dataset holds the federally recognized name of each feature and defines the feature location by state, county, USGS topographic map, and geographic coordinates. Other attributes include names or spellings other than the official name, feature classification, and historical and descriptive information. The dataset assigns a unique, permanent feature identifier, the Feature ID, as a standard Federal key for accessing, integrating, or reconciling feature data from multiple data sets. This dataset is a flat model, establishing no relationships between features, such as hierarchical, spatial, jurisdictional, organizational, administrative, or in any other manner. As an integral part of The National Map, the Gazetteer collects data from a broad program of partnerships with federal, state, and local government agencies and other authorized contributors. The Gazetteer provides data to all levels of government and to the public, as well as to numerous applications through a web query site, web map, feature and XML services, file download services, and customized files upon request. The National Map download client allows free downloads of public domain geographic names data by state in a pipe-delimited text format. For additional information on the GNIS, go to https://www.usgs.gov/tools/geographic-names-information-system-gnis. See https://apps.nationalmap.gov/help/ for assistance with The National Map viewer, download client, services, or metadata.  Data Refreshed March, 2025",,US Geological Survey,,"['a-16', 'ngda', 'cultural resource', 'geographic name', 'GNIS', 'BGN', 'gazetteer', 'federal', 'administrative', 'toponym', 'feature id', 'historical', 'community', 'hydro', 'landform', 'cemetery', 'place', 'structure', 'transportation', 'variant', 'United States', 'WMS']",https://www.datalumos.org/datalumos/project/240196/version/V1/view,2024-04-16,2025-03-20
.\nmg\historical-physical-points-1,historical-physical-points-1,Historical Physical Points,"USGS developed The National Map Gazetteer as the Federal and national standard (ANSI INCITS 446-2008) for geographic nomenclature based on the Geographic Names Information System (GNIS). The National Map Gazetteer contains information about physical and cultural geographic features, geographic areas, and locational entities that are generally recognizable and locatable by name (have achieved some landmark status) and are of interest to any level of government or to the public for any purpose that would lead to the representation of the feature in printed or electronic maps and/or geographic information systems. The dataset includes features of all types in the United States, its associated areas, and Antarctica, current and historical, but not including roads and highways. The dataset holds the federally recognized name of each feature and defines the feature location by state, county, USGS topographic map, and geographic coordinates. Other attributes include names or spellings other than the official name, feature classification, and historical and descriptive information. The dataset assigns a unique, permanent feature identifier, the Feature ID, as a standard Federal key for accessing, integrating, or reconciling feature data from multiple data sets. This dataset is a flat model, establishing no relationships between features, such as hierarchical, spatial, jurisdictional, organizational, administrative, or in any other manner. As an integral part of The National Map, the Gazetteer collects data from a broad program of partnerships with federal, state, and local government agencies and other authorized contributors. The Gazetteer provides data to all levels of government and to the public, as well as to numerous applications through a web query site, web map, feature and XML services, file download services, and customized files upon request. The National Map download client allows free downloads of public domain geographic names data by state in a pipe-delimited text format. For additional information on the GNIS, go to https://www.usgs.gov/tools/geographic-names-information-system-gnis. See https://apps.nationalmap.gov/help/ for assistance with The National Map viewer, download client, services, or metadata.  Data Refreshed March, 2025",,US Geological Survey,,"['a-16', 'ngda', 'cultural resource', 'geographic name', 'GNIS', 'BGN', 'gazetteer', 'federal', 'administrative', 'toponym', 'feature id', 'historical', 'community', 'hydro', 'landform', 'cemetery', 'place', 'structure', 'transportation', 'variant', 'United States', 'WMS']",https://www.datalumos.org/datalumos/project/240197/version/V1/view,2024-04-16,2025-03-20
.\nmg\incorporated-places-civil-1,incorporated-places-civil-1,Incorporated Places (Civil),"USGS developed The National Map Gazetteer as the Federal and national standard (ANSI INCITS 446-2008) for geographic nomenclature based on the Geographic Names Information System (GNIS). The National Map Gazetteer contains information about physical and cultural geographic features, geographic areas, and locational entities that are generally recognizable and locatable by name (have achieved some landmark status) and are of interest to any level of government or to the public for any purpose that would lead to the representation of the feature in printed or electronic maps and/or geographic information systems. The dataset includes features of all types in the United States, its associated areas, and Antarctica, current and historical, but not including roads and highways. The dataset holds the federally recognized name of each feature and defines the feature location by state, county, USGS topographic map, and geographic coordinates. Other attributes include names or spellings other than the official name, feature classification, and historical and descriptive information. The dataset assigns a unique, permanent feature identifier, the Feature ID, as a standard Federal key for accessing, integrating, or reconciling feature data from multiple data sets. This dataset is a flat model, establishing no relationships between features, such as hierarchical, spatial, jurisdictional, organizational, administrative, or in any other manner. As an integral part of The National Map, the Gazetteer collects data from a broad program of partnerships with federal, state, and local government agencies and other authorized contributors. The Gazetteer provides data to all levels of government and to the public, as well as to numerous applications through a web query site, web map, feature and XML services, file download services, and customized files upon request. The National Map download client allows free downloads of public domain geographic names data by state in a pipe-delimited text format. For additional information on the GNIS, go to https://www.usgs.gov/tools/geographic-names-information-system-gnis. See https://apps.nationalmap.gov/help/ for assistance with The National Map viewer, download client, services, or metadata.  Data Refreshed March, 2025",,US Geological Survey,,"['a-16', 'ngda', 'cultural resource', 'geographic name', 'GNIS', 'BGN', 'gazetteer', 'federal', 'administrative', 'toponym', 'feature id', 'historical', 'community', 'hydro', 'landform', 'cemetery', 'place', 'structure', 'transportation', 'variant', 'United States', 'WMS']",https://www.datalumos.org/datalumos/project/240198/version/V1/view,2024-04-16,2025-03-20
.\nmg\landforms-1,landforms-1,Landforms,"USGS developed The National Map Gazetteer as the Federal and national standard (ANSI INCITS 446-2008) for geographic nomenclature based on the Geographic Names Information System (GNIS). The National Map Gazetteer contains information about physical and cultural geographic features, geographic areas, and locational entities that are generally recognizable and locatable by name (have achieved some landmark status) and are of interest to any level of government or to the public for any purpose that would lead to the representation of the feature in printed or electronic maps and/or geographic information systems. The dataset includes features of all types in the United States, its associated areas, and Antarctica, current and historical, but not including roads and highways. The dataset holds the federally recognized name of each feature and defines the feature location by state, county, USGS topographic map, and geographic coordinates. Other attributes include names or spellings other than the official name, feature classification, and historical and descriptive information. The dataset assigns a unique, permanent feature identifier, the Feature ID, as a standard Federal key for accessing, integrating, or reconciling feature data from multiple data sets. This dataset is a flat model, establishing no relationships between features, such as hierarchical, spatial, jurisdictional, organizational, administrative, or in any other manner. As an integral part of The National Map, the Gazetteer collects data from a broad program of partnerships with federal, state, and local government agencies and other authorized contributors. The Gazetteer provides data to all levels of government and to the public, as well as to numerous applications through a web query site, web map, feature and XML services, file download services, and customized files upon request. The National Map download client allows free downloads of public domain geographic names data by state in a pipe-delimited text format. For additional information on the GNIS, go to https://www.usgs.gov/tools/geographic-names-information-system-gnis. See https://apps.nationalmap.gov/help/ for assistance with The National Map viewer, download client, services, or metadata.  Data Refreshed March, 2025",,US Geological Survey,,"['a-16', 'ngda', 'cultural resource', 'geographic name', 'GNIS', 'BGN', 'gazetteer', 'federal', 'administrative', 'toponym', 'feature id', 'historical', 'community', 'hydro', 'landform', 'cemetery', 'place', 'structure', 'transportation', 'variant', 'United States', 'WMS']",https://www.datalumos.org/datalumos/project/240199/version/V1/view,2024-04-16,2025-03-20
.\nmg\other-hydrographic-features-1,other-hydrographic-features-1,Other Hydrographic Features,"USGS developed The National Map Gazetteer as the Federal and national standard (ANSI INCITS 446-2008) for geographic nomenclature based on the Geographic Names Information System (GNIS). The National Map Gazetteer contains information about physical and cultural geographic features, geographic areas, and locational entities that are generally recognizable and locatable by name (have achieved some landmark status) and are of interest to any level of government or to the public for any purpose that would lead to the representation of the feature in printed or electronic maps and/or geographic information systems. The dataset includes features of all types in the United States, its associated areas, and Antarctica, current and historical, but not including roads and highways. The dataset holds the federally recognized name of each feature and defines the feature location by state, county, USGS topographic map, and geographic coordinates. Other attributes include names or spellings other than the official name, feature classification, and historical and descriptive information. The dataset assigns a unique, permanent feature identifier, the Feature ID, as a standard Federal key for accessing, integrating, or reconciling feature data from multiple data sets. This dataset is a flat model, establishing no relationships between features, such as hierarchical, spatial, jurisdictional, organizational, administrative, or in any other manner. As an integral part of The National Map, the Gazetteer collects data from a broad program of partnerships with federal, state, and local government agencies and other authorized contributors. The Gazetteer provides data to all levels of government and to the public, as well as to numerous applications through a web query site, web map, feature and XML services, file download services, and customized files upon request. The National Map download client allows free downloads of public domain geographic names data by state in a pipe-delimited text format. For additional information on the GNIS, go to https://www.usgs.gov/tools/geographic-names-information-system-gnis. See https://apps.nationalmap.gov/help/ for assistance with The National Map viewer, download client, services, or metadata.  Data Refreshed March, 2025",,US Geological Survey,,"['a-16', 'ngda', 'cultural resource', 'geographic name', 'GNIS', 'BGN', 'gazetteer', 'federal', 'administrative', 'toponym', 'feature id', 'historical', 'community', 'hydro', 'landform', 'cemetery', 'place', 'structure', 'transportation', 'variant', 'United States', 'WMS']",https://www.datalumos.org/datalumos/project/240200/version/V1/view,2024-04-16,2025-03-20
.\nmg\populated-places-1,populated-places-1,Populated Places,"USGS developed The National Map Gazetteer as the Federal and national standard (ANSI INCITS 446-2008) for geographic nomenclature based on the Geographic Names Information System (GNIS). The National Map Gazetteer contains information about physical and cultural geographic features, geographic areas, and locational entities that are generally recognizable and locatable by name (have achieved some landmark status) and are of interest to any level of government or to the public for any purpose that would lead to the representation of the feature in printed or electronic maps and/or geographic information systems. The dataset includes features of all types in the United States, its associated areas, and Antarctica, current and historical, but not including roads and highways. The dataset holds the federally recognized name of each feature and defines the feature location by state, county, USGS topographic map, and geographic coordinates. Other attributes include names or spellings other than the official name, feature classification, and historical and descriptive information. The dataset assigns a unique, permanent feature identifier, the Feature ID, as a standard Federal key for accessing, integrating, or reconciling feature data from multiple data sets. This dataset is a flat model, establishing no relationships between features, such as hierarchical, spatial, jurisdictional, organizational, administrative, or in any other manner. As an integral part of The National Map, the Gazetteer collects data from a broad program of partnerships with federal, state, and local government agencies and other authorized contributors. The Gazetteer provides data to all levels of government and to the public, as well as to numerous applications through a web query site, web map, feature and XML services, file download services, and customized files upon request. The National Map download client allows free downloads of public domain geographic names data by state in a pipe-delimited text format. For additional information on the GNIS, go to https://www.usgs.gov/tools/geographic-names-information-system-gnis. See https://apps.nationalmap.gov/help/ for assistance with The National Map viewer, download client, services, or metadata.  Data Refreshed March, 2025",,US Geological Survey,,"['a-16', 'ngda', 'cultural resource', 'geographic name', 'GNIS', 'BGN', 'gazetteer', 'federal', 'administrative', 'toponym', 'feature id', 'historical', 'community', 'hydro', 'landform', 'cemetery', 'place', 'structure', 'transportation', 'variant', 'United States', 'WMS']",https://www.datalumos.org/datalumos/project/240201/version/V1/view,2024-04-16,2025-03-20
.\nmg\streams-mouth-1,streams-mouth-1,Streams (Mouth),"USGS developed The National Map Gazetteer as the Federal and national standard (ANSI INCITS 446-2008) for geographic nomenclature based on the Geographic Names Information System (GNIS). The National Map Gazetteer contains information about physical and cultural geographic features, geographic areas, and locational entities that are generally recognizable and locatable by name (have achieved some landmark status) and are of interest to any level of government or to the public for any purpose that would lead to the representation of the feature in printed or electronic maps and/or geographic information systems. The dataset includes features of all types in the United States, its associated areas, and Antarctica, current and historical, but not including roads and highways. The dataset holds the federally recognized name of each feature and defines the feature location by state, county, USGS topographic map, and geographic coordinates. Other attributes include names or spellings other than the official name, feature classification, and historical and descriptive information. The dataset assigns a unique, permanent feature identifier, the Feature ID, as a standard Federal key for accessing, integrating, or reconciling feature data from multiple data sets. This dataset is a flat model, establishing no relationships between features, such as hierarchical, spatial, jurisdictional, organizational, administrative, or in any other manner. As an integral part of The National Map, the Gazetteer collects data from a broad program of partnerships with federal, state, and local government agencies and other authorized contributors. The Gazetteer provides data to all levels of government and to the public, as well as to numerous applications through a web query site, web map, feature and XML services, file download services, and customized files upon request. The National Map download client allows free downloads of public domain geographic names data by state in a pipe-delimited text format. For additional information on the GNIS, go to https://www.usgs.gov/tools/geographic-names-information-system-gnis. See https://apps.nationalmap.gov/help/ for assistance with The National Map viewer, download client, services, or metadata.  Data Refreshed March, 2025",,US Geological Survey,,"['a-16', 'ngda', 'cultural resource', 'geographic name', 'GNIS', 'BGN', 'gazetteer', 'federal', 'administrative', 'toponym', 'feature id', 'historical', 'community', 'hydro', 'landform', 'cemetery', 'place', 'structure', 'transportation', 'variant', 'United States', 'WMS']",https://www.datalumos.org/datalumos/project/240202/version/V1/view,2024-04-16,2025-03-20
.\nmg\unincorporated-places-census-1,unincorporated-places-census-1,Unincorporated Places (Census),"USGS developed The National Map Gazetteer as the Federal and national standard (ANSI INCITS 446-2008) for geographic nomenclature based on the Geographic Names Information System (GNIS). The National Map Gazetteer contains information about physical and cultural geographic features, geographic areas, and locational entities that are generally recognizable and locatable by name (have achieved some landmark status) and are of interest to any level of government or to the public for any purpose that would lead to the representation of the feature in printed or electronic maps and/or geographic information systems. The dataset includes features of all types in the United States, its associated areas, and Antarctica, current and historical, but not including roads and highways. The dataset holds the federally recognized name of each feature and defines the feature location by state, county, USGS topographic map, and geographic coordinates. Other attributes include names or spellings other than the official name, feature classification, and historical and descriptive information. The dataset assigns a unique, permanent feature identifier, the Feature ID, as a standard Federal key for accessing, integrating, or reconciling feature data from multiple data sets. This dataset is a flat model, establishing no relationships between features, such as hierarchical, spatial, jurisdictional, organizational, administrative, or in any other manner. As an integral part of The National Map, the Gazetteer collects data from a broad program of partnerships with federal, state, and local government agencies and other authorized contributors. The Gazetteer provides data to all levels of government and to the public, as well as to numerous applications through a web query site, web map, feature and XML services, file download services, and customized files upon request. The National Map download client allows free downloads of public domain geographic names data by state in a pipe-delimited text format. For additional information on the GNIS, go to https://www.usgs.gov/tools/geographic-names-information-system-gnis. See https://apps.nationalmap.gov/help/ for assistance with The National Map viewer, download client, services, or metadata.  Data Refreshed March, 2025",,US Geological Survey,,"['a-16', 'ngda', 'cultural resource', 'geographic name', 'GNIS', 'BGN', 'gazetteer', 'federal', 'administrative', 'toponym', 'feature id', 'historical', 'community', 'hydro', 'landform', 'cemetery', 'place', 'structure', 'transportation', 'variant', 'United States', 'WMS']",https://www.datalumos.org/datalumos/project/240203/version/V1/view,2024-04-16,2025-03-20
.\nonferrous-metal-mines,nonferrous-metal-mines,Nonferrous Metal Mines,"This data set includes nonferrous metal mines in the United States. The data represent commodities covered by the Minerals Information Team (MIT) of the U.S. Geological Survey, and the operations are those considered active in 2003 and surveyed by the MIT. This is a replacement for the October 2003 map layer.The data is legacy and not expected to be updated. It is being provided as the best available until Mineral Resources identifies an alternative data source.",U.S. Geological Survey,US Geological Survey,,"['Beryllium', 'Economy', 'Germanium', 'Minerals Operations', 'Nonferrous Metals', 'Processing Plants', 'Mines', 'Lead', 'Gold', 'Zinc', 'Minerals', 'Copper', 'Silver', 'Mining Operations', 'Alaska', 'Continental United States', 'USA', 'HIFLD', 'Feature Service', 'SDI', 'NSDI', 'Open Data', 'FGDC', 'Emergency Preparedness', 'Disaster Planning', 'Infrastructure']",https://www.datalumos.org/datalumos/project/240271/version/V1/view,2018-01-16,2018-01-16
.\nonferrous-metal-processing-plants,nonferrous-metal-processing-plants,Nonferrous Metal Processing Plants,"This map layer includes nonferrous metal processing plants in the United States. The data represent commodities covered by the Minerals Information Team (MIT) of the U.S. Geological Survey, and the operations are those considered active in 2003 and surveyed by the MIT. This is a replacement for the October 2003 map layer.The data is legacy and not expected to be updated. It is being provided as the best available until Mineral Resources identifies an alternative data source.",U.S. Geological Survey,US Geological Survey,,"['zinc', 'silver', 'copper', 'Minerals Operations', 'germanium', 'gold', 'Mining Operations', 'Processing Plants', 'beryllium', 'Nonferrous Metals', 'lead', 'Mines', 'Minerals', 'HIFLD', 'Feature Service', 'SDI', 'NSDI', 'Open Data', 'FGDC', 'Emergency Preparedness', 'Disaster Planning', 'Infrastructure']",https://www.datalumos.org/datalumos/project/240272/version/V1/view,2018-01-18,2024-04-09
.\north-america-political-divisions-polygons,north-america-political-divisions-polygons,North America Political Divisions Polygons,"The North American Atlas data are standardized geospatial data. A variety of basic data layers (e.g. roads, railroads, populated places, political boundaries, hydrography, bathymetry, sea ice and glaciers) have been integrated so that their relative positions are correct. This collection of data sets forms a base with which other North American thematic data may be integrated. Any data outside of Canada, Mexico, and the United States of America included in the North American Atlas data sets is strictly to complete the context of the data.The new version of the North American Atlas - Political Boundaries data set shows political entities in North America as polygons representing jurisdictional areas, such as, International boundaries, Provincial boundaries and State or territory boundaries.This is a revised version of the 2010 data set released by the Commission for Environmental Cooperation. This new version integrates political boundaries spatial vector information published by each country in 2021. The data set includes 10 provinces and 3 territories in Canada; 32 states in Mexico; 48 states and the District of Columbia in the conterminous United Sates, Alaska and Hawaii, as well as Puerto Rico and the US Virgin Islands in the Caribbean region.Files Download",,US Geological Survey,,"['Canada', 'Mexico', 'United States', 'Boundaries', 'Census Bureau', 'HIFLD', 'Feature Service', 'SDI', 'NSDI', 'Open Data', 'FGDC', 'Emergency Preparedness', 'Disaster Planning', 'Infrastructure']",https://www.datalumos.org/datalumos/project/240869/version/V2/view,2024-08-28,2025-08-04
.\north-american-rail-network-lines,north-american-rail-network-lines,North American Rail Network Lines,"The North American Rail Network (NARN) Rail Lines dataset was created in 2016 and was updated on October 16, 2024 from the Federal Railroad Administration (FRA) and is part of the U.S. Department of Transportation (USDOT)/Bureau of Transportation Statistics (BTS) National Transportation Atlas Database (NTAD). The NARN Rail Lines dataset is a database that provides ownership, trackage rights, type, passenger, STRACNET, and geographic reference for North America's railway system at 1:24,000 or better within the United States. The data set covers all 50 States, the District of Columbia, Mexico, and Canada.",Federal Railroad Administration (FRA),Department of Transportation,,"['NTAD', 'National Transportation Atlas Database', 'linear Rail', 'NARN', 'Network', 'Lines', 'Transportation Ground', 'FRA', 'BTS', 'HIFLD', 'Feature Service', 'SDI', 'NSDI', 'Open Data', 'FGDC', 'Emergency Preparedness', 'Disaster Planning', 'Infrastructure']",https://www.datalumos.org/datalumos/project/240893/version/V2/view,2024-02-23,2025-07-18
.\north-american-rail-network-nodes,north-american-rail-network-nodes,North American Rail Network Nodes,"The North American Rail Network (NARN) Rail Nodes dataset was created in 2016 and was updated on October 16, 2024 from the Federal Railroad Administration (FRA) and is part of the U.S. Department of Transportation (USDOT)/Bureau of Transportation Statistics (BTS) National Transportation Atlas Database (NTAD). The NARN Rail Nodes dataset is a database of North America's railway system at 1:24,000 or better within the United States. The data set covers all 50 States, the District of Columbia, Mexico, and Canada. The dataset holds topology of the network and provides geographic location information.",Federal Railroad Administration (FRA),Department of Transportation,,"['NTAD', 'National Transportation Atlas Database', 'Rail', 'NARN', 'Network', 'Nodes', 'Transportation Ground', 'FRA', 'BTS', 'HIFLD', 'Feature Service', 'SDI', 'NSDI', 'Open Data', 'FGDC', 'Emergency Preparedness', 'Disaster Planning', 'Infrastructure']",https://www.datalumos.org/datalumos/project/240894/version/V1/view,2024-02-23,2025-07-18
.\northeast-petroleum-reserves,northeast-petroleum-reserves,Northeast Petroleum Reserves,Northeast Home Heating Oil Reserve and the Northeast Regional Refined Petroleum Product Reserve sites. Sources: EIA (Weekly Petroleum Status Report) and the Department of Energy.,,Department of Energy,,"['energy', 'infrastructure', 'petroleum', 'heating oil', 'reserves', 'storage', 'Northeast', 'DOE', 'EIA', 'HIFLD', 'Feature Service', 'SDI', 'NSDI', 'Open Data', 'FGDC', 'Emergency Preparedness', 'Disaster Planning', 'Infrastructure']",https://www.datalumos.org/datalumos/project/240490/version/V1/view,2024-06-14,2024-10-31
.\notice-marks-usace-ienc,notice-marks-usace-ienc,Notice Marks (USACE IENC),"The USACE IENCs coverage area consists of 7,260 miles across 21 rivers primarily located in the Central United States. IENCs apply to inland waterways that are maintained for navigation by USACE for shallow-draft vessels (e.g., maintained at a depth of 9-14 feet, dependent upon the waterway project authorization). Generally, IENCs are produced for those commercially navigable waterways which the National Oceanic and Atmospheric Administration (NOAA) does not produce Electronic Navigational Charts (ENCs). However, Special Purpose IENCs may be produced in agreement with NOAA.  IENC POC: IENC_POC@usace.army.mil",,US Army Corps of Engineers,,"['USCG', 'USACE', 'IENC', 'HIFLD', 'Transportation - Water', 'Feature Service', 'SDI', 'NSDI', 'Open Data', 'FGDC', 'Emergency Preparedness', 'Disaster Planning', 'Infrastructure']",https://www.datalumos.org/datalumos/project/240491/version/V1/view,2018-04-16,2025-04-08
.\nursing-homes,nursing-homes,Nursing Homes,"The Nursing Home / Assisted Care feature class/shapefile contains facilities that house elderly adults. This feature class’s/shapefile's attribution contains physical and demographic information for facilities in the continental United States and some of its territories. The purpose of this feature class/shapefile is to provide accurate locations for high concentrations of elderly adults in the event of a disaster. The attribution within this feature class/shapefile was populated via open source methodologies of authoritative sources. During the update cycle for this version, 7170 records added",,Department of Energy,Oak Ridge National Laboratory,"['homeland security', 'homeland defense', 'emergency response', 'nursing home', 'assisted living', 'eldery care', 'alzheimer', 'retirement community', 'rest home', 'manor', 'skilled nursing', 'continuing care', 'convalescent', 'name', 'address', 'type', 'status', 'population', 'facilty characteristics']",https://www.datalumos.org/datalumos/project/239713/version/V1/view,2024-07-17,2024-07-17
.\obstruction-areas-usace-ienc-2,obstruction-areas-usace-ienc-2,Obstruction Areas (USACE IENC),"The USACE IENCs coverage area consists of 7,260 miles across 21 rivers primarily located in the Central United States. IENCs apply to inland waterways that are maintained for navigation by USACE for shallow-draft vessels (e.g., maintained at a depth of 9-14 feet, dependent upon the waterway project authorization). Generally, IENCs are produced for those commercially navigable waterways which the National Oceanic and Atmospheric Administration (NOAA) does not produce Electronic Navigational Charts (ENCs). However, Special Purpose IENCs may be produced in agreement with NOAA.  IENC POC: IENC_POC@usace.army.mil",,US Army Corps of Engineers,,"['USCG', 'USACE', 'IENC', 'HIFLD', 'Transportation - Water', 'Feature Service', 'SDI', 'NSDI', 'Open Data', 'FGDC', 'Emergency Preparedness', 'Disaster Planning', 'Infrastructure']",https://www.datalumos.org/datalumos/project/240106/version/V1/view,2024-02-05,2025-04-08
.\obstruction-lines-usace-ienc,obstruction-lines-usace-ienc,Obstruction Lines (USACE IENC),"The USACE IENCs coverage area consists of 7,260 miles across 21 rivers primarily located in the Central United States. IENCs apply to inland waterways that are maintained for navigation by USACE for shallow-draft vessels (e.g., maintained at a depth of 9-14 feet, dependent upon the waterway project authorization). Generally, IENCs are produced for those commercially navigable waterways which the National Oceanic and Atmospheric Administration (NOAA) does not produce Electronic Navigational Charts (ENCs). However, Special Purpose IENCs may be produced in agreement with NOAA.
 IENC POC: IENC_POC@usace.army.mil",,US Army Corps of Engineers,,"['USCG', 'USACE', 'IENC', 'HIFLD', 'Transportation - Water', 'Feature Service', 'SDI', 'NSDI', 'Open Data', 'FGDC', 'Emergency Preparedness', 'Disaster Planning', 'Infrastructure']",https://www.datalumos.org/datalumos/project/240501/version/V1/view,2018-02-21,2025-04-08
.\obstruction-locations-usace-ienc,obstruction-locations-usace-ienc,Obstruction Locations (USACE IENC),"The USACE IENCs coverage area consists of 7,260 miles across 21 rivers primarily located in the Central United States. IENCs apply to inland waterways that are maintained for navigation by USACE for shallow-draft vessels (e.g., maintained at a depth of 9-14 feet, dependent upon the waterway project authorization). Generally, IENCs are produced for those commercially navigable waterways which the National Oceanic and Atmospheric Administration (NOAA) does not produce Electronic Navigational Charts (ENCs). However, Special Purpose IENCs may be produced in agreement with NOAA.
 IENC POC: IENC_POC@usace.army.mil",,US Army Corps of Engineers,,"['USCG', 'USACE', 'IENC', 'HIFLD', 'Transportation - Water', 'Feature Service', 'SDI', 'NSDI', 'Open Data', 'FGDC', 'Emergency Preparedness', 'Disaster Planning', 'Infrastructure']",https://www.datalumos.org/datalumos/project/240502/version/V1/view,2018-02-21,2025-04-08
.\oil-and-natural-gas-platforms,oil-and-natural-gas-platforms,Oil and Natural Gas Platforms,This feature class represents Offshore Oil and Gas Platforms in the Gulf of Mexico federal waters and off the US Pacific coast. An Offshore Platform is a facility constructed to extract and process oil and natural gas from wells drilled on the sea floor. It may also have drilling rigs and quarters for workers.,Oak Ridge National Laboratory,Department of Energy,Oak Ridge National Laboratory,"['emergency response', 'Pacific', 'Mississippi', 'Continental United States', 'type', 'California', 'facility characteristics', 'status', 'crude oil', 'federal waters', 'Texas', 'gas platform', 'platform complex', 'Louisiana', 'oil platform', 'structure', 'name', 'natural gas', 'homeland defense', 'Outer Continental Shelf', 'homeland security', 'economy', 'Alabama', 'USA', 'Florida', 'Gulf of Mexico', 'HIFLD', 'Feature Service', 'SDI', 'NSDI', 'Open Data', 'FGDC', 'Emergency Preparedness', 'Disaster Planning', 'Infrastructure']",https://www.datalumos.org/datalumos/project/240503/version/V1/view,2017-09-19,2022-01-09
.\outer-continental-shelf-ocs-diagrams-maps,outer-continental-shelf-ocs-diagrams-maps,Outer Continental Shelf (OCS) Protraction Diagrams & Leasing Maps,"These data contain a national scale spatial footprint of the outer boundaries of the Bureau of Ocean Energy Management’s (BOEM’s) Official Protraction Diagrams (OPDs). These polygons are clipped to the Submerged Land Act Boundary and Continental Shelf Boundaries and are updated as needed. OPDs are mapping products produced and used by the BOEM to delineate areas available for potential offshore mineral leases, determine the State/Federal offshore boundaries, and determine the limits of revenue sharing and other boundaries to be considered when leasing offshore waters. The OPDs serve as the legal definition for BOEM offshore boundary coordinates and area descriptions. These data show only the outline of the maps that are available from BOEM. Only the most recently published paper or pdf versions of the OPDs should be used for official or legal purposes. Further information on the history of the development of OPDs can be found in OCS Report MMS 99-0006: Boundary Development on the Outer Continental Shelf.

These data were created in the applicable NAD83 UTM or NAD27 UTM/SPCS Projection and re-projected to GCS WGS84 (EPSG 4326) for management in BOEM's enterprise GIS. However, this service in this collection has been published in WGS 1984 Web Mercator Auxiliary Sphere (EPSG 3857). Because GIS projection and topology functions can change or generalize coordinates, these data are NOT an OFFICIAL record for the exact boundaries. These data are to be used for Cartographic purposes only and should not be used to calculate area.",Bureau of Ocean Energy Management (BOEM),Bureau of Ocean Energy Management,,"['BOEM', 'HIFLD', 'Feature Service', 'SDI', 'NSDI', 'Open Data', 'FGDC', 'Emergency Preparedness', 'Disaster Planning', 'Infrastructure']",https://www.datalumos.org/datalumos/project/241098/version/V1/view,2018-09-17,2025-04-08
.\outer-continental-shelf-ocs-drilling-platforms,outer-continental-shelf-ocs-drilling-platforms,Outer Continental Shelf (OCS) Drilling Platforms,"This data set contains point locations for oil and gas platforms (structures) located in the Gulf of Mexico federal waters. Note: Platforms are being added or modified continuously; obtaining updates of this database are required to know the true distribution of platform data. Because GIS projection and topology functions can change or generalize coordinates, these GIS files are considered to be approximate and are NOT an OFFICIAL record.An oil platform, offshore platform, or (colloquially) oil rig is a large structure with facilities to drill wells (optionally), to extract and process oil and natural gas, or to temporarily store product until it can be brought to shore for refining and marketing. In many cases, the platform contains facilities to house the workforce as well.Depending on the circumstances, the platform may be fixed to the ocean floor, may consist of an artificial island, or may float. Remote subsea wells may also be connected to a platform by flow lines and by umbilical connections. These sub-sea solutions may consist of one or more subsea wells, or of one or more manifold centers for multiple wells.","Bureau of Safety and Environmental Enforcement, Office of Technical Data Management, Data Administration Unit",Bureau of Safety and Environmental Enforcement,"Office of Technical Data Management, Data Administration Unit","['Platforms', 'HIFLD', 'Feature Service', 'SDI', 'NSDI', 'Open Data', 'FGDC', 'Emergency Preparedness', 'Disaster Planning', 'Infrastructure']",https://www.datalumos.org/datalumos/project/240510/version/V1/view,2019-04-10,2025-08-01
.\outer-continental-shelf-ocs-lease-blocks-1,outer-continental-shelf-ocs-lease-blocks-1,Outer Continental Shelf (OCS) Lease Blocks,"Outer Continental Shelf (OCS) blocks serve as the legal definition for BOEM offshore boundary coordinates used to define small geographic areas within an Official Protraction Diagram (OPD) for leasing and administrative purposes. These polygons are clipped to the Submerged Land Act Boundary and Continental Shelf Boundaries. OCS blocks relate back to individual Official Protraction Diagrams (OPDs) and are not uniquely numbered. A block is uniquely described by the Protraction Number and Block Number (e.g., NK18-02, Block 6822). A full OCS block is 4800 x 4800 meters. Smaller, clipped aliquots are found along the Federal/State OCS boundary and along UTM zone borders. Only the most recently published paper or PDF versions of the OPDs or Supplemental Official Block Diagrams (SOBDs) should be used for official or legal purposes.

These data were created in the applicable NAD83 UTM or NAD27 UTM/SPCS Projection and re-projected to GCS WGS84 (EPSG 4326) for management in BOEM's enterprise GIS. However, this service in this collection has been published in WGS 1984 Web Mercator Auxiliary Sphere (EPSG 3857). Because GIS projection and topology functions can change or generalize coordinates, these data are NOT an OFFICIAL record for the exact boundaries. These data are to be used for Cartographic purposes only and should not be used to calculate area.",Bureau of Ocean Energy Management (BOEM),Bureau of Ocean Energy Management,"Office of Strategic Resources (OSR), Geospatial Services Division (GSD)","['Outer Continental Shelf', 'OCS', 'BOEM', 'Alaska', 'Bureau of Ocean Energy Management', 'Offshore Marine Cadastre', 'OMC', 'Blocks', 'Official Protraction Diagrams', 'OPDs', 'Supplemental Official Block Diagrams', 'SOBDs', 'Renewable Energy', 'Conventional Energy', 'Energy', 'BDS', 'Boundary Delineation System', 'Pacific', 'Gulf of Mexico', 'HIFLD', 'Feature Service', 'SDI', 'NSDI', 'Open Data', 'FGDC', 'Emergency Preparedness', 'Disaster Planning', 'Infrastructure']",https://www.datalumos.org/datalumos/project/240513/version/V1/view,2018-09-17,2025-04-08
.\outer-continental-shelf-ocs-oil-and-natural-gas-wells,outer-continental-shelf-ocs-oil-and-natural-gas-wells,Outer Continental Shelf (OCS) Oil and Natural Gas Wells,"This Regional Map Service contains information from both the Bureau of Ocean Energy Management (BOEM) and the Bureau of Safety and Environmental Enforcement (BSEE) within the Department of Interior (DOI) for the purpose of managing offshore federal real estate leases for oil, gas and renewable energy. These data layers are being made available as REST mapping services for the purpose of web viewing and map overlay viewing in GIS systems. Due to re-projection issues which occur when converting multiple UTM zone data to a single national or regional projected space, and line type changes that occur when converting from UTM to geographic projections, these data layers should not be used for official or legal purposes. Only the original data found within BOEM/BSEE’s official internal database, federal register notices or official paper or pdf map products may be considered as the official information or mapping products used by BOEM or BSEE. These and other cadastre information the BOEM and BSEE produces are generated in accordance with 30 Code of Federal Regulations (CFR) 256.8 to support Federal land ownership and mineral resource management. For more information - Contact: Division Chief, Geospatial Services Division, BOEM, 45600 Woodland Road, Sterling, VA 20166 Telephone (703) 787-1312; Email: mappingboundarybranch@boem.gov",,Bureau of Ocean Energy Management,"Office of Strategic Resources (OSR), Geospatial Services Division (GSD)","['ocs', 'drilling platforms', 'oil wells', 'natural gas wells', 'wells', 'boem', 'limit of ocsla 8(g) zone', 'submerged lands act boundary', 'ocs protraction diagrams', 'leasing maps', 'lease blocks', 'leases', 'planning areas', 'lease points', 'oil', 'gas', 'HIFLD', 'Feature Service', 'SDI', 'NSDI', 'Open Data', 'FGDC', 'Emergency Preparedness', 'Disaster Planning', 'Infrastructure']",https://www.datalumos.org/datalumos/project/240515/version/V1/view,2024-08-28,2025-07-30
.\overhead-cables-usace-ienc,overhead-cables-usace-ienc,Overhead Cables (USACE IENC),"The USACE IENCs coverage area consists of 7,260 miles across 21 rivers primarily located in the Central United States. IENCs apply to inland waterways that are maintained for navigation by USACE for shallow-draft vessels (e.g., maintained at a depth of 9-14 feet, dependent upon the waterway project authorization). Generally, IENCs are produced for those commercially navigable waterways which the National Oceanic and Atmospheric Administration (NOAA) does not produce Electronic Navigational Charts (ENCs). However, Special Purpose IENCs may be produced in agreement with NOAA.  IENC POC: IENC_POC@usace.army.mil",,US Army Corps of Engineers,,"['USCG', 'USACE', 'IENC', 'HIFLD', 'Transportation - Water', 'Feature Service', 'SDI', 'NSDI', 'Open Data', 'FGDC', 'Emergency Preparedness', 'Disaster Planning', 'Infrastructure']",https://www.datalumos.org/datalumos/project/240570/version/V1/view,2018-02-21,2025-04-08
.\overhead-pipeline-lines-usace-ienc,overhead-pipeline-lines-usace-ienc,Overhead Pipeline Lines (USACE IENC),"The USACE IENCs coverage area consists of 7,260 miles across 21 rivers primarily located in the Central United States. IENCs apply to inland waterways that are maintained for navigation by USACE for shallow-draft vessels (e.g., maintained at a depth of 9-14 feet, dependent upon the waterway project authorization). Generally, IENCs are produced for those commercially navigable waterways which the National Oceanic and Atmospheric Administration (NOAA) does not produce Electronic Navigational Charts (ENCs). However, Special Purpose IENCs may be produced in agreement with NOAA.  IENC POC: IENC_POC@usace.army.mil",,US Army Corps of Engineers,,"['USCG', 'USACE', 'IENC', 'HIFLD', 'Transportation - Water', 'Feature Service', 'SDI', 'NSDI', 'Open Data', 'FGDC', 'Emergency Preparedness', 'Disaster Planning', 'Infrastructure']",https://www.datalumos.org/datalumos/project/240565/version/V1/view,2018-02-21,2025-04-08
.\overview-20,overview-20,Overview,"NOAA is responsible for depicting on its nautical charts the limits of the 12 nautical mile Territorial Sea, 24 nautical mile Contiguous Zone, and 200 nautical mile Exclusive Economic Zone (EEZ). The outer limit of each of these zones is measured from the U.S. normal baseline, which coincides with the low water line depicted on NOAA charts and includes closing lines across the entrances of legal bays and rivers, consistent with international law. The U.S. baseline and associated maritime limits are reviewed and approved through the interagency U.S. Baseline Committee, which is chaired by the U.S. Department of State. The Committee serves the function of gaining interagency consensus on the proper location of the baseline using the provisions of the 1958 Convention on the Territorial Sea and the Contiguous Zone, to ensure that the seaward extent of U.S. maritime zones do not exceed the breadth that is permitted by international law. In 2002 and in response to mounting requests for digital maritime zones, NOAA launched a project to re-evaluate the U.S. baseline in partnership with other federal agencies via the U.S. Baseline Committee. The focus of the baseline evaluation was NOAA's largest scale, most recent edition nautical charts as well as supplemental source materials for verification of certain charted features. This dataset is a result of the 2002-present initiative and reflects a multi-year iterative project whereby the baseline and associated maritime limits were re-evaluated on a state or regional basis. In addition to the U.S. maritime limits, the U.S. maritime boundaries with opposite or adjacent countries as well as the US/Canada International Boundary (on land and through the Great Lakes) are also included in this dataset. Direct data download | Metadata NOAA OCS U.S. Maritime Limits & Boundaries",,National Oceanic and Atmospheric Administration,,"['NOAA', 'NOS', 'OCS', 'Transportation Water', 'HIFLD', 'Feature Service', 'SDI', 'NSDI', 'Open Data', 'FGDC', 'Emergency Preparedness', 'Disaster Planning', 'Infrastructure']",https://www.datalumos.org/datalumos/project/240571/version/V1/view,2024-04-30,2025-04-08
.\pad-us-manager-name,pad-us-manager-name,PAD-US Manager Name,"The Protected Areas Database of the United States (PAD-US) is the official inventory of public parks and other protected open space. PAD-US is published by the U.S. Geological Survey (USGS) Science Analytics and Synthesis (SAS), Gap Analysis Project (GAP). GAP produces data and tools that help meet critical national challenges such as biodiversity conservation, recreation, public health, climate change adaptation, and infrastructure investment. See the GAP webpage for more information about GAP and other GAP data including species and land cover.PAD-US aggregates data for known protected areas whose primary purpose is biodiversity conservation, as well as lands and waters that provide public access to nature. Other PAD-US feature and tile layers are available at PAD-US Web Service.  This content describes the PAD-US dataset which is in the public domain. It is intended for use with the PAD-US Data Explorer. Users are obligated to follow the terms of use of the PAD-US Data Explorer and any accompanying content.Key attribution includes:CategoryOwner TypeOwner NameLocal OwnerManager TypeManager NameLocal ManagerDesignation TypeLocal DesignationUnit NameLocal NameAggregator SourceGIS SourceGIS Source DatePublic AccessGAP Status Code - Status 1, 2, 3 or 4GAP Status DescriptionDate of EstablishmentIUCN Category - International Union for Conservation of Nature (IUCN) Description - I: Strict Nature Reserve, II: National Park, III: Natural Monument or Feature, IV: Habitat/Species Management Area, V: Protected Landscape/Seascape, VI: Protected area with sustainable use of natural resources, Other conservation area, Unassigned",U.S. Geological Survey (USGS) Gap Analysis Project (GAP),US Geological Survey,,"['PAD-US', 'PADUS', 'GAP', 'protected areas', 'protected lands', 'protected waters', 'PAD-US Data Explorer', 'PAD_US', 'biodiversity', 'conservation', 'HIFLD', 'Feature Service', 'SDI', 'NSDI', 'Open Data', 'FGDC', 'Emergency Preparedness', 'Disaster Planning', 'Infrastructure']",https://www.datalumos.org/datalumos/project/240684/version/V1/view,2024-03-12,2025-06-04
.\pad-us-protection-mechanism-category,pad-us-protection-mechanism-category,PAD-US Protection Mechanism Category,"The Protected Areas Database of the United States (PAD-US) is the official inventory of public parks and other protected open space. PAD-US is published by the U.S. Geological Survey (USGS) Science Analytics and Synthesis (SAS), Gap Analysis Project (GAP). GAP produces data and tools that help meet critical national challenges such as biodiversity conservation, recreation, public health, climate change adaptation, and infrastructure investment. See the GAP webpage for more information about GAP and other GAP data including species and land cover.PAD-US aggregates data for known protected areas whose primary purpose is biodiversity conservation, as well as lands and waters that provide public access to nature. Other PAD-US feature and tile layers are available at PAD-US Web Service.  This content describes the PAD-US dataset which is in the public domain. It is intended for use with the PAD-US Data Explorer. Users are obligated to follow the terms of use of the PAD-US Data Explorer and any accompanying content.Key attribution includes:CategoryOwner TypeOwner NameLocal OwnerManager TypeManager NameLocal ManagerDesignation TypeLocal DesignationUnit NameLocal NameAggregator SourceGIS SourceGIS Source DatePublic AccessGAP Status Code - Status 1, 2, 3 or 4GAP Status DescriptionDate of EstablishmentIUCN Category - International Union for Conservation of Nature (IUCN) Description - I: Strict Nature Reserve, II: National Park, III: Natural Monument or Feature, IV: Habitat/Species Management Area, V: Protected Landscape/Seascape, VI: Protected area with sustainable use of natural resources, Other conservation area, Unassigned",U.S. Geological Survey (USGS) Gap Analysis Project (GAP),US Geological Survey,,"['PAD-US', 'PADUS', 'GAP', 'protected areas', 'protected lands', 'protected waters', 'PAD-US Data Explorer', 'PAD_US', 'biodiversity', 'conservation', 'HIFLD', 'Feature Service', 'SDI', 'NSDI', 'Open Data', 'FGDC', 'Emergency Preparedness', 'Disaster Planning', 'Infrastructure']",https://www.datalumos.org/datalumos/project/240685/version/V1/view,2024-03-12,2025-06-04
.\paging-transmission-towers,paging-transmission-towers,Paging Transmission Towers,"This feature class serves as base information for use in GIS systems for general planning, analytical, and research purposes. It is not intended for engineering work or to legally define FCC licensee data or FCC market boundaries. The material in the data and text files, used to create this geodatabase, is provided as-is. The FCC disclaims all warranties with regard to the contents of these files, including their fitness. In no event shall the FCC be liable for any special, indirect, or consequential damages whatsoever resulting from loss or use, data or profits, whether in connection with the use or performance of the contents of these files, action of contract, negligence, or other action arising out of, or in connection with the use of the contents of these files. It is known that there are some errors in the licensing information - Latitude, Longitude and Ground Elevation data as well as frequency assignment data from which these files were generated. This dataset represents the paging transmission tower locations. Data source: Federal Communications Commission. Data and details are hosted by HIFLD as received from the data provider.",Federal Communications Commission (FCC),Federal Communications Commission,,"['paging', 'FCC', 'transmission', 'towers', 'HIFLD Communications', 'utilitiesCommunication', 'United States', 'CONUS', 'Puerto Rico', 'U.S. Virgin Islands', 'Hawaii', 'Guam', 'Alaska', 'HIFLD', 'Feature Service', 'SDI', 'NSDI', 'Open Data', 'FGDC', 'Emergency Preparedness', 'Disaster Planning', 'Infrastructure']",https://www.datalumos.org/datalumos/project/240567/version/V1/view,2024-01-24,2024-07-06
.\peak-shaving-facilities,peak-shaving-facilities,Peak Shaving Facilities,This feature class/shapefile represents Peak Shaving Plants. Peak Shaving Plants are used to provide vaporized Liquefied Natural Gas or Liquefied Propane Gas Air injections into natural gas pipelines to augment the pipeline for shortfalls in natural gas supplies. Data contains locational and other attribute information for Peak Shaving Plants. Geographical coverage includes the Continental United States.,Oak Ridge National Laboratory,Department of Energy,Oak Ridge National Laboratory,"['homeland security', 'homeland defense', 'emergency response', 'liquefied natural gas', 'natural gas', 'propane', 'propane-air', 'truck', 'ship/barge', 'pipeline', 'liquefaction', 'storage', 'peak shaving', 'satellite', 'other', 'name', 'address', 'type', 'status', 'population', 'facility characteristics', 'United States', 'USA', 'HIFLD', 'Feature Service', 'SDI', 'NSDI', 'Open Data', 'FGDC', 'Emergency Preparedness', 'Disaster Planning', 'Infrastructure']",https://www.datalumos.org/datalumos/project/240568/version/V1/view,2022-10-06,2024-12-12
.\petroleum-product-terminals,petroleum-product-terminals,Petroleum Product Terminals,"The attribute data for this point dataset come from U.S. Energy Information Administration, Form EIA-815, Monthly Bulk Terminal and Blender Report. A bulk terminal is a facility primarily used for storage, marketing, and, in many cases, blending of petroleum products, unfinished oils, biofuels, and natural gas liquids. The geographic area the report covers is the 50 States, the District of Columbia, Puerto Rico, the U.S. Virgin Islands, Guam, and other U.S. possessions. The facility location data represent the approximate location based on research of publicly available information from sources such as Federal agencies, company websites, and satellite images on public websites.",,Department of Energy,Energy Information Administration,"['petroleum', 'Energy', 'infrastructure', 'EIA', 'HIFLD', 'Feature Service', 'SDI', 'NSDI', 'Open Data', 'FGDC', 'Emergency Preparedness', 'Disaster Planning', 'Infrastructure']",https://www.datalumos.org/datalumos/project/240512/version/V1/view,2024-06-25,2025-06-05
.\petroleum-refineries,petroleum-refineries,Petroleum Refineries,"The attribute data for this point dataset come from the U.S. Energy Information Administration, Refinery Capacity Report, Table 3, Capacity of Operable Petroleum Refineries by State report, which is sourced from U.S. Energy Information Administration, Form EIA-820, Annual Refinery Report. The geographic area the report covers is the 50 States, the District of Columbia, Puerto Rico, the U.S. Virgin Islands, Guam, and other U.S. possessions.

The facility location data represent the approximate location based on research of publicly available information from sources such as Federal agencies, company websites, and satellite images on public websites.",,Department of Energy,Energy Information Administration,"['refinery', 'petroleum', 'Energy', 'crude oil', 'infrastructure', 'EIA', 'HIFLD', 'Feature Service', 'SDI', 'NSDI', 'Open Data', 'FGDC', 'Emergency Preparedness', 'Disaster Planning', 'Infrastructure']",https://www.datalumos.org/datalumos/project/240514/version/V1/view,2024-06-25,2024-10-31
.\pile-locations-usace-ienc,pile-locations-usace-ienc,Pile Locations (USACE IENC),"The USACE IENCs coverage area consists of 7,260 miles across 21 rivers primarily located in the Central United States. IENCs apply to inland waterways that are maintained for navigation by USACE for shallow-draft vessels (e.g., maintained at a depth of 9-14 feet, dependent upon the waterway project authorization). Generally, IENCs are produced for those commercially navigable waterways which the National Oceanic and Atmospheric Administration (NOAA) does not produce Electronic Navigational Charts (ENCs). However, Special Purpose IENCs may be produced in agreement with NOAA.
 IENC POC: IENC_POC@usace.army.mil",,US Army Corps of Engineers,,"['USCG', 'USACE', 'IENC', 'HIFLD', 'Transportation - Water', 'Feature Service', 'SDI', 'NSDI', 'Open Data', 'FGDC', 'Emergency Preparedness', 'Disaster Planning', 'Infrastructure']",https://www.datalumos.org/datalumos/project/240516/version/V1/view,2018-02-21,2025-04-08
.\pipeline-areas-usace-ienc,pipeline-areas-usace-ienc,Pipeline Areas (USACE IENC),"The USACE IENCs coverage area consists of 7,260 miles across 21 rivers primarily located in the Central United States. IENCs apply to inland waterways that are maintained for navigation by USACE for shallow-draft vessels (e.g., maintained at a depth of 9-14 feet, dependent upon the waterway project authorization). Generally, IENCs are produced for those commercially navigable waterways which the National Oceanic and Atmospheric Administration (NOAA) does not produce Electronic Navigational Charts (ENCs). However, Special Purpose IENCs may be produced in agreement with NOAA. Users should be aware that the IENCs reflect best available information at the time the data was collected. These data products are subject to change.POC email: IENC_POC@usace.army.mil",,US Army Corps of Engineers,,"['USACE', 'IENC', 'HIFLD', 'Transportation - Water', 'Feature Service', 'SDI', 'NSDI', 'Open Data', 'FGDC', 'Emergency Preparedness', 'Disaster Planning', 'Infrastructure']",https://www.datalumos.org/datalumos/project/240543/version/V1/view,2018-02-21,2025-04-08
.\plate-boundaries,plate-boundaries,Plate Boundaries,USGS Tectonic Plate Boundaries,,US Geological Survey,,"['plate', 'boundaries', 'earthquakes', 'USGS', 'Natural Hazards', 'HIFLD', 'Feature Service', 'SDI', 'NSDI', 'Open Data', 'FGDC', 'Emergency Preparedness', 'Disaster Planning', 'Infrastructure']",https://www.datalumos.org/datalumos/project/240544/version/V1/view,2024-08-27,2025-04-08
.\pol-terminals-1,pol-terminals-1,POL Terminals,"This feature class/shapefile represents Petroleum Terminals. Petroleum Terminals are used to provide storage of both crude oil and refined petroleum products. Data contains locational and other attribute information for operable bulk petroleum product terminals with a total bulk shell storage capacity of 50,000 barrels or more, and/or ability to receive volumes from tanker, barge, or pipeline. Geographical coverage includes the United States, U.S. Virgin Islands, Puerto Rico, Guam, and Northern Marina Islands. This update includes revalidation of 658 records, the addition of 10 new records and the removal of 47 records for a total of 2,302 terminals. 8 terminals were removed because it was confirmed that they no longer exist. 22 terminals were removed because they were confirmed as duplicate records. 17 terminals were merged with adjacent terminals. Domains for the TYPE and COMMODITY fields were standardized in the layer and added to the metadata.",Oak Ridge National Laboratory,Department of Energy,Oak Ridge National Laboratory,"['homeland security', 'homeland defense', 'emergency response', 'petroleum terminals', 'oil', 'truck', 'marine', 'pipeline', 'railroad', 'crude oil', 'refined products', 'gasoline', 'chemicals', 'asphalt', 'propane', 'butane', 'ethanol', 'biodiesel', 'jet fuel', 'distillate', 'avgas', 'name', 'address', 'type', 'status', 'population', 'facility characteristics', 'United States', 'USA', 'Alaska', 'Hawaii', 'United States Territories', 'U.S. Virgin Islands', 'Puerto Rico', 'Guam', 'Northern Mariana Islands', 'HIFLD', 'Feature Service', 'SDI', 'NSDI', 'Open Data', 'FGDC', 'Emergency Preparedness', 'Disaster Planning', 'Infrastructure']",https://www.datalumos.org/datalumos/project/239798/version/V1/view,2021-11-08,2024-10-11
.\pontoon-areas-usace-ienc,pontoon-areas-usace-ienc,Pontoon Areas (USACE IENC),"The U.S. inland navigation system consists of of rivers maintained by the Corps of Engineers in 22 states, and includes 276 lock chambers with a total lift of 6,100 feet. The highly adaptable and effective system of barge navigation moves over 625 million tons of commodities annually, which includes coal, petroleum products, various other raw materials, food and farm products, chemicals, and manufactured goods. The shallow draft waterways have many unique characteristics and difficulties over coastal harbor and ocean navigation; river levels can change by over 30 feet in a seasonal cycle, the navigation channel can shift significantly within the river banks, and shifting yet ever present river currents pose constant challenges in these confined waterways. Electronic chart systems can offer significant benefits to vessels including accurate and real-time display of vessel position relative to waterway features, voyage planning and monitoring, training tools for new personnel and integrated display of river charts, radar, and Automatic Identification Systems. Following recommendations by the National Transportation Safety Board, the National Academy of Science and the American Waterways Operators, Congress directed the Corps of Engineers to develop and publish electronic charts for the inland waterways. Development of Inland Electronic Navigational Charts (IENCs) to cover the Mississippi River and tributaries thus began in 2001 with pilot projects on the Atchafalaya River in Louisiana and Lower Mississippi River near Vicksburg, Mississippi. These projects, which involved a combination of in-house and contract activities, were the first efforts to collect and convert inland waterway data, commonly used for river and channel maintenance, into the international S-57 hydrographic data exchange. This highly structured data format is commonly used for electronic chart applications and will be used for Corps IENCs An S-57 database is extracted into an Esri File Geodatabase for publication. This is that geodatabase and it contains 99 feature classes that make up the IENC data.POC: IENC_POC@usace.army.mil",,US Army Corps of Engineers,,"['\xa0USACE', '\xa0IENC', 'Transportation Water', 'HIFLD', 'Feature Service', 'SDI', 'NSDI', 'Open Data', 'FGDC', 'Emergency Preparedness', 'Disaster Planning', 'Infrastructure']",https://www.datalumos.org/datalumos/project/239792/version/V1/view,2018-04-16,2025-04-08
.\power-plants-1,power-plants-1,Power Plants,"This feature class/shapefile represents electric power plants. Power plants are all the land and land rights, structures and improvements, boiler or reactor vessel equipment, engines and engine-driven generators, turbo generator units, accessory electric equipment, and miscellaneous power plant equipment are grouped together for each individual facility. Included are the following plant types: hydroelectric dams, fossil fuel (coal, natural gas, or oil), nuclear, solar, wind, geothermal, and biomass.",Oak Ridge National Laboratory,Department of Energy,Oak Ridge National Laboratory,"['emergency response', 'energy infrastructure', 'generation', 'homeland defense', 'homeland security', 'power plants', 'generating units', 'CESER', 'ORNL', 'Energy', 'HIFLD', 'Feature Service', 'SDI', 'NSDI', 'Open Data', 'FGDC', 'Emergency Preparedness', 'Disaster Planning', 'Infrastructure']",https://www.datalumos.org/datalumos/project/240526/version/V1/view,2025-02-19,2025-06-26
.\primary-roads-2,primary-roads-2,Primary Roads,"Primary roads are generally divided, limited-access highways within the Federal interstate highway system or under state management. These highways are distinguished by the presence of interchanges and are accessible by ramps, and may include some toll highways. The Primary Roads shapefile contains all linear street features with MTFCC of S1100.Download: https://www2.census.gov/geo/tiger/TGRGDB24/tlgdb_2024_a_us_roads.gdb.zipMetadata: https://meta.geo.census.gov/data/existing/decennial/GEO/GPMB/TIGERline/Current_19115/series_tl_2023_roads.shp.iso.xml",,Census Bureau,,"['HIFLD', 'Transportation', 'Roads', 'Primary', 'Secondary', 'Local', 'Railroads', 'National Geospatial Data Asset', 'NGDA', 'Feature Service', 'SDI', 'NSDI', 'Open Data', 'FGDC', 'Emergency Preparedness', 'Disaster Planning', 'Infrastructure']",https://www.datalumos.org/datalumos/project/240532/version/V1/view,2024-06-05,2025-04-08
.\principal-ports,principal-ports,Principal Ports,"The principal port file contains USACE port codes, geographic location, names, and commodity tonnage summaries (total tons, domestic, foreign, imports and exports) for principal USACE ports for CY 2022.",Waterborne Commerce Statistics Center; U.S. Army Corps of Engineers,US Army Corps of Engineers,Waterborne Commerce Statistics Center,"['USACE', 'COE', 'foreign', 'domestic', 'port', 'tonnage', 'geospatial', 'HIFLD', 'Feature Service', 'SDI', 'NSDI', 'Open Data', 'FGDC', 'Emergency Preparedness', 'Disaster Planning', 'Infrastructure']",https://www.datalumos.org/datalumos/project/240533/version/V1/view,2024-02-23,2025-04-17
.\prison-boundaries-1,prison-boundaries-1,Prison Boundaries,"The prison boundary feature class contains secure detention facilities. These facilities range in jurisdiction from federal(excluding military) to local governments. Polygon geometry is used to describe the extent of where the incarcerated population is located (fence lines or building footprints). This feature class's attribution describes many physical and social characteristics of detention facilities in the United States and some of its territories. The attribution for this feature class was populated by open source search methodologies of authoritative sources. Changes from the previous version include 80 records added, 132 closed, 30 reopened, and 363 removed.",Oak Ridge National Laboratory,Department of Energy,Oak Ridge National Laboratory,"['homeland security', 'homeland defense', 'emergency response', 'prison boundaries', 'police', 'government', 'juveniles', 'prisons', 'delinquents', 'centers', 'institutions', 'facility', 'facilities', 'correctional', 'detention', 'name', 'address', 'type', 'status', 'population', 'facility characteristics', 'Continental United States', 'USA', 'Hawaii', 'Alaska', 'District of Columbia', 'Puerto Rico', 'American Samoa', 'Guam', 'Northern Mariana Islands', 'Virgin Islands']",https://www.datalumos.org/datalumos/project/240534/version/V1/view,2024-09-18,2024-09-19
.\private-schools,private-schools,Private Schools,"This Private Schools feature dataset is composed of private elementary and secondary education facilities in the United States as defined by the Private School Survey (PSS, https://nces.ed.gov/surveys/pss/), National Center for Education Statistics (NCES, https://nces.ed.gov), US Department of Education for the 2021-2022 school year. This includes all prekindergarten through 12th grade schools as tracked by the PSS. Complete field and attribute information is available in the ""Entities and Attributes"" metadata section. Geographical coverage is depicted in the thumbnail above and detailed in the Place Keyword section of the metadata. This release includes the addition of 4,910 new records and modifications to the spatial location and/or attribution of 17,329 records.",Oak Ridge National Laboratory,Department of Education,National Center for Education Statistics,"['Continental United States', 'USA', 'Hawaii', 'Alaska', 'District of Columbia', 'homeland security', 'homeland defense', 'emergency response', 'education', 'private schools', 'elementary', 'secondary', 'high', 'middle', 'primary', 'regular', 'vocational', 'alternative', 'reportable', 'kindergarten', 'prekindergarten', 'school', 'montessori', 'enrollment', 'shelters', 'institutional characteristics', 'teachers', 'name', 'address', 'type', 'status', 'population', 'facility characteristics']",https://www.datalumos.org/datalumos/project/240536/version/V1/view,2017-06-07,2024-03-28
.\proposed-critical-habitat-features,proposed-critical-habitat-features,Proposed Critical Habitat Features,"When a species is proposed for listing as endangered or threatened under the Endangered Species Act, the U.S. Fish and Wildlife Service must consider whether there are areas of habitat believed to be essential the species’ conservation. Those areas may be proposed for designation as “critical habitat.” Critical habitat is a term defined and used in the Act. It is a specific geographic area(s) that contains features essential for the conservation of a threatened or endangered species and that may require special management and protection. Critical habitat may include an area that is not currently occupied by the species but that will be needed for its recovery. An area is designated as “critical habitat” after the Service publishes a proposed Federal regulation in the Federal Register and receives and considers public comments on the proposal. The final boundaries of the critical habitat are also published in the Federal Register. Critical habitat are areas considered essential for the conservation of a listed species. Federal agencies are required to consult with the U.S. Fish and Wildlife Service on actions they carry out, fund, or authorize to ensure that their actions will not destroy or adversely modify critical habitat. These areas provide notice to the public and land managers of the importance of these areas to the conservation of a listed species. Special protections and/or restrictions are possible in areas where Federal funding, permits, licenses, authorizations, or actions occur or are required.",,US Fish and Wildlife Service,,"['USFWS Critical Habitat', 'United States Fish and Wildlife Service', 'Fish and Wildlife Service', 'Fish and Wildlife', 'USFWS', 'Critical Habitat', 'Endangered Species', 'Threatened Species', 'Endangered', 'ecology', 'landscape', 'HIFLD', 'Feature Service', 'SDI', 'NSDI', 'Open Data', 'FGDC', 'Emergency Preparedness', 'Disaster Planning', 'Infrastructure']",https://www.datalumos.org/datalumos/project/240574/version/V1/view,2024-04-08,2025-07-22
.\public-refrigerated-warehouses-1,public-refrigerated-warehouses-1,Public Refrigerated Warehouses,"GCCA Warehouse is the third-party temperature-controlled warehousing industry’s association. Founded in 1891 as the American Warehousemen’s Association in 1891; to National Association of Refrigerated Warehouses independently in 1961; to International Association of Warehouses in 1972; and to Global Cold Chain Alliance in 2023 to present. The Association as we know it today, was originally established when conventional warehousemen took on the demands of storing perishable food and soon realized the increased challenge and complexity of operating temperature-controlled storage facilitiesToday, the GCCA Warehouse sector promotes best practices in the temperature-controlled warehousing and logistics industry through research, industry benchmarking, networking, and education. GCCA Warehouse also advocates for members in legislative and regulatory arenas. All active members of GCCA are also members and beneficiaries of the work of the Global Cold Chain Foundation. (https://www.gcca.org/about/gcca-warehouse/, 11/27/2024).",Global Cold Chain Alliance (GCCA),Global Cold Chain Alliance,,"['Continental United States', 'CONUS', 'Hawaii', 'IARW', 'locations', 'Public', 'refrigerated', 'USA', 'warehouses', 'GCCA', 'HIFLD', 'Feature Service', 'SDI', 'NSDI', 'Open Data', 'FGDC', 'Emergency Preparedness', 'Disaster Planning', 'Infrastructure']",https://www.datalumos.org/datalumos/project/240576/version/V1/view,2017-06-08,2024-12-02
.\public-schools,public-schools,Public Schools,"This Public Schools feature dataset is composed of all Public elementary and secondary education facilities in the United States as defined by the Common Core of Data (CCD, https://nces.ed.gov/ccd/), National Center for Education Statistics (NCES, https://nces.ed.gov), US Department of Education for the 2022-2023 school year. This includes all Kindergarten through 12th grade schools as tracked by the Common Core of Data. Included in this dataset are military schools in US territories and referenced in the city field with an APO or FPO address. DOD schools represented in the NCES data that are outside of the United States or US territories have been omitted. Complete field and attribute information is available in the ""Entities and Attributes"" metadata section. Geographical coverage is depicted in the thumbnail above and detailed in the Place Keyword section of the metadata. This release includes the addition of 2,556 new records, modifications to the spatial location and/or attribution of 99,712 records.",Oak Ridge National Laboratory,Department of Education,National Center for Education Statistics,"['homeland security', 'homeland defense', 'emergency response', 'education', 'public schools', 'elementary', 'secondary', 'high', 'middle', 'primary', 'regular', 'vocational', 'alternative', 'reportable', 'kindergarten', 'prekindergarten', 'school', 'enrollment', 'shelters', 'institutional characteristics', 'teachers', 'name', 'address', 'type', 'status', 'population', 'facility characteristics', 'Continental United States', 'USA', 'Hawaii', 'Alaska', 'District of Columbia', 'Puerto Rico', 'Virgin Islands', 'Guam', 'American Samoa', 'Northern Mariana Islands']",https://www.datalumos.org/datalumos/project/240580/version/V3/view,2017-09-09,2024-07-02
.\puerto-rico-subbarrios,puerto-rico-subbarrios,Puerto Rico Subbarrios,Subbarrios are the primary legal subdivisions of the county subdivisions (barrios-pueblo and barrios) in Puerto Rico. Subbarrios divide 31 of the county barrios-pueblo and barrios in 23 of the Puerto Rico county equivalents (termed municipios).Download: https://www2.census.gov/geo/tiger/TIGER2023/SUBBARRIO/tl_2023_72_subbarrio.zip Metadata: https://meta.geo.census.gov/data/existing/decennial/GEO/GPMB/TIGERline/Current_19115/series_tl_2023_subbarrio.shp.iso.xml,,Census Bureau,,"['HIFLD', 'Boundaries', 'County', 'Subdivision', 'Estate', 'County Subdivision', 'Subbarios', 'National Geospatial Data Asset', 'NGDA', 'Feature Service', 'SDI', 'NSDI', 'Open Data', 'FGDC', 'Emergency Preparedness', 'Disaster Planning', 'Infrastructure']",https://www.datalumos.org/datalumos/project/240631/version/V2/view,2024-08-28,2025-04-08
.\pylon-areas-usace-ienc,pylon-areas-usace-ienc,Pylon Areas (USACE IENC),"The USACE IENCs coverage area consists of 7,260 miles across 21 rivers primarily located in the Central United States. IENCs apply to inland waterways that are maintained for navigation by USACE for shallow-draft vessels (e.g., maintained at a depth of 9-14 feet, dependent upon the waterway project authorization). Generally, IENCs are produced for those commercially navigable waterways which the National Oceanic and Atmospheric Administration (NOAA) does not produce Electronic Navigational Charts (ENCs). However, Special Purpose IENCs may be produced in agreement with NOAA.
 IENC POC: IENC_POC@usace.army.mil",,US Army Corps of Engineers,,"['USCG', 'USACE', 'IENC', 'HIFLD', 'Transportation - Water', 'Feature Service', 'SDI', 'NSDI', 'Open Data', 'FGDC', 'Emergency Preparedness', 'Disaster Planning', 'Infrastructure']",https://www.datalumos.org/datalumos/project/240582/version/V1/view,2018-02-21,2025-04-08
.\pylon-locations-usace-ienc,pylon-locations-usace-ienc,Pylon Locations (USACE IENC),"The USACE IENCs coverage area consists of 7,260 miles across 21 rivers primarily located in the Central United States. IENCs apply to inland waterways that are maintained for navigation by USACE for shallow-draft vessels (e.g., maintained at a depth of 9-14 feet, dependent upon the waterway project authorization). Generally, IENCs are produced for those commercially navigable waterways which the National Oceanic and Atmospheric Administration (NOAA) does not produce Electronic Navigational Charts (ENCs). However, Special Purpose IENCs may be produced in agreement with NOAA.  IENC POC: IENC_POC@usace.army.mil",,US Army Corps of Engineers,,"['USCG', 'USACE', 'IENC', 'HIFLD', 'Transportation - Water', 'Feature Service', 'SDI', 'NSDI', 'Open Data', 'FGDC', 'Emergency Preparedness', 'Disaster Planning', 'Infrastructure']",https://www.datalumos.org/datalumos/project/240585/version/V1/view,2018-02-21,2025-04-08
.\quaternary-fault-lines,quaternary-fault-lines,Quaternary Fault Lines,"The Quaternary Fault and Fold Database contains the results of thousands of scientific assessments of faults and associated folds in the United States that demonstrate geologic evidence for coseismic surface deformation in the Quaternary (the past 1,600,000 years). The Quaternary Fault and Fold Database includes information on the age of the most recent coseismic surface deformation, relative rates of activity, fault geometry, sense of movement, and citations of pertinent literature. Much of the information in the database is based on paleoseismology, which is the geologic study of prehistoric earthquakes. Paleoseismology combines well-established geologic practices such as trenching with archeological-style analysis to determine the time and magnitude of ancient earthquakes. These studies extend the historical earthquake record by hundreds of thousands of years and are indispensible in calculating future seismic hazard posed by the thousands of faults in the United States. The data are accessed through search pages or an interactive map service. The work of the USGS and its cooperators in developing this database is only one part of the ongoing USGS efforts to protect lives and property from future earthquakes throughout the United States.",,US Geological Survey,,"['USGS', 'Geologic Hazards Science Center', 'GHSC', 'Earthquake Hazards Program', 'earthquake hazard', 'seismology', 'seismic hazard', 'earth science', 'geophysics', 'Quaternary', 'Fault', 'Natural Hazards', 'USGS', 'HIFLD', 'Feature Service', 'SDI', 'NSDI', 'Open Data', 'FGDC', 'Emergency Preparedness', 'Disaster Planning', 'Infrastructure']",https://www.datalumos.org/datalumos/project/240586/version/V1/view,2024-03-12,2025-04-08
.\railroad-bridges,railroad-bridges,Railroad Bridges,"The Railroad Bridges dataset was compiled on October 14, 2022 from the Federal Railroad Administration (FRA) and is part of the U.S. Department of Transportation (USDOT)/Bureau of Transportation Statistics (BTS) National Transportation Atlas Database (NTAD). A railroad bridge is defined as “Railroad bridge means any structure with a deck, regardless of length, which supports one or more railroad tracks, or any other undergrade structure with an individual span length of 10 feet or more located at such a depth that it is affected by live loads.” based on the Code of Federal Regulations (49 CFR Part 237). The FRA does not have a mandate to inspect railroad bridges: these inspections are required by the owner of the track. The FRA will use this railroad bridge dataset to determine the number of bridges per railroad, state, etc. and will assist in determining priority field activities.",Federal Railroad Administration (FRA),US Geological Survey,,"['FRA', 'NTAD', 'National Transportation Atlas Database', 'Rail', 'Railroad Bridges', 'Bridges', 'Transportation Ground', 'BTS', 'HIFLD', 'Feature Service', 'SDI', 'NSDI', 'Open Data', 'FGDC', 'Emergency Preparedness', 'Disaster Planning', 'Infrastructure']",https://www.datalumos.org/datalumos/project/240587/version/V1/view,2024-02-23,2024-06-24
.\railroad-grade-crossings,railroad-grade-crossings,Railroad Grade Crossings,"The Railroad Grade Crossings dataset was updated on July 07, 2024 and was created on October 13, 2024 by the Federal Railroad Administration (FRA), and is part of the U.S. Department of Transportation (USDOT)/Bureau of Transportation Statistics (BTS) National Transportation Atlas Database (NTAD). The Railroad Grade Crossings is a spatial file that originates from the National Highway-Rail Crossing Inventory Program. The program is to provide information to the public, Federal, State, and Local governments, as well as the railroad industry for information and the improvements of safety at highway-rail crossings. Some railroad grade crossings were located outside the US or their respective states, and relocated to latitude longitude 0,0.",Federal Railroad Administration (FRA),US Geological Survey,,"['NTAD', 'National Transportation Atlas Database', 'Transportation', 'Rail', 'Railroad', 'Grade', 'Crossings', 'Railroad Grade Crossings', 'Transportation Ground', 'FRA', 'BTS', 'HIFLD', 'Feature Service', 'SDI', 'NSDI', 'Open Data', 'FGDC', 'Emergency Preparedness', 'Disaster Planning', 'Infrastructure']",https://www.datalumos.org/datalumos/project/240588/version/V1/view,2024-02-23,2025-07-18
.\railroads,railroads,Railroads,"Railroad includes spur lines, rail yards, mass transit rail lines such as carlines, streetcar tracks, monorail or other mass transit rail, and special purpose rail lines such as cog rail lines, incline rail lines and trams.Download: https://www2.census.gov/geo/tiger/TGRGDB24/tlgdb_2024_a_us_rails.gdb.zipMetadata: https://meta.geo.census.gov/data/existing/decennial/GEO/GPMB/TIGERline/Current_19115/series_tl_2023_roads.shp.iso.xml",,Census Bureau,,"['HIFLD', 'Transportation', 'Roads', 'Primary', 'Secondary', 'Local', 'Railroads', 'National Geospatial Data Asset', 'NGDA', 'Feature Service', 'SDI', 'NSDI', 'Open Data', 'FGDC', 'Emergency Preparedness', 'Disaster Planning', 'Infrastructure']",https://www.datalumos.org/datalumos/project/240896/version/V1/view,2024-06-05,2025-04-08
.\railways-usace-ienc,railways-usace-ienc,Railways (USACE IENC),"The USACE IENCs coverage area consists of 7,260 miles across 21 rivers primarily located in the Central United States. IENCs apply to inland waterways that are maintained for navigation by USACE for shallow-draft vessels (e.g., maintained at a depth of 9-14 feet, dependent upon the waterway project authorization). Generally, IENCs are produced for those commercially navigable waterways which the National Oceanic and Atmospheric Administration (NOAA) does not produce Electronic Navigational Charts (ENCs). However, Special Purpose IENCs may be produced in agreement with NOAA.  IENC POC: IENC_POC@usace.army.mil",,US Army Corps of Engineers,,"['USCG', 'USACE', 'IENC', 'HIFLD', 'Transportation - Water', 'Feature Service', 'SDI', 'NSDI', 'Open Data', 'FGDC', 'Emergency Preparedness', 'Disaster Planning', 'Infrastructure']",https://www.datalumos.org/datalumos/project/240897/version/V1/view,2018-02-21,2025-04-08
.\recommended-tracks-usace-ienc,recommended-tracks-usace-ienc,Recommended Tracks (USACE IENC),"The USACE IENCs coverage area consists of 7,260 miles across 21 rivers primarily located in the Central United States. IENCs apply to inland waterways that are maintained for navigation by USACE for shallow-draft vessels (e.g., maintained at a depth of 9-14 feet, dependent upon the waterway project authorization). Generally, IENCs are produced for those commercially navigable waterways which the National Oceanic and Atmospheric Administration (NOAA) does not produce Electronic Navigational Charts (ENCs). However, Special Purpose IENCs may be produced in agreement with NOAA.  IENC POC: IENC_POC@usace.army.mil",,US Army Corps of Engineers,,"['USCG', 'USACE', 'IENC', 'HIFLD', 'Transportation - Water', 'Feature Service', 'SDI', 'NSDI', 'Open Data', 'FGDC', 'Emergency Preparedness', 'Disaster Planning', 'Infrastructure']",https://www.datalumos.org/datalumos/project/240594/version/V1/view,2024-02-01,2025-04-08
.\refractory-abrasive-industrial-mineral-operations,refractory-abrasive-industrial-mineral-operations,Refractory Abrasive and Other Industrial Mineral Operations,"This map layer includes refractory, abrasive, and other industrial minerals operations in the United States. The data represent commodities covered by the Minerals Information Team (MIT) of the U.S. Geological Survey, and the operations are those considered active in 2003 and surveyed by the MIT. This is a revised version of the June 2004 map layer.The data is legacy and not expected to be updated. It is being provided as the best available until Mineral Resources identifies an alternative data source.",,US Army Corps of Engineers,,"['Economy', 'Refractory Minerals', 'Minerals Operations', 'Processing Plants', 'Minerals', 'Abrasive Minerals', 'Mining Operations', 'HIFLD', 'Feature Service', 'SDI', 'NSDI', 'Open Data', 'FGDC', 'Emergency Preparedness', 'Disaster Planning', 'Infrastructure']",https://www.datalumos.org/datalumos/project/240595/version/V1/view,2018-01-18,2024-04-09
.\regulated-navigational-areas,regulated-navigational-areas,Regulated Navigational Areas,"This layer represents Regulated Navigational Areas as specified by the National Archives and Records Administration Code of Federal Regulations, Title 33 parts 147 and 165 pertaining to the United States Coast Guard.","GIS TEAM, Coast Guard Operations Systems Center",US Army Corps of Engineers,,"['navigation', 'Exclusive Economic Zone', 'Gulf of Mexico', 'Code of Federal Regulations', 'Regulated Navigational Areas', 'Territorial Seas', 'RNA', 'United States', 'United States Coast Guard', 'USCG', 'HIFLD', 'Feature Service', 'SDI', 'NSDI', 'Open Data', 'FGDC', 'Emergency Preparedness', 'Disaster Planning', 'Infrastructure']",https://www.datalumos.org/datalumos/project/240596/version/V1/view,2017-06-19,2023-03-25
.\restricted-navigation-areas-usace-ienc,restricted-navigation-areas-usace-ienc,Restricted Navigation Areas (USACE IENC),"The USACE IENCs coverage area consists of 7,260 miles across 21 rivers primarily located in the Central United States. IENCs apply to inland waterways that are maintained for navigation by USACE for shallow-draft vessels (e.g., maintained at a depth of 9-14 feet, dependent upon the waterway project authorization). Generally, IENCs are produced for those commercially navigable waterways which the National Oceanic and Atmospheric Administration (NOAA) does not produce Electronic Navigational Charts (ENCs). However, Special Purpose IENCs may be produced in agreement with NOAA.  IENC POC: IENC_POC@usace.army.mil",,US Army Corps of Engineers,,"['USCG', 'USACE', 'IENC', 'HIFLD', 'Transportation - Water', 'Feature Service', 'SDI', 'NSDI', 'Open Data', 'FGDC', 'Emergency Preparedness', 'Disaster Planning', 'Infrastructure']",https://www.datalumos.org/datalumos/project/240597/version/V1/view,2018-02-21,2025-04-08
.\retrospective-bpr-deployments,retrospective-bpr-deployments,Retrospective BPR Deployments,"NCEI is the long-term archive for all NOAA Deep-ocean Assessment and Reporting of Tsunamis (DART) ocean bottom pressure data. Ocean bottom pressure data also undergo quality control and harmonic analysis at NCEI. The raw data and products are discoverable via the Map, Timelines, and THREDDS Data Server links. Data are provided as netCDF and as gzipped comma-separated-values (CSV). Background InformationIn the 1980s, NOAA's Pacific Marine Environmental Laboratory (PMEL) developed deep ocean tsunameters for the early detection, measurement, and real-time reporting of tsunamis in the open ocean. The PMEL's Project Deep-ocean Assessment and Reporting of Tsunamis (DART®) developed the tsunameters. A DART® system consists of a seafloor bottom pressure recorder (BPR) capable of detecting tsunamis as small as 1 centimeter, and a moored surface buoy for real-time communications. In 2003, operational responsibility of DART® transitioned from PMEL to the National Data Buoy Center (NDBC). There are currently 39 U.S. owned and operated DART® buoys installed throughout the Pacific and Atlantic oceans. This completes the current requirements for the DART® array. NOAA has installed DART® systems in the Indian Ocean in partnership with several international organizations (Owned Operated DART Buoys Data Available at NDBC). Upon recovery from the seafloor BPR, 15-second-resolution data undergo quality control and harmonic analysis at NOAA NCEI. Please contact haz.info@noaa.gov if you have questions. More information about DART Ocean Bottom Pressure Data at NCEI",,US Army Corps of Engineers,,"['Tsunami', 'HIFLD Natural Hazards', 'NOAA', 'NCEI', 'DART', 'BPR', 'tsunami', 'deep-ocean assessment and reporting of tsunamis', 'bottom-pressure recorder', 'PMEL', 'NDBC', 'HIFLD', 'Feature Service', 'SDI', 'NSDI', 'Open Data', 'FGDC', 'Emergency Preparedness', 'Disaster Planning', 'Infrastructure']",https://www.datalumos.org/datalumos/project/240598/version/V1/view,2017-06-12,2025-08-12
.\river-areas-usace-ienc,river-areas-usace-ienc,River Areas (USACE IENC),"The USACE IENCs coverage area consists of 7,260 miles across 21 rivers primarily located in the Central United States. IENCs apply to inland waterways that are maintained for navigation by USACE for shallow-draft vessels (e.g., maintained at a depth of 9-14 feet, dependent upon the waterway project authorization). Generally, IENCs are produced for those commercially navigable waterways which the National Oceanic and Atmospheric Administration (NOAA) does not produce Electronic Navigational Charts (ENCs). However, Special Purpose IENCs may be produced in agreement with NOAA.
 IENC POC: IENC_POC@usace.army.mil",,US Army Corps of Engineers,,"['USCG', 'USACE', 'IENC', 'HIFLD', 'Transportation - Water', 'Feature Service', 'SDI', 'NSDI', 'Open Data', 'FGDC', 'Emergency Preparedness', 'Disaster Planning', 'Infrastructure']",https://www.datalumos.org/datalumos/project/240599/version/V1/view,2018-02-21,2025-04-08
.\river-gauges-usace-ienc,river-gauges-usace-ienc,River Gauges (USACE IENC),"The USACE IENCs coverage area consists of 7,260 miles across 21 rivers primarily located in the Central United States. IENCs apply to inland waterways that are maintained for navigation by USACE for shallow-draft vessels (e.g., maintained at a depth of 9-14 feet, dependent upon the waterway project authorization). Generally, IENCs are produced for those commercially navigable waterways which the National Oceanic and Atmospheric Administration (NOAA) does not produce Electronic Navigational Charts (ENCs). However, Special Purpose IENCs may be produced in agreement with NOAA.  IENC POC: IENC_POC@usace.army.mil",,US Army Corps of Engineers,,"['USCG', 'USACE', 'IENC', 'HIFLD', 'Transportation - Water', 'Feature Service', 'SDI', 'NSDI', 'Open Data', 'FGDC', 'Emergency Preparedness', 'Disaster Planning', 'Infrastructure']",https://www.datalumos.org/datalumos/project/240600/version/V1/view,2018-02-21,2025-04-08
.\river-lines-usace-ienc-1,river-lines-usace-ienc-1,River Lines (USACE IENC),"The USACE IENCs coverage area consists of 7,260 miles across 21 rivers primarily located in the Central United States. IENCs apply to inland waterways that are maintained for navigation by USACE for shallow-draft vessels (e.g., maintained at a depth of 9-14 feet, dependent upon the waterway project authorization). Generally, IENCs are produced for those commercially navigable waterways which the National Oceanic and Atmospheric Administration (NOAA) does not produce Electronic Navigational Charts (ENCs). However, Special Purpose IENCs may be produced in agreement with NOAA.IENC POC: IENC_POC@usace.army.mil",,US Army Corps of Engineers,,"['USCG', 'USACE', 'IENC', 'HIFLD', 'Transportation - Water', 'Feature Service', 'SDI', 'NSDI', 'Open Data', 'FGDC', 'Emergency Preparedness', 'Disaster Planning', 'Infrastructure']",https://www.datalumos.org/datalumos/project/240601/version/V1/view,2024-02-05,2025-04-08
.\river-mile-markers-usace-ienc,river-mile-markers-usace-ienc,River Mile Markers (USACE IENC),Sequential mile positions of navigable inland waterways and the Gulf Intracoastal Waterway.,U.S. Army Corps of Engineers,US Army Corps of Engineers,,"['USACE', 'COE', 'navigation', 'river mile markers', 'geospatial', 'HIFLD', 'Feature Service', 'SDI', 'NSDI', 'Open Data', 'FGDC', 'Emergency Preparedness', 'Disaster Planning', 'Infrastructure']",https://www.datalumos.org/datalumos/project/240621/version/V1/view,2017-06-16,2024-12-16
.\roads-usace-ienc-1,roads-usace-ienc-1,Roads (USACE IENC),"The USACE IENCs coverage area consists of 7,260 miles across 21 rivers primarily located in the Central United States. IENCs apply to inland waterways that are maintained for navigation by USACE for shallow-draft vessels (e.g., maintained at a depth of 9-14 feet, dependent upon the waterway project authorization). Generally, IENCs are produced for those commercially navigable waterways which the National Oceanic and Atmospheric Administration (NOAA) does not produce Electronic Navigational Charts (ENCs). However, Special Purpose IENCs may be produced in agreement with NOAA.  IENC POC: IENC_POC@usace.army.mil",,US Army Corps of Engineers,,"['USCG', 'USACE', 'IENC', 'HIFLD', 'Transportation - Water', 'Feature Service', 'SDI', 'NSDI', 'Open Data', 'FGDC', 'Emergency Preparedness', 'Disaster Planning', 'Infrastructure']",https://www.datalumos.org/datalumos/project/240622/version/V1/view,2024-02-05,2025-04-08
.\runways-1,runways-1,Runways,"Current Effective Date: 0901Z 16 May 2024 to 0901Z 11 Jul 2024. A runway is a defined rectangular area on a land airport prepared for the landing and takeoff of aircraft along its length. Runways are normally numbered in relation to their magnetic direction rounded off to the nearest 10 degrees. This geospatial vector file provides information on the airport runway and helicopter landing areas. Runway information is published every eight weeks by the U.S. Department of Transportation, Federal Aviation Administration-Aeronautical Information Services.",,US Army Corps of Engineers,,"['Airports', 'runway', 'ADHP', 'surface area', 'ADHP surface area', 'high chart', 'low chart', 'aerodome', 'FAA', 'Transportation Air', 'HIFLD', 'Feature Service', 'SDI', 'NSDI', 'Open Data', 'FGDC', 'Emergency Preparedness', 'Disaster Planning', 'Infrastructure']",https://www.datalumos.org/datalumos/project/240623/version/V1/view,2024-06-26,2025-08-07
.\safety-zones,safety-zones,Safety Zones,"This layer represents Safety Zones as specified by the National Archives and Records Administration Code of Federal Regulations, Title 33 parts 147 and 165 pertaining to the United States Coast Guard.","GIS TEAM, Coast Guard Operations Systems Center",US Army Corps of Engineers,,"['Exclusive Economic Zone', 'Gulf of Mexico', 'Code of Federal Regulations', 'Territorial Seas', 'Safety Zones', 'United States', 'United States Coast Guard', 'USCG', 'HIFLD', 'Feature Service', 'SDI', 'NSDI', 'Open Data', 'FGDC', 'Emergency Preparedness', 'Disaster Planning', 'Infrastructure']",https://www.datalumos.org/datalumos/project/240624/version/V1/view,2017-06-19,2022-04-07
.\sand-and-gravel-operations-1,sand-and-gravel-operations-1,Sand and Gravel Operations,"This map layer includes sand and gravel operations in the United States. These data were obtained from information reported voluntarily to the USGS by the aggregate producing companies. The data represent commodities covered by the Minerals Information Team (MIT) of the U.S. Geological Survey, and the operations are those considered active in 2002 with production greater than 50,000 tons, which are non-government, non-portable, and surveyed by the MIT. This is a replacement for the January 2001 map layer.The data is legacy and not expected to be updated. It is being provided as the best available until Mineral Resources identifies an alternative data source.",U.S. Geological Survey,US Army Corps of Engineers,,"['Mineral operations', 'Sand and gravel', 'Minerals', 'Mining operations', 'Economy', 'Geoscientific information', 'Aggregates', 'Mines', 'HIFLD', 'Feature Service', 'SDI', 'NSDI', 'Open Data', 'FGDC', 'Emergency Preparedness', 'Disaster Planning', 'Infrastructure']",https://www.datalumos.org/datalumos/project/240625/version/V1/view,2017-06-12,2024-04-09
.\school-district-administrative-areas,school-district-administrative-areas,School District Administrative Areas,"School Districts are administrative units within which local officials provide public educational services for the area's residents. The Census Bureau obtains school district boundaries, names, local education agency codes, grade ranges, and school district levels annually from state education officials. The Census Bureau collects this information for the primary purpose of providing the U.S. Department of Education with annual estimates of the number of children aged 5 through 17 in families in poverty within each school district, county, and state. This information serves as the basis for the Department of Education to determine the annual allocation of Title I funding to states and school districtsThe Census Bureau tabulates data for four types of school districts: elementary, secondary, unified, and administrative. Each school district is assigned a five-digit code that is unique within state. School district codes are the local education agency number assigned by the Department of Education and are not necessarily in alphabetical order by school district name.Unified school districts provide education to children of all school ages. In general, if there is a unified school district, no elementary or secondary school district exists. If there is an elementary school district, the secondary school district may or may not exist. Administrative school districts were added in 2022 and provide administrative, planning, and educational services for all grade ranges. Currently, the Census Bureau maintains administrative school districts only in Vermont, and they represent supervisory unions and supervisory districts.The Census Bureau categorizes school districts based on the grade ranges for which the school district is financially responsible. These may or may not be the same as the grade ranges that a school district operates. A typical example would be a school district that operates schools for children in grades Kindergarten (KG)-8 and pays a neighboring school district to educate children in grades 9-12. The first school district is operationally responsible for grades KG-8, but financially responsible for grades KG-12. Therefore, the Census Bureau would define the grade range for that school district as KG-12. If an elementary school district is financially responsible for grades KG-12 or Pre-Kindergarten (PK)-12, there will be no secondary school district represented for that area. In cases, where an elementary school district is financially responsible for only lower grades, there is generally a secondary school district that is financially responsible for providing educational services for the upper grades.Download: https://www2.census.gov/geo/tiger/TGRGDB24/tlgdb_2024_a_us_school.gdb.zip Layer: School_District_AdministrativeMetadata: https://meta.geo.census.gov/data/existing/decennial/GEO/GPMB/TIGERline/Current_19115/series_tl_2023_sdadm.shp.iso.xml",,US Army Corps of Engineers,,"['HIFLD', 'Education', 'School', 'Unified', 'Secondary', 'Elementary', 'School District', 'Administrative Areas', 'National Geospatial Data Asset', 'NGDA', 'Feature Service', 'SDI', 'NSDI', 'Open Data', 'FGDC', 'Emergency Preparedness', 'Disaster Planning', 'Infrastructure']",https://www.datalumos.org/datalumos/project/240626/version/V1/view,2024-08-28,2025-04-08
.\sea-area-locations-usace-ienc-1,sea-area-locations-usace-ienc-1,Sea Area Locations (USACE IENC),"The USACE IENCs coverage area consists of 7,260 miles across 21 rivers primarily located in the Central United States. IENCs apply to inland waterways that are maintained for navigation by USACE for shallow-draft vessels (e.g., maintained at a depth of 9-14 feet, dependent upon the waterway project authorization). Generally, IENCs are produced for those commercially navigable waterways which the National Oceanic and Atmospheric Administration (NOAA) does not produce Electronic Navigational Charts (ENCs). However, Special Purpose IENCs may be produced in agreement with NOAA.  IENC POC: IENC_POC@usace.army.mil",,US Army Corps of Engineers,,"['USCG', 'USACE', 'IENC', 'HIFLD', 'Transportation - Water', 'Feature Service', 'SDI', 'NSDI', 'Open Data', 'FGDC', 'Emergency Preparedness', 'Disaster Planning', 'Infrastructure']",https://www.datalumos.org/datalumos/project/240627/version/V1/view,2024-02-05,2025-04-08
.\sea-areas-usace-ienc-1,sea-areas-usace-ienc-1,Sea Areas (USACE IENC),"The USACE IENCs coverage area consists of 7,260 miles across 21 rivers primarily located in the Central United States. IENCs apply to inland waterways that are maintained for navigation by USACE for shallow-draft vessels (e.g., maintained at a depth of 9-14 feet, dependent upon the waterway project authorization). Generally, IENCs are produced for those commercially navigable waterways which the National Oceanic and Atmospheric Administration (NOAA) does not produce Electronic Navigational Charts (ENCs). However, Special Purpose IENCs may be produced in agreement with NOAA.  IENC POC: IENC_POC@usace.army.mil",,US Army Corps of Engineers,,"['USCG', 'USACE', 'IENC', 'HIFLD', 'Transportation - Water', 'Feature Service', 'SDI', 'NSDI', 'Open Data', 'FGDC', 'Emergency Preparedness', 'Disaster Planning', 'Infrastructure']",https://www.datalumos.org/datalumos/project/240642/version/V1/view,2024-02-05,2025-04-08
.\secondary-roads-interstates-and-us-highways-2,secondary-roads-interstates-and-us-highways-2,Secondary Roads Interstates and US Highways,"Secondary roads are main arteries, usually in the U.S. Highway, State Highway, or County Highway system. These roads have one or more lanes of traffic in each direction, may or may not be divided, and usually have at-grade intersections with many other roads and driveways. They often have both a local name and a route number.Download: https://www2.census.gov/geo/tiger/TGRGDB24/tlgdb_2024_a_us_roads.gdb.zipMetadata: https://meta.geo.census.gov/data/existing/decennial/GEO/GPMB/TIGERline/Current_19115/series_tl_2023_roads.shp.iso.xml",,Bureau of Ocean Energy Management,,"['HIFLD', 'Transportation', 'Roads', 'Primary', 'Secondary', 'Local', 'Railroads', 'National Geospatial Data Asset', 'NGDA', 'Feature Service', 'SDI', 'NSDI', 'Open Data', 'FGDC', 'Emergency Preparedness', 'Disaster Planning', 'Infrastructure']",https://www.datalumos.org/datalumos/project/240643/version/V1/view,2024-06-05,2025-04-08
.\secondary-school-districts,secondary-school-districts,Secondary School Districts,"School Districts are administrative units within which local officials provide public educational services for the area's residents. The Census Bureau obtains school district boundaries, names, local education agency codes, grade ranges, and school district levels annually from state education officials. The Census Bureau collects this information for the primary purpose of providing the U.S. Department of Education with annual estimates of the number of children aged 5 through 17 in families in poverty within each school district, county, and state. This information serves as the basis for the Department of Education to determine the annual allocation of Title I funding to states and school districtsThe Census Bureau tabulates data for four types of school districts: elementary, secondary, unified, and administrative. Each school district is assigned a five-digit code that is unique within state. School district codes are the local education agency number assigned by the Department of Education and are not necessarily in alphabetical order by school district name.Unified school districts provide education to children of all school ages. In general, if there is a unified school district, no elementary or secondary school district exists. If there is an elementary school district, the secondary school district may or may not exist. Administrative school districts were added in 2022 and provide administrative, planning, and educational services for all grade ranges. Currently, the Census Bureau maintains administrative school districts only in Vermont, and they represent supervisory unions and supervisory districts.The Census Bureau categorizes school districts based on the grade ranges for which the school district is financially responsible. These may or may not be the same as the grade ranges that a school district operates. A typical example would be a school district that operates schools for children in grades Kindergarten (KG)-8 and pays a neighboring school district to educate children in grades 9-12. The first school district is operationally responsible for grades KG-8, but financially responsible for grades KG-12. Therefore, the Census Bureau would define the grade range for that school district as KG-12. If an elementary school district is financially responsible for grades KG-12 or Pre-Kindergarten (PK)-12, there will be no secondary school district represented for that area. In cases, where an elementary school district is financially responsible for only lower grades, there is generally a secondary school district that is financially responsible for providing educational services for the upper grades.Download: https://www2.census.gov/geo/tiger/TGRGDB24/tlgdb_2024_a_us_school.gdb.zip Layer: School_District_SecondaryMetadata: https://meta.geo.census.gov/data/existing/decennial/GEO/GPMB/TIGERline/Current_19115/series_tl_2023_scsd.shp.iso.xml",,National Center for Education Statistics,,"['HIFLD', 'Education', 'School', 'Unified', 'Secondary', 'Elementary', 'School District', 'Administrative Areas', 'National Geospatial Data Asset', 'NGDA', 'Feature Service', 'SDI', 'NSDI', 'Open Data', 'FGDC', 'Emergency Preparedness', 'Disaster Planning', 'Infrastructure']",https://www.datalumos.org/datalumos/project/240644/version/V1/view,2024-08-28,2025-04-08
.\security-zones,security-zones,Security Zones,"This layer represents Security Zones as specified by the National Archives and Records Administration Code of Federal Regulations, Title 33 parts 147 and 165 pertaining to the United States Coast Guard.","Enterprise GIS Team, United States Coast Guard Operations Systems Center",US Army Corps of Engineers,,"['Gulf of Mexico', 'United States', 'Territorial Seas', 'United States Coast Guard', 'Security Zones', 'Code of Federal Regulations', 'Exclusive Economic Zone', 'USCG', 'HIFLD', 'Feature Service', 'SDI', 'NSDI', 'Open Data', 'FGDC', 'Emergency Preparedness', 'Disaster Planning', 'Infrastructure']",https://www.datalumos.org/datalumos/project/240645/version/V1/view,2017-06-19,2024-03-22
.\shipping-fairways,shipping-fairways,Shipping Fairways,"Various shipping zones delineate activities and regulations for marine vessel traffic. Traffic lanes define specific traffic flow, while traffic separation zones assist opposing streams of marine traffic. Precautionary areas represent areas where ships must navigate with caution, and shipping safety fairways designate where artificial structures are prohibited. Recommended Routes are predetermined routes for shipping adopted for reasons of safety. Along certain zones of the East Coast of the United States, ships are required to reduce speeds to 10 knots or less over ground during seasonal periods within designated endangered species areas, such as the North Atlantic Right Whales. Particularly Sensitive Sea Areas need special protection because of their vulnerability to damage by international maritime activities. Areas to be avoided are within defined limits where navigation is particularly hazardous or it is exceptionally important to avoid casualties and should be avoided by all ships or certain classes of ships. Direct data download | Metadata",,US Army Corps of Engineers,,"['Biota', 'Boundaries', 'Environment', 'Oceans', 'Transportation', 'Shipping', 'Ports', 'Regulation', 'Area to be Avoided', 'ATBA', 'Mandatory Ship Reporting', 'Marine Boundaries', 'Northern Right Whale', 'Particularly Sensitive Sea Area', 'PSSA', 'Precautionary Area', 'Recommended Routes', 'Restricted Area', 'Separation Zone', 'Shipping Safety Fairway', 'Traffic Lane', 'HIFLD Transportation Water', 'USCG', 'HIFLD', 'Feature Service', 'SDI', 'NSDI', 'Open Data', 'FGDC', 'Emergency Preparedness', 'Disaster Planning', 'Infrastructure']",https://www.datalumos.org/datalumos/project/240646/version/V1/view,2017-06-19,2025-04-08
.\shoreline-construction-areas-usace-ienc-1,shoreline-construction-areas-usace-ienc-1,Shoreline Construction Areas (USACE IENC),"The USACE IENCs coverage area consists of 7,260 miles across 21 rivers primarily located in the Central United States. IENCs apply to inland waterways that are maintained for navigation by USACE for shallow-draft vessels (e.g., maintained at a depth of 9-14 feet, dependent upon the waterway project authorization). Generally, IENCs are produced for those commercially navigable waterways which the National Oceanic and Atmospheric Administration (NOAA) does not produce Electronic Navigational Charts (ENCs). However, Special Purpose IENCs may be produced in agreement with NOAA.  IENC POC: IENC_POC@usace.army.mil",,US Army Corps of Engineers,,"['USCG', 'USACE', 'IENC', 'HIFLD', 'Transportation - Water', 'Feature Service', 'SDI', 'NSDI', 'Open Data', 'FGDC', 'Emergency Preparedness', 'Disaster Planning', 'Infrastructure']",https://www.datalumos.org/datalumos/project/240647/version/V1/view,2024-02-05,2025-04-08
.\shoreline-construction-lines-usace-ienc-1,shoreline-construction-lines-usace-ienc-1,Shoreline Construction Lines (USACE IENC),"The USACE IENCs coverage area consists of 7,260 miles across 21 rivers primarily located in the Central United States. IENCs apply to inland waterways that are maintained for navigation by USACE for shallow-draft vessels (e.g., maintained at a depth of 9-14 feet, dependent upon the waterway project authorization). Generally, IENCs are produced for those commercially navigable waterways which the National Oceanic and Atmospheric Administration (NOAA) does not produce Electronic Navigational Charts (ENCs). However, Special Purpose IENCs may be produced in agreement with NOAA.  IENC POC: IENC_POC@usace.army.mil",,US Army Corps of Engineers,,"['USCG', 'USACE', 'IENC', 'HIFLD', 'Transportation - Water', 'Feature Service', 'SDI', 'NSDI', 'Open Data', 'FGDC', 'Emergency Preparedness', 'Disaster Planning', 'Infrastructure']",https://www.datalumos.org/datalumos/project/240648/version/V1/view,2024-02-05,2025-04-08
.\shoreline-construction-locations-usace-ienc,shoreline-construction-locations-usace-ienc,Shoreline Construction Locations (USACE IENC),"The USACE IENCs coverage area consists of 7,260 miles across 21 rivers primarily located in the Central United States. IENCs apply to inland waterways that are maintained for navigation by USACE for shallow-draft vessels (e.g., maintained at a depth of 9-14 feet, dependent upon the waterway project authorization). Generally, IENCs are produced for those commercially navigable waterways which the National Oceanic and Atmospheric Administration (NOAA) does not produce Electronic Navigational Charts (ENCs). However, Special Purpose IENCs may be produced in agreement with NOAA.
 IENC POC: IENC_POC@usace.army.mil",,US Army Corps of Engineers,,"['USCG', 'USACE', 'IENC', 'HIFLD', 'Transportation - Water', 'Feature Service', 'SDI', 'NSDI', 'Open Data', 'FGDC', 'Emergency Preparedness', 'Disaster Planning', 'Infrastructure']",https://www.datalumos.org/datalumos/project/240649/version/V1/view,2018-02-21,2025-04-08
.\sloped-ground-areas-usace-ienc-1,sloped-ground-areas-usace-ienc-1,Sloped Ground Areas (USACE IENC),"The USACE IENCs coverage area consists of 7,260 miles across 21 rivers primarily located in the Central United States. IENCs apply to inland waterways that are maintained for navigation by USACE for shallow-draft vessels (e.g., maintained at a depth of 9-14 feet, dependent upon the waterway project authorization). Generally, IENCs are produced for those commercially navigable waterways which the National Oceanic and Atmospheric Administration (NOAA) does not produce Electronic Navigational Charts (ENCs). However, Special Purpose IENCs may be produced in agreement with NOAA.  IENC POC: IENC_POC@usace.army.mil",,US Army Corps of Engineers,,"['USCG', 'USACE', 'IENC', 'HIFLD', 'Transportation - Water', 'Feature Service', 'SDI', 'NSDI', 'Open Data', 'FGDC', 'Emergency Preparedness', 'Disaster Planning', 'Infrastructure']",https://www.datalumos.org/datalumos/project/240650/version/V1/view,2024-02-05,2025-04-08
.\sloped-ground-lines-usace-ienc-1,sloped-ground-lines-usace-ienc-1,Sloped Ground Lines (USACE IENC),"The USACE IENCs coverage area consists of 7,260 miles across 21 rivers primarily located in the Central United States. IENCs apply to inland waterways that are maintained for navigation by USACE for shallow-draft vessels (e.g., maintained at a depth of 9-14 feet, dependent upon the waterway project authorization). Generally, IENCs are produced for those commercially navigable waterways which the National Oceanic and Atmospheric Administration (NOAA) does not produce Electronic Navigational Charts (ENCs). However, Special Purpose IENCs may be produced in agreement with NOAA.  IENC POC: IENC_POC@usace.army.mil",,US Army Corps of Engineers,,"['USCG', 'USACE', 'IENC', 'HIFLD', 'Transportation - Water', 'Feature Service', 'SDI', 'NSDI', 'Open Data', 'FGDC', 'Emergency Preparedness', 'Disaster Planning', 'Infrastructure']",https://www.datalumos.org/datalumos/project/240651/version/V1/view,2024-02-05,2025-04-08
.\small-craft-facility-areas-usace-ienc,small-craft-facility-areas-usace-ienc,Small Craft Facility Areas (USACE IENC),"The USACE IENCs coverage area consists of 7,260 miles across 21 rivers primarily located in the Central United States. IENCs apply to inland waterways that are maintained for navigation by USACE for shallow-draft vessels (e.g., maintained at a depth of 9-14 feet, dependent upon the waterway project authorization). Generally, IENCs are produced for those commercially navigable waterways which the National Oceanic and Atmospheric Administration (NOAA) does not produce Electronic Navigational Charts (ENCs). However, Special Purpose IENCs may be produced in agreement with NOAA.
 IENC POC: IENC_POC@usace.army.mil",,US Army Corps of Engineers,,"['USCG', 'USACE', 'IENC', 'HIFLD', 'Transportation - Water', 'Feature Service', 'SDI', 'NSDI', 'Open Data', 'FGDC', 'Emergency Preparedness', 'Disaster Planning', 'Infrastructure']",https://www.datalumos.org/datalumos/project/240652/version/V1/view,2018-02-21,2025-04-08
.\small-craft-facility-locations-usace-ienc,small-craft-facility-locations-usace-ienc,Small Craft Facility Locations (USACE IENC),"The USACE IENCs coverage area consists of 7,260 miles across 21 rivers primarily located in the Central United States. IENCs apply to inland waterways that are maintained for navigation by USACE for shallow-draft vessels (e.g., maintained at a depth of 9-14 feet, dependent upon the waterway project authorization). Generally, IENCs are produced for those commercially navigable waterways which the National Oceanic and Atmospheric Administration (NOAA) does not produce Electronic Navigational Charts (ENCs). However, Special Purpose IENCs may be produced in agreement with NOAA.
 IENC POC: IENC_POC@usace.army.mil",,US Army Corps of Engineers,,"['USCG', 'USACE', 'IENC', 'HIFLD', 'Transportation - Water', 'Feature Service', 'SDI', 'NSDI', 'Open Data', 'FGDC', 'Emergency Preparedness', 'Disaster Planning', 'Infrastructure']",https://www.datalumos.org/datalumos/project/240653/version/V1/view,2018-02-21,2025-04-08
.\special-purpose-buoys-usace-ienc-1,special-purpose-buoys-usace-ienc-1,Special Purpose Buoys (USACE IENC),"The USACE IENCs coverage area consists of 7,260 miles across 21 rivers primarily located in the Central United States. IENCs apply to inland waterways that are maintained for navigation by USACE for shallow-draft vessels (e.g., maintained at a depth of 9-14 feet, dependent upon the waterway project authorization). Generally, IENCs are produced for those commercially navigable waterways which the National Oceanic and Atmospheric Administration (NOAA) does not produce Electronic Navigational Charts (ENCs). However, Special Purpose IENCs may be produced in agreement with NOAA.  IENC POC: IENC_POC@usace.army.mil",,US Army Corps of Engineers,,"['USCG', 'USACE', 'IENC', 'HIFLD', 'Transportation - Water', 'Feature Service', 'SDI', 'NSDI', 'Open Data', 'FGDC', 'Emergency Preparedness', 'Disaster Planning', 'Infrastructure']",https://www.datalumos.org/datalumos/project/240654/version/V1/view,2024-02-05,2025-04-08
.\storage-tank-or-silo-areas-usace-ienc-1,storage-tank-or-silo-areas-usace-ienc-1,Storage Tank or Silo Areas (USACE IENC),"The USACE IENCs coverage area consists of 7,260 miles across 21 rivers primarily located in the Central United States. IENCs apply to inland waterways that are maintained for navigation by USACE for shallow-draft vessels (e.g., maintained at a depth of 9-14 feet, dependent upon the waterway project authorization). Generally, IENCs are produced for those commercially navigable waterways which the National Oceanic and Atmospheric Administration (NOAA) does not produce Electronic Navigational Charts (ENCs). However, Special Purpose IENCs may be produced in agreement with NOAA.  IENC POC: IENC_POC@usace.army.mil",,US Army Corps of Engineers,,"['USCG', 'USACE', 'IENC', 'HIFLD', 'Transportation - Water', 'Feature Service', 'SDI', 'NSDI', 'Open Data', 'FGDC', 'Emergency Preparedness', 'Disaster Planning', 'Infrastructure']",https://www.datalumos.org/datalumos/project/240655/version/V1/view,2018-02-21,2025-04-08
.\storage-tank-or-silo-locations-usace-ienc-1,storage-tank-or-silo-locations-usace-ienc-1,Storage Tank or Silo Locations (USACE IENC),"The USACE IENCs coverage area consists of 7,260 miles across 21 rivers primarily located in the Central United States. IENCs apply to inland waterways that are maintained for navigation by USACE for shallow-draft vessels (e.g., maintained at a depth of 9-14 feet, dependent upon the waterway project authorization). Generally, IENCs are produced for those commercially navigable waterways which the National Oceanic and Atmospheric Administration (NOAA) does not produce Electronic Navigational Charts (ENCs). However, Special Purpose IENCs may be produced in agreement with NOAA.  IENC POC: IENC_POC@usace.army.mil",,US Army Corps of Engineers,,"['USCG', 'USACE', 'IENC', 'HIFLD', 'Transportation - Water', 'Feature Service', 'SDI', 'NSDI', 'Open Data', 'FGDC', 'Emergency Preparedness', 'Disaster Planning', 'Infrastructure']",https://www.datalumos.org/datalumos/project/240656/version/V1/view,2024-02-05,2025-04-08
.\submarine-pipeline-locations-usace-ienc,submarine-pipeline-locations-usace-ienc,Submarine Pipeline Locations (USACE IENC),"The USACE IENCs coverage area consists of 7,260 miles across 21 rivers primarily located in the Central United States. IENCs apply to inland waterways that are maintained for navigation by USACE for shallow-draft vessels (e.g., maintained at a depth of 9-14 feet, dependent upon the waterway project authorization). Generally, IENCs are produced for those commercially navigable waterways which the National Oceanic and Atmospheric Administration (NOAA) does not produce Electronic Navigational Charts (ENCs). However, Special Purpose IENCs may be produced in agreement with NOAA.
 IENC POC: IENC_POC@usace.army.mil",,US Army Corps of Engineers,,"['USCG', 'USACE', 'IENC', 'HIFLD', 'Transportation - Water', 'Feature Service', 'SDI', 'NSDI', 'Open Data', 'FGDC', 'Emergency Preparedness', 'Disaster Planning', 'Infrastructure']",https://www.datalumos.org/datalumos/project/240657/version/V1/view,2018-02-21,2025-04-08
.\submerged-land-act-sla-boundary,submerged-land-act-sla-boundary,Submerged Land Act (SLA) Boundary,"These data contain a national scale Submerged Lands Act (SLA) boundary line, Limit of ""8(g) Zone,"" line and Continental Shelf Boundary. The SLA boundary defines the seaward limit of a state's submerged lands and the landward boundary of federally managed OCS lands. The Outer Continental Shelf Lands Act ""8(g) Zone"" lies between the Submerged Lands Act (SLA) boundary line and a line projected 3 nautical miles seaward of the SLA boundary line. Within this zone, oil and gas revenues are shared with the coastal state(s). The Continental Shelf Boundary defines the seaward limit of federally managed OCS lands. The line depicts the limit of U.S. jurisdiction for offshore mineral development.

These data were created in the applicable NAD83 UTM or NAD27 UTM/SPCS Projection and re-projected to GCS WGS84 (EPSG 4326) for management in BOEM's enterprise GIS. However, this service in this collection has been published in WGS 1984 Web Mercator Auxiliary Sphere (EPSG 3857). Because GIS projection and topology functions can change or generalize coordinates, these data are NOT an OFFICIAL record for the exact boundaries. These data are to be used for Cartographic purposes only and should not be used to calculate area.",Bureau of Ocean Energy Management (BOEM),Bureau of Ocean Energy Management,,"['BOEM', 'HIFLD', 'Feature Service', 'SDI', 'NSDI', 'Open Data', 'FGDC', 'Emergency Preparedness', 'Disaster Planning', 'Infrastructure']",https://www.datalumos.org/datalumos/project/240658/version/V1/view,2019-01-04,2025-04-08
.\supplemental-colleges,supplemental-colleges,Supplemental Colleges,"The Supplemental Colleges feature class/shapefile contains additional postsecondary education features that are not included in the National Center for Education (NCES) Integrated Post Secondary Education System (IPEDS). Included are Doctoral/Research Universities, Masters Colleges and Universities, Baccalaureate Colleges, Associates Colleges, Theological seminaries, Medical Schools and other health care professions, Schools of engineering and technology, business and management, art, music, design, Law schools, Teachers colleges, Tribal colleges, and other specialized institutions. Any results or conclusions based on the POPULATION, TOT_ENROLL, and TOT_EMP values contained in this layer should be verified. This feature class contains all MEDS/MEDS+ as approved by NGA. Complete feature class information is available in the “Entities and Attributes” metadata section for these and other field details. Geographical coverage is detailed in the Place Keyword section of the metadata and the thumbnail graphic above. This feature class does not have a relationship class but is related to Colleges and Universities by the IPEDS ID. This release includes 48 new records and updates to the TYPE and STATUS fields based on the current release of IPEDS on 2747 records. Thirteen (13) were removed as their parent records are no longer in the IPEDS data or IPEDS now accounts for that institution.",,National Center for Education Statistics,,"['homeland security', 'homeland defense', 'emergency response', 'education', 'supplemental colleges', 'colleges', 'universities', 'technical colleges', 'community colleges', 'branch campuses', 'satellite campuses', 'alternate campuses', 'enrollment', 'shelters', 'institutional characteristics', 'employment', 'name', 'address', 'type', 'status', 'population', 'facility characteristics', 'HIFLD', 'Feature Service', 'SDI', 'NSDI', 'Open Data', 'FGDC', 'Emergency Preparedness', 'Disaster Planning', 'Infrastructure']",https://www.datalumos.org/datalumos/project/240659/version/V1/view,2017-09-09,2022-12-07
.\terminal-areas-usace-ienc,terminal-areas-usace-ienc,Terminal Areas (USACE IENC),"The USACE IENCs coverage area consists of 7,260 miles across 21 rivers primarily located in the Central United States. IENCs apply to inland waterways that are maintained for navigation by USACE for shallow-draft vessels (e.g., maintained at a depth of 9-14 feet, dependent upon the waterway project authorization). Generally, IENCs are produced for those commercially navigable waterways which the National Oceanic and Atmospheric Administration (NOAA) does not produce Electronic Navigational Charts (ENCs). However, Special Purpose IENCs may be produced in agreement with NOAA.  IENC POC: IENC_POC@usace.army.mil",,US Army Corps of Engineers,,"['USCG', 'USACE', 'IENC', 'HIFLD', 'Transportation - Water', 'Feature Service', 'SDI', 'NSDI', 'Open Data', 'FGDC', 'Emergency Preparedness', 'Disaster Planning', 'Infrastructure']",https://www.datalumos.org/datalumos/project/240682/version/V1/view,2018-04-16,2025-04-08
.\terminal-points-usace-ienc,terminal-points-usace-ienc,Terminal Points (USACE IENC),"The USACE IENCs coverage area consists of 7,260 miles across 21 rivers primarily located in the Central United States. IENCs apply to inland waterways that are maintained for navigation by USACE for shallow-draft vessels (e.g., maintained at a depth of 9-14 feet, dependent upon the waterway project authorization). Generally, IENCs are produced for those commercially navigable waterways which the National Oceanic and Atmospheric Administration (NOAA) does not produce Electronic Navigational Charts (ENCs). However, Special Purpose IENCs may be produced in agreement with NOAA.  IENC POC: IENC_POC@usace.army.mil",,US Army Corps of Engineers,,"['USCG', 'USACE', 'IENC', 'HIFLD', 'Transportation - Water', 'Feature Service', 'SDI', 'NSDI', 'Open Data', 'FGDC', 'Emergency Preparedness', 'Disaster Planning', 'Infrastructure']",https://www.datalumos.org/datalumos/project/240681/version/V1/view,2019-04-12,2025-04-08
.\state-capitols-2,state-capitols-2,State Capitols,"USGS Structures from The National Map consists of data to include the name, function, location, and other core information and characteristics of selected manmade facilities. The types of structures collected are largely determined by the needs of disaster planning and emergency response, and homeland security organizations. Structures currently being collected are: School, Technical/Trade School, College/University, Fire Station/EMS Station, Law Enforcement/Police Station, Prison/Correctional Facility, State Capitol, Hospital/Medical Center, Ambulance Service, Cemetery, Post Office, Campground, Trailhead, and Visitor/Information Center. Structures data are designed to be used in general mapping and in the analysis of structure related activities using geographic information system technology. The National Map structures data is commonly combined with other data themes, such as boundaries, elevation, hydrography, and transportation, to produce general reference base maps. The National Map download client allows free downloads of public domain structures data in either Esri File Geodatabase or Shapefile formats. For additional information on the structures data model, go to https://www.usgs.gov/core-science-systems/ngp/tnm-corps/structures. See https://apps.nationalmap.gov/help/ for assistance with The National Map viewer, download client, services, or metadata. Data Refreshed January, 2025",,US Geological Survey,,"['ngda', 'building', 'facility', 'school', 'technical', 'trade', 'college', 'university', 'fire', 'ems', 'ambulance', 'hospital', 'medical center', 'police', 'prison', 'correctional', 'capitol', 'post office', 'cemetery', 'campground', 'trailhead', 'visitor center', 'US', 'NGP-TNM', 'REST', 'WMS', 'WFS', 'HIFLD', 'Feature Service', 'SDI', 'NSDI', 'Open Data', 'FGDC', 'Emergency Preparedness', 'Disaster Planning', 'Infrastructure']",https://www.datalumos.org/datalumos/project/240632/version/V2/view,2024-08-06,2025-04-08
.\state-emergency-operations-centers-eoc,state-emergency-operations-centers-eoc,State Emergency Operations Centers (EOC),"An Emergency Operations Center (EOC) is the physical location at which the coordination of information and resources to support incident management (on-scene operations) activities normally takes place. An EOC may be a temporary facility or may be located in a more central or permanently established facility, perhaps at a higher level of organization within a jurisdiction. EOCs may be organized by major functional disciplines (e.g., fire, law enforcement, medical services), by jurisdiction (e.g., Federal, State, regional, tribal, city, county), or by some combination thereof. The WEBSITE attribute contains a link to Emergency Operations Center or State Emergency Management website. These links contain updated information on emergencies and points of contact. The TRAFFIC attribute contains an link to dynamic traffic information via State 511 Intelligent Traffic System (ITS) website or Department of Transportation (DOT) website.FEMA's Directory Information: http://www.fema.gov/state-offices-and-agencies-emergency-management. Note: The most up to date contact information is found on the State or Territory website.",,Federal Emergency Management Agency,,"['Emergency Services', 'FEMA', 'State EOC', 'State Emergency Operations Centers', 'HIFLD', 'Feature Service', 'SDI', 'NSDI', 'Open Data', 'FGDC', 'Emergency Preparedness', 'Disaster Planning', 'Infrastructure']",https://www.datalumos.org/datalumos/project/239732/version/V1/view,2019-07-26,2025-04-08
.\strategic-petroleum-reserves,strategic-petroleum-reserves,Strategic Petroleum Reserves,These data were obtained from the U.S. Dept. of Energy and publicly available information.,,Department of Energy,,"['storage', 'energy', 'EIA', 'DOE', 'HIFLD', 'Feature Service', 'SDI', 'NSDI', 'Open Data', 'FGDC', 'Emergency Preparedness', 'Disaster Planning', 'Infrastructure']",https://www.datalumos.org/datalumos/project/240636/version/V2/view,2024-06-14,2024-06-06
.\trails-2,trails-2,Trails,"The USGS Transportation downloadable data from The National Map (TNM) is based on TIGER/Line data provided through U.S. Census Bureau and supplemented with HERE road data to create tile cache base maps. Some of the TIGER/Line data includes limited corrections done by USGS. Transportation data consists of roads, railroads, trails, airports, and other features associated with the transport of people or commerce. The data include the name or route designator, classification, and location. Transportation data support general mapping and geographic information system technology analysis for applications such as traffic safety, congestion mitigation, disaster planning, and emergency response. The National Map transportation data is commonly combined with other data themes, such as boundaries, elevation, hydrography, and structures, to produce general reference base maps. The National Map viewer allows free downloads of public domain transportation data in either Esri File Geodatabase or Shapefile formats. For additional information on the transportation data model, go to https://www.usgs.gov/core-science-systems/national-geospatial-program/national-map.  See https://apps.nationalmap.gov/help/ for assistance with The National Map viewer, download client, services, or metadata. Data Refreshed January, 2025",,US Geological Survey,National Geospatial Program,"['transportation', 'road', 'railroad', 'airport', 'airstrip', 'runway', 'ferry', 'tunnel', 'interstate', 'expressway', 'controlled-access', 'highway', 'ramp', 'route', 'primary', 'secondary', 'local', 'connector', '4WD', 'trail', 'scenic', 'recreational', 'USFS', 'NGP-TNM', 'REST', 'WMS', 'WFS', 'Transportation Ground', 'USGS', 'U.S. Census Bureau', 'TIGER', 'U.S. Forest Service', 'HIFLD', 'Feature Service', 'SDI', 'NSDI', 'Open Data', 'FGDC', 'Emergency Preparedness', 'Disaster Planning', 'Infrastructure']",https://www.datalumos.org/datalumos/project/240112/version/V1/view,2024-03-12,2025-04-08
.\transmission-lines-1,transmission-lines-1,Transmission Lines,"This feature class/shapefile represents electric power transmission lines. Transmission Lines are the system of structures, wires, insulators and associated hardware that carry electric energy from one point to another in an electric power system. Lines are operated at relatively high voltages varying from 69 kV up to 765 kV, and are capable of transmitting large quantities of electricity over long distances. Underground transmission lines are included where sources were available.",Oak Ridge National Laboratory,Department of Energy,Oak Ridge National Laboratory,"['emergency response', 'electricity', 'transmission lines', 'energy infrastructure', 'ORNL', 'CESER', 'HIFLD', 'Feature Service', 'SDI', 'NSDI', 'Open Data', 'FGDC', 'Emergency Preparedness', 'Disaster Planning', 'Infrastructure']",https://www.datalumos.org/datalumos/project/240591/version/V1/view,2025-02-19,2025-02-19
.\trauma-levels,trauma-levels,Trauma Levels,"This feature class/shapefile contains locations of Hospitals for 50 US states, Washington D.C., US territories of Puerto Rico, Guam, American Samoa, Northern Mariana Islands, Palau, and Virgin Islands. The dataset only includes hospital facilities based on data acquired from various state departments or federal sources which has been referenced in the SOURCE field. Hospital facilities which do not occur in these sources will be not present in the database. The source data was available in a variety of formats (pdfs, tables, webpages, etc.) which was cleaned and geocoded and then converted into a spatial database. The database does not contain nursing homes or health centers. Hospitals have been categorized into children, chronic disease, critical access, general acute care, long term care, military, psychiatric, rehabilitation, special, and women based on the range of the available values from the various sources after removing similarities.",Oak Ridge National Laboratory,Department of Energy,Oak Ridge National Laboratory,"['homeland security', 'homeland defense', 'emergency response', 'name', 'address', 'type', 'status', 'population', 'facility characteristics', 'hospitals', 'children hospitals', 'helipad', 'specialty hospitals', 'trauma', 'Continental United States', 'USA', 'Hawaii', 'Alaska', 'District of Columbia', 'Puerto Rico', 'American Samoa', 'Guam', 'Northern Mariana Islands', 'Virgin Islands', 'Palau']",https://www.datalumos.org/datalumos/project/240592/version/V1/view,2024-07-03,2025-03-20
.\travel-monitoring-analysis-system-tmas-stations,travel-monitoring-analysis-system-tmas-stations,Travel Monitoring Analysis System (TMAS) Stations,"The Travel Monitoring Analysis System (TMAS) - Stations dataset was compiled on December 31, 2023 and was published on July 22, 2024 from the Federal Highway Administration (FHWA), and is part of the U.S. Department of Transportation (USDOT)/Bureau of Transportation Statistics (BTS) National Transportation Atlas Database (NTAD). Geospatial station data from the FHWA TMAS database contains latitude and longitude data from over 7,000 permanent (temporal data representing each time period) traffic monitoring sites in all 50 states plus DC. Data from these stations are submitted to FHWA every month and is a result of a long standing partnership between FHWA and the state DOTs.",Federal Highway Administration (FHWA),Federal Highway Administration,,"['NTAD', 'National Transportation Atlas Database', 'Roads', 'Highway', 'TMAS', 'Travel Monitoring Analysis System', 'TMG', 'Traffic Monitoring Guide', 'Station', 'Transportation Ground', 'FHWA', 'BTS', 'HIFLD', 'Feature Service', 'SDI', 'NSDI', 'Open Data', 'FGDC', 'Emergency Preparedness', 'Disaster Planning', 'Infrastructure']",https://www.datalumos.org/datalumos/project/240593/version/V1/view,2017-06-14,2024-07-25
.\truck-driving-schools,truck-driving-schools,Truck Driving Schools,"Truck Driving Schools in the United States This dataset is composed of any type of Post Secondary Education facility such as: colleges, universities, technical schools, or trade schools that provide training and certification in the field of professional truck driving. This dataset does not include Administration Only locations. No entities located in American Samoa, the Northern Mariana Islands, or the Virgin Islands are included in this dataset. Text fields in this dataset have been set to all upper case to facilitate consistent database engine search results. All diacritics (e.g. the German umlaut or the Spanish tilde) have been replaced with their closest equivalent English character to facilitate use with database systems that may not support diacritics. The currentness of this dataset is indicated by the [CONTDATE] attribute. Based upon this attribute, the oldest record dates from 12/19/2006 and the newest record dates from 1/8/2007.","Techni Graphic Systems, Inc.",TechniGraphics Inc.,,"['Missouri', 'Utah', 'Alabama', 'Massachusetts', 'Kentucky', 'Idaho', 'Virgin Islands', 'Vermont', 'Ohio', 'Maine', 'Texas', 'Nebraska', 'South Dakota', 'Colorado', 'Kansas', 'Oregon', 'Rhode Island', 'Truck driving Study and teaching', 'transportation', 'Iowa', 'Louisiana', 'Guam', 'Virginia', 'New Hampshire', 'Illinois', 'Alaska', 'Washington', 'Oklahoma', 'Arizona', 'United States Territories and possessions', 'Michigan', 'Montana', 'Nevada', 'Delaware', 'Georgia', 'Mississippi', 'United States', 'Pennsylvania', 'South Carolina', 'West Virginia', 'Arkansas', 'New Jersey', 'Tennessee', 'Northern Mariana Islands', 'structure', 'Florida', 'New York', 'California', 'Washington (D.C.)', 'Wisconsin', 'North Carolina', 'Puerto Rico', 'New Mexico', 'American Samoa', 'Wyoming', 'North Dakota', 'Hawaii', 'Minnesota', 'Truck driving', 'Indiana', 'Connecticut', 'Maryland', 'HIFLD', 'HIFLD open', 'HIFLD Education', 'Feature Service', 'SDI', 'NSDI', 'Open Data', 'FGDC', 'Emergency Preparedness', 'Disaster Planning', 'Infrastructure']",https://www.datalumos.org/datalumos/project/240723/version/V1/view,2017-06-07,2023-03-20
.\tsunami-capable-tide-stations,tsunami-capable-tide-stations,Tsunami Capable Tide Stations,"NCEI is the long-term archive for all NOAA coastal tide gauge data: 1-minute water level data from the NOAA/National Ocean Service (NOS) Center for Operational Oceanographic Products and Services (CO-OPS) and high-resolution (10-second or 15-second) water level data from the Pacific Tsunami Warning Center (PTWC) and the National Tsunami Warning Center (NTWC). Coastal tide gauge data also undergo quality control and harmonic analysis at NCEI. The raw data and products are discoverable via the Map, Timelines, and THREDDS Data Server links. Data are provided as netCDF and as gzipped comma-separated-values (CSV).Map legend:Please contact haz.info@noaa.gov if you have questions.More information about tsunami-capable tide gauge data at NCEI",,National Oceanic and Atmospheric Administration,,"['tide gauge', 'tsunami', 'natural hazards', 'NOS', 'CO-OPS', 'PTWC', 'NTWC', 'NOAA', 'NCEI', 'HIFLD', 'Feature Service', 'SDI', 'NSDI', 'Open Data', 'FGDC', 'Emergency Preparedness', 'Disaster Planning', 'Infrastructure']",https://www.datalumos.org/datalumos/project/240726/version/V1/view,2024-06-13,2025-08-11
.\underwater-rock-areas-usace-ienc-1,underwater-rock-areas-usace-ienc-1,Underwater Rock Areas (USACE IENC),"The USACE IENCs coverage area consists of 7,260 miles across 21 rivers primarily located in the Central United States. IENCs apply to inland waterways that are maintained for navigation by USACE for shallow-draft vessels (e.g., maintained at a depth of 9-14 feet, dependent upon the waterway project authorization). Generally, IENCs are produced for those commercially navigable waterways which the National Oceanic and Atmospheric Administration (NOAA) does not produce Electronic Navigational Charts (ENCs). However, Special Purpose IENCs may be produced in agreement with NOAA. IENC POC: IENC_POC@usace.army.mil",,US Army Corps of Engineers,,"['USCG', 'USACE', 'IENC', 'HIFLD', 'Transportation - Water', 'Feature Service', 'SDI', 'NSDI', 'Open Data', 'FGDC', 'Emergency Preparedness', 'Disaster Planning', 'Infrastructure']",https://www.datalumos.org/datalumos/project/240741/version/V1/view,2024-02-05,2025-04-08
.\unified-school-districts,unified-school-districts,Unified School Districts,"School Districts are administrative units within which local officials provide public educational services for the area's residents. The Census Bureau obtains school district boundaries, names, local education agency codes, grade ranges, and school district levels annually from state education officials. The Census Bureau collects this information for the primary purpose of providing the U.S. Department of Education with annual estimates of the number of children aged 5 through 17 in families in poverty within each school district, county, and state. This information serves as the basis for the Department of Education to determine the annual allocation of Title I funding to states and school districtsThe Census Bureau tabulates data for four types of school districts: elementary, secondary, unified, and administrative. Each school district is assigned a five-digit code that is unique within state. School district codes are the local education agency number assigned by the Department of Education and are not necessarily in alphabetical order by school district name.Unified school districts provide education to children of all school ages. In general, if there is a unified school district, no elementary or secondary school district exists. If there is an elementary school district, the secondary school district may or may not exist. Administrative school districts were added in 2022 and provide administrative, planning, and educational services for all grade ranges. Currently, the Census Bureau maintains administrative school districts only in Vermont, and they represent supervisory unions and supervisory districts.The Census Bureau categorizes school districts based on the grade ranges for which the school district is financially responsible. These may or may not be the same as the grade ranges that a school district operates. A typical example would be a school district that operates schools for children in grades Kindergarten (KG)-8 and pays a neighboring school district to educate children in grades 9-12. The first school district is operationally responsible for grades KG-8, but financially responsible for grades KG-12. Therefore, the Census Bureau would define the grade range for that school district as KG-12. If an elementary school district is financially responsible for grades KG-12 or Pre-Kindergarten (PK)-12, there will be no secondary school district represented for that area. In cases, where an elementary school district is financially responsible for only lower grades, there is generally a secondary school district that is financially responsible for providing educational services for the upper grades.Download: https://www2.census.gov/geo/tiger/TGRGDB24/tlgdb_2024_a_us_school.gdb.zip Layer: School_District_UnifiedMetadata: https://meta.geo.census.gov/data/existing/decennial/GEO/GPMB/TIGERline/Current_19115/series_tl_2023_unsd.shp.iso.xml",,Census Bureau,,"['Boundaries', 'Urban', 'Areas', 'Clusters', 'National Geospatial Data Asset', 'NGDA', 'HIFLD', 'Feature Service', 'SDI', 'NSDI', 'Open Data', 'FGDC', 'Emergency Preparedness', 'Disaster Planning', 'Infrastructure']",https://www.datalumos.org/datalumos/project/240742/version/V1/view,2024-08-28,2025-04-08
.\uniform-hazard-ground-motion\us-pga-10pct50yrs-bc-arc,us-pga-10pct50yrs-bc-arc,US PGA 10Pct50Yrs BC arc,"Uniform-hazard ground motion maps and their underlying GIS data were prepared for PGA and horizontal spectral accelerations at 0.2, 1.0, and 5.0 second period, with a probability of exceedance of 2%, 5% and 10% in 50 years, for NEHRP soil site classes B/C and D (VS30 equal to 760 and 260 m/s, respectively).Full dataset can be downloaded from: 04. Uniform-hazard ground motion maps for the conterminous U.S., Alaska, and Hawaii - ScienceBase-Catalog",U.S. Geological Survey - Geologic Hazards Science Center,US Geological Survey,,"['Natural Hazard', 'USGS', 'GHSC', 'HIFLD', 'Feature Service', 'SDI', 'NSDI', 'Open Data', 'FGDC', 'Emergency Preparedness', 'Disaster Planning', 'Infrastructure']",https://www.datalumos.org/datalumos/project/240429/version/V1/view,2024-04-03,2024-05-02
.\uniform-hazard-ground-motion\us-pga-10pct50yrs-bc-poly,us-pga-10pct50yrs-bc-poly,US PGA 10Pct50Yrs BC poly,"Uniform-hazard ground motion maps and their underlying GIS data were prepared for PGA and horizontal spectral accelerations at 0.2, 1.0, and 5.0 second period, with a probability of exceedance of 2%, 5% and 10% in 50 years, for NEHRP soil site classes B/C and D (VS30 equal to 760 and 260 m/s, respectively).Full dataset can be downloaded from: 04. Uniform-hazard ground motion maps for the conterminous U.S., Alaska, and Hawaii - ScienceBase-Catalog",U.S. Geological Survey - Geologic Hazards Science Center,US Geological Survey,,"['Natural Hazard', 'USGS', 'GHSC', 'HIFLD', 'Feature Service', 'SDI', 'NSDI', 'Open Data', 'FGDC', 'Emergency Preparedness', 'Disaster Planning', 'Infrastructure']",https://www.datalumos.org/datalumos/project/240430/version/V1/view,2024-04-03,2024-05-02
.\uniform-hazard-ground-motion\us-pga-2pct50yrs-bc-arc,us-pga-2pct50yrs-bc-arc,US PGA 2Pct50Yrs BC arc,"Uniform-hazard ground motion maps and their underlying GIS data were prepared for PGA and horizontal spectral accelerations at 0.2, 1.0, and 5.0 second period, with a probability of exceedance of 2%, 5% and 10% in 50 years, for NEHRP soil site classes B/C and D (VS30 equal to 760 and 260 m/s, respectively).Full dataset can be downloaded from: 04. Uniform-hazard ground motion maps for the conterminous U.S., Alaska, and Hawaii - ScienceBase-Catalog",U.S. Geological Survey - Geologic Hazards Science Center,US Geological Survey,,"['Natural Hazard', 'USGS', 'GHSC', 'HIFLD', 'Feature Service', 'SDI', 'NSDI', 'Open Data', 'FGDC', 'Emergency Preparedness', 'Disaster Planning', 'Infrastructure']",https://www.datalumos.org/datalumos/project/240431/version/V1/view,2024-04-03,2024-05-02
.\uniform-hazard-ground-motion\us-pga-2pct50yrs-bc-poly,us-pga-2pct50yrs-bc-poly,US PGA 2Pct50Yrs BC poly,"Uniform-hazard ground motion maps and their underlying GIS data were prepared for PGA and horizontal spectral accelerations at 0.2, 1.0, and 5.0 second period, with a probability of exceedance of 2%, 5% and 10% in 50 years, for NEHRP soil site classes B/C and D (VS30 equal to 760 and 260 m/s, respectively).Full dataset can be downloaded from: 04. Uniform-hazard ground motion maps for the conterminous U.S., Alaska, and Hawaii - ScienceBase-Catalog",U.S. Geological Survey - Geologic Hazards Science Center,US Geological Survey,,"['Natural Hazard', 'USGS', 'GHSC', 'HIFLD', 'Feature Service', 'SDI', 'NSDI', 'Open Data', 'FGDC', 'Emergency Preparedness', 'Disaster Planning', 'Infrastructure']",https://www.datalumos.org/datalumos/project/240432/version/V1/view,2024-04-03,2024-05-02
Done,us-pga-5pct50yrs-bc-arc,US PGA 5Pct50Yrs BC arc,"Uniform-hazard ground motion maps and their underlying GIS data were prepared for PGA and horizontal spectral accelerations at 0.2, 1.0, and 5.0 second period, with a probability of exceedance of 2%, 5% and 10% in 50 years, for NEHRP soil site classes B/C and D (VS30 equal to 760 and 260 m/s, respectively).Full dataset can be downloaded from: 04. Uniform-hazard ground motion maps for the conterminous U.S., Alaska, and Hawaii - ScienceBase-Catalog",U.S. Geological Survey - Geologic Hazards Science Center,US Geological Survey,,"['Natural Hazard', 'USGS', 'GHSC', 'HIFLD', 'Feature Service', 'SDI', 'NSDI', 'Open Data', 'FGDC', 'Emergency Preparedness', 'Disaster Planning', 'Infrastructure']",https://www.datalumos.org/datalumos/project/240433/version/V1/view,2024-04-03,2024-05-02
.\uniform-hazard-ground-motion\us-pga-5pct50yrs-bc-poly,us-pga-5pct50yrs-bc-poly,US PGA 5Pct50Yrs BC poly,"Uniform-hazard ground motion maps and their underlying GIS data were prepared for PGA and horizontal spectral accelerations at 0.2, 1.0, and 5.0 second period, with a probability of exceedance of 2%, 5% and 10% in 50 years, for NEHRP soil site classes B/C and D (VS30 equal to 760 and 260 m/s, respectively).Full dataset can be downloaded from: 04. Uniform-hazard ground motion maps for the conterminous U.S., Alaska, and Hawaii - ScienceBase-Catalog",U.S. Geological Survey - Geologic Hazards Science Center,US Geological Survey,,"['Natural Hazard', 'USGS', 'GHSC', 'HIFLD', 'Feature Service', 'SDI', 'NSDI', 'Open Data', 'FGDC', 'Emergency Preparedness', 'Disaster Planning', 'Infrastructure']",https://www.datalumos.org/datalumos/project/240434/version/V1/view,2024-04-03,2024-05-02
.\uniform-hazard-ground-motion\us-sa0p2-10pct50yrs-bc-poly,us-sa0p2-10pct50yrs-bc-poly,US SA0P2 10Pct50Yrs BC poly,"Uniform-hazard ground motion maps and their underlying GIS data were prepared for PGA and horizontal spectral accelerations at 0.2, 1.0, and 5.0 second period, with a probability of exceedance of 2%, 5% and 10% in 50 years, for NEHRP soil site classes B/C and D (VS30 equal to 760 and 260 m/s, respectively).Full dataset can be downloaded from: 04. Uniform-hazard ground motion maps for the conterminous U.S., Alaska, and Hawaii - ScienceBase-Catalog",U.S. Geological Survey - Geologic Hazards Science Center,US Geological Survey,,"['Natural Hazard', 'USGS', 'GHSC', 'HIFLD', 'Feature Service', 'SDI', 'NSDI', 'Open Data', 'FGDC', 'Emergency Preparedness', 'Disaster Planning', 'Infrastructure']",https://www.datalumos.org/datalumos/project/240435/version/V1/view,2024-04-03,2024-04-03
.\uniform-hazard-ground-motion\us-sa0p2-2pct50yrs-bc-poly,us-sa0p2-2pct50yrs-bc-poly,US SA0P2 2Pct50Yrs BC poly,"Uniform-hazard ground motion maps and their underlying GIS data were prepared for PGA and horizontal spectral accelerations at 0.2, 1.0, and 5.0 second period, with a probability of exceedance of 2%, 5% and 10% in 50 years, for NEHRP soil site classes B/C and D (VS30 equal to 760 and 260 m/s, respectively).Full dataset can be downloaded from: 04. Uniform-hazard ground motion maps for the conterminous U.S., Alaska, and Hawaii - ScienceBase-Catalog",U.S. Geological Survey - Geologic Hazards Science Center,US Geological Survey,,"['Natural Hazard', 'USGS', 'GHSC', 'HIFLD', 'Feature Service', 'SDI', 'NSDI', 'Open Data', 'FGDC', 'Emergency Preparedness', 'Disaster Planning', 'Infrastructure']",https://www.datalumos.org/datalumos/project/240436/version/V1/view,2024-04-03,2024-04-03
.\uniform-hazard-ground-motion\us-sa0p2-5pct50yrs-bc-poly,us-sa0p2-5pct50yrs-bc-poly,US SA0P2 5Pct50Yrs BC poly,"Uniform-hazard ground motion maps and their underlying GIS data were prepared for PGA and horizontal spectral accelerations at 0.2, 1.0, and 5.0 second period, with a probability of exceedance of 2%, 5% and 10% in 50 years, for NEHRP soil site classes B/C and D (VS30 equal to 760 and 260 m/s, respectively).Full dataset can be downloaded from: 04. Uniform-hazard ground motion maps for the conterminous U.S., Alaska, and Hawaii - ScienceBase-Catalog",U.S. Geological Survey - Geologic Hazards Science Center,US Geological Survey,,"['Natural Hazard', 'USGS', 'GHSC', 'HIFLD', 'Feature Service', 'SDI', 'NSDI', 'Open Data', 'FGDC', 'Emergency Preparedness', 'Disaster Planning', 'Infrastructure']",https://www.datalumos.org/datalumos/project/240438/version/V1/view,2024-04-03,2024-04-03
.\uniform-hazard-ground-motion\us-sa1p0-10pct50yrs-bc-poly,us-sa1p0-10pct50yrs-bc-poly,US SA1P0 10Pct50Yrs BC poly,"Uniform-hazard ground motion maps and their underlying GIS data were prepared for PGA and horizontal spectral accelerations at 0.2, 1.0, and 5.0 second period, with a probability of exceedance of 2%, 5% and 10% in 50 years, for NEHRP soil site classes B/C and D (VS30 equal to 760 and 260 m/s, respectively).Full dataset can be downloaded from: 04. Uniform-hazard ground motion maps for the conterminous U.S., Alaska, and Hawaii - ScienceBase-Catalog",U.S. Geological Survey - Geologic Hazards Science Center,US Geological Survey,,"['Natural Hazard', 'USGS', 'GHSC', 'HIFLD', 'Feature Service', 'SDI', 'NSDI', 'Open Data', 'FGDC', 'Emergency Preparedness', 'Disaster Planning', 'Infrastructure']",https://www.datalumos.org/datalumos/project/240439/version/V1/view,2024-04-03,2024-04-03
.\uniform-hazard-ground-motion\us-sa1p0-2pct50yrs-bc-poly,us-sa1p0-2pct50yrs-bc-poly,US SA1P0 2Pct50Yrs BC poly,"Uniform-hazard ground motion maps and their underlying GIS data were prepared for PGA and horizontal spectral accelerations at 0.2, 1.0, and 5.0 second period, with a probability of exceedance of 2%, 5% and 10% in 50 years, for NEHRP soil site classes B/C and D (VS30 equal to 760 and 260 m/s, respectively).Full dataset can be downloaded from: 04. Uniform-hazard ground motion maps for the conterminous U.S., Alaska, and Hawaii - ScienceBase-Catalog",U.S. Geological Survey - Geologic Hazards Science Center,US Geological Survey,,"['Natural Hazard', 'USGS', 'GHSC', 'HIFLD', 'Feature Service', 'SDI', 'NSDI', 'Open Data', 'FGDC', 'Emergency Preparedness', 'Disaster Planning', 'Infrastructure']",https://www.datalumos.org/datalumos/project/240440/version/V1/view,2024-04-03,2024-04-03
.\uniform-hazard-ground-motion\us-sa1p0-5pct50yrs-bc-poly,us-sa1p0-5pct50yrs-bc-poly,US SA1P0 5Pct50Yrs BC poly,"Uniform-hazard ground motion maps and their underlying GIS data were prepared for PGA and horizontal spectral accelerations at 0.2, 1.0, and 5.0 second period, with a probability of exceedance of 2%, 5% and 10% in 50 years, for NEHRP soil site classes B/C and D (VS30 equal to 760 and 260 m/s, respectively).Full dataset can be downloaded from: 04. Uniform-hazard ground motion maps for the conterminous U.S., Alaska, and Hawaii - ScienceBase-Catalog",U.S. Geological Survey - Geologic Hazards Science Center,US Geological Survey,,"['Natural Hazard', 'USGS', 'GHSC', 'HIFLD', 'Feature Service', 'SDI', 'NSDI', 'Open Data', 'FGDC', 'Emergency Preparedness', 'Disaster Planning', 'Infrastructure']",https://www.datalumos.org/datalumos/project/240441/version/V1/view,2024-04-03,2024-04-03
.\uniform-hazard-ground-motion\us-sa5p0-10pct50yrs-bc-poly,us-sa5p0-10pct50yrs-bc-poly,US SA5P0 10Pct50Yrs BC poly,"Uniform-hazard ground motion maps and their underlying GIS data were prepared for PGA and horizontal spectral accelerations at 0.2, 1.0, and 5.0 second period, with a probability of exceedance of 2%, 5% and 10% in 50 years, for NEHRP soil site classes B/C and D (VS30 equal to 760 and 260 m/s, respectively).Full dataset can be downloaded from: 04. Uniform-hazard ground motion maps for the conterminous U.S., Alaska, and Hawaii - ScienceBase-Catalog",U.S. Geological Survey - Geologic Hazards Science Center,US Geological Survey,,"['Natural Hazard', 'USGS', 'GHSC', 'HIFLD', 'Feature Service', 'SDI', 'NSDI', 'Open Data', 'FGDC', 'Emergency Preparedness', 'Disaster Planning', 'Infrastructure']",https://www.datalumos.org/datalumos/project/240442/version/V1/view,2024-04-03,2024-04-03
.\uniform-hazard-ground-motion\us-sa5p0-2pct50yrs-bc-poly,us-sa5p0-2pct50yrs-bc-poly,US SA5P0 2Pct50Yrs BC poly,"Uniform-hazard ground motion maps and their underlying GIS data were prepared for PGA and horizontal spectral accelerations at 0.2, 1.0, and 5.0 second period, with a probability of exceedance of 2%, 5% and 10% in 50 years, for NEHRP soil site classes B/C and D (VS30 equal to 760 and 260 m/s, respectively).Full dataset can be downloaded from: 04. Uniform-hazard ground motion maps for the conterminous U.S., Alaska, and Hawaii - ScienceBase-Catalog",U.S. Geological Survey - Geologic Hazards Science Center,US Geological Survey,,"['Natural Hazard', 'USGS', 'GHSC', 'HIFLD', 'Feature Service', 'SDI', 'NSDI', 'Open Data', 'FGDC', 'Emergency Preparedness', 'Disaster Planning', 'Infrastructure']",https://www.datalumos.org/datalumos/project/240444/version/V1/view,2024-04-03,2024-04-03
.\uniform-hazard-ground-motion\us-sa5p0-5pct50yrs-bc-poly,us-sa5p0-5pct50yrs-bc-poly,US SA5P0 5Pct50Yrs BC poly,"Uniform-hazard ground motion maps and their underlying GIS data were prepared for PGA and horizontal spectral accelerations at 0.2, 1.0, and 5.0 second period, with a probability of exceedance of 2%, 5% and 10% in 50 years, for NEHRP soil site classes B/C and D (VS30 equal to 760 and 260 m/s, respectively).Full dataset can be downloaded from: 04. Uniform-hazard ground motion maps for the conterminous U.S., Alaska, and Hawaii - ScienceBase-Catalog",U.S. Geological Survey - Geologic Hazards Science Center,US Geological Survey,,"['Natural Hazard', 'USGS', 'GHSC', 'HIFLD', 'Feature Service', 'SDI', 'NSDI', 'Open Data', 'FGDC', 'Emergency Preparedness', 'Disaster Planning', 'Infrastructure']",https://www.datalumos.org/datalumos/project/240445/version/V1/view,2024-04-03,2024-04-03
.\uranium-and-vanadium-deposits,uranium-and-vanadium-deposits,Uranium and Vanadium Deposits,"Mineral resource occurrence data covering the world, most thoroughly within the U.S. This database contains the records previously provided in the Mineral Resource Data System (MRDS) of USGS and the Mineral Availability System/Mineral Industry Locator System (MAS/MILS) originated in the U.S. Bureau of Mines, which is now part of USGS. The MRDS is a large and complex relational database developed over several decades by hundreds of researchers and reporters. This product is a digest in which the fields chosen are those most likely to contain valid information.The data is legacy and not expected to be updated. It is being provided as the best available until Mineral Resources identifies an alternative data source.",USGS ER GD,US Geological Survey,,"['Mineral Deposit Areas', 'Uranium', 'MRDS', 'Economic Geology', 'Vanadium', 'Mine Sites', 'Mineral Resources', 'HIFLD', 'Feature Service', 'SDI', 'NSDI', 'Open Data', 'FGDC', 'Emergency Preparedness', 'Disaster Planning', 'Infrastructure']",https://www.datalumos.org/datalumos/project/240898/version/V1/view,2018-01-18,2018-01-18
.\urban-areas-1,urban-areas-1,Urban Areas,"After each decennial census, the Census Bureau delineates urban areas that represent densely developed territory, encompassing residential, commercial, and other nonresidential urban land uses. In general, this territory consists of areas of high population density and urban land use resulting in a representation of the urban footprint. There are 2,644 Urban Areas (UAs) in this data release with either a minimum population of 5,000 or a housing unit count of 2,000 units. Each urban area is identified by a 5-character numeric census code that may contain leading zeros. For 2020 Census products and beyond, the Census Bureau eliminated the distinction between Urbanized Areas and Urban Clusters. All urban areas are now identified by the generic term, “Urban Area.”Download: https://www2.census.gov/geo/tiger/TGRGDB24/tlgdb_2024_a_us_nationgeo.gdb.zip Layer: Urban_Area_20Metadata: https://meta.geo.census.gov/data/existing/decennial/GEO/GPMB/TIGERline/Current_19115/series_tl_2023_uac20.shp.iso.xml",,Census Bureau,,"['Boundaries', 'Urban', 'Areas', 'Clusters', 'National Geospatial Data Asset', 'NGDA', 'HIFLD', 'Feature Service', 'SDI', 'NSDI', 'Open Data', 'FGDC', 'Emergency Preparedness', 'Disaster Planning', 'Infrastructure']",https://www.datalumos.org/datalumos/project/239799/version/V1/view,2024-06-05,2025-04-08
.\us-army-corps-of-engineers-usace-civil-works-districts,us-army-corps-of-engineers-usace-civil-works-districts,US Army Corps of Engineers (USACE) Civil Works Districts,"Polygons showing USACE Civil Works District boundaries. This dataset was digitized from the NRCS Watershed Boundary Dataset (WBD). Where districts follow administrative boundaries, such as County and State lines, National Atlas and Census datasets were used. USACE District GIS POCs also submitted data to incorporate into this dataset. This dataset has been simplified +/- 30 feet to reduce file size and speed up drawing time. 05/05/20 - Update to show new LRC boundary. Minor change between LRL and LRH. 07/31/24 - Update to show new SAA Caribbean District.",National Resource Conservation Service,US Army Corps of Engineers,,"['usace', 'boundaries', 'civilworks', 'districts', 'Civil Works', 'boundary', 'geospatial', 'HIFLD', 'Feature Service', 'SDI', 'NSDI', 'Open Data', 'FGDC', 'Emergency Preparedness', 'Disaster Planning', 'Infrastructure']",https://www.datalumos.org/datalumos/project/240523/version/V1/view,2024-08-27,2025-03-28
.\us-army-corps-of-engineers-usace-civil-works-divisions,us-army-corps-of-engineers-usace-civil-works-divisions,US Army Corps of Engineers (USACE) Civil Works Divisions,"Polygons showing USACE Civil Works Division boundaries. This dataset was digitized from the NRCS Watershed Boundary Dataset (WBD). Where districts follow administrative boundaries, such as County and State lines, National Atlas and Census datasets were used. USACE District GIS POCs also submitted data to incorporate into this dataset. This dataset has been simplified +/- 30 feet to reduce file size and speed up drawing time. 04/16/20 - Update to show new LRC boundary.",National Resource Conservation Service,US Army Corps of Engineers,,"['boundary', 'usace', 'coe', 'civilworks', 'division', 'geospatial', 'boundaries', 'HIFLD', 'Feature Service', 'SDI', 'NSDI', 'Open Data', 'FGDC', 'Emergency Preparedness', 'Disaster Planning', 'Infrastructure']",https://www.datalumos.org/datalumos/project/240527/version/V1/view,2019-02-01,2025-01-27
.\us-army-corps-of-engineers-usace-military-districts,us-army-corps-of-engineers-usace-military-districts,US Army Corps of Engineers (USACE) Military Districts,USACE Military District boundaries. Polygons were derived from National Atlas states and/or from data provided by the district.,US Army Corps of Engineers (USACE),US Army Corps of Engineers,,"['boundary', 'usace', 'coe', 'military', 'district', 'geospatial', 'HIFLD', 'Feature Service', 'SDI', 'NSDI', 'Open Data', 'FGDC', 'Emergency Preparedness', 'Disaster Planning', 'Infrastructure']",https://www.datalumos.org/datalumos/project/240528/version/V1/view,2019-02-01,2025-04-21
.\us-army-corps-of-engineers-usace-military-divisions,us-army-corps-of-engineers-usace-military-divisions,US Army Corps of Engineers (USACE) Military Divisions,USACE Military Division boundaries. Polygons were derived from National Atlas states and/or from data provided by the district.,US Army Corps of Engineers (USACE),US Army Corps of Engineers,,"['usace', 'coe', 'division', 'boundary', 'military', 'geospatial', 'boundaries', 'HIFLD', 'Feature Service', 'SDI', 'NSDI', 'Open Data', 'FGDC', 'Emergency Preparedness', 'Disaster Planning', 'Infrastructure']",https://www.datalumos.org/datalumos/project/240529/version/V1/view,2019-02-02,2024-12-18
.\us-army-corps-of-engineers-usace-offices,us-army-corps-of-engineers-usace-offices,US Army Corps of Engineers (USACE) Offices,"USACE District, Division and Research Lab Locations. This data set does not include field offices.",US Army Corps of Engineers (USACE),US Army Corps of Engineers,,"['usace', 'coe', 'offices', 'geospatial', 'infrastructure', 'HIFLD', 'Feature Service', 'SDI', 'NSDI', 'Open Data', 'FGDC', 'Emergency Preparedness', 'Disaster Planning', 'Infrastructure']",https://www.datalumos.org/datalumos/project/240530/version/V1/view,2017-06-09,2025-07-16
.\us-army-corps-of-engineers-usace-owned-reservoirs,us-army-corps-of-engineers-usace-owned-reservoirs,US Army Corps of Engineers (USACE) Owned and Operated Reservoirs,This dataset shows maximum conservation pool or is a reasonable representation of the boundaries for reservoirs and lakes owned and operated by USACE. Data is from USACE Districts.,US Army Corps of Engineers (USACE),US Army Corps of Engineers,,"['reservoir', 'usace', 'coe', 'hydro', 'geospatial', 'navigation', 'waterresources', 'HIFLD', 'Feature Service', 'SDI', 'NSDI', 'Open Data', 'FGDC', 'Emergency Preparedness', 'Disaster Planning', 'Infrastructure']",https://www.datalumos.org/datalumos/project/240531/version/V1/view,2017-06-21,2024-04-02
.\us-canada-land-boundary,us-canada-land-boundary,US/Canada Land Boundary,"NOAA is responsible for depicting on its nautical charts the limits of the 12 nautical mile Territorial Sea, 24 nautical mile Contiguous Zone, and 200 nautical mile Exclusive Economic Zone (EEZ). The outer limit of each of these zones is measured from the U.S. normal baseline, which coincides with the low water line depicted on NOAA charts and includes closing lines across the entrances of legal bays and rivers, consistent with international law. The U.S. baseline and associated maritime limits are reviewed and approved through the interagency U.S. Baseline Committee, which is chaired by the U.S. Department of State. The Committee serves the function of gaining interagency consensus on the proper location of the baseline using the provisions of the 1958 Convention on the Territorial Sea and the Contiguous Zone, to ensure that the seaward extent of U.S. maritime zones do not exceed the breadth that is permitted by international law. In 2002 and in response to mounting requests for digital maritime zones, NOAA launched a project to re-evaluate the U.S. baseline in partnership with other federal agencies via the U.S. Baseline Committee. The focus of the baseline evaluation was NOAA's largest scale, most recent edition nautical charts as well as supplemental source materials for verification of certain charted features. This dataset is a result of the 2002-present initiative and reflects a multi-year iterative project whereby the baseline and associated maritime limits were re-evaluated on a state or regional basis. In addition to the U.S. maritime limits, the U.S. maritime boundaries with opposite or adjacent countries as well as the US/Canada International Boundary (on land and through the Great Lakes) are also included in this dataset. Direct data download | Metadata NOAA OCS U.S. Maritime Limits & Boundaries",,National Oceanic and Atmospheric Administration,National Ocean Service,"['NOAA', 'NOS', 'OCS', 'Transportation Water', 'HIFLD', 'Feature Service', 'SDI', 'NSDI', 'Open Data', 'FGDC', 'Emergency Preparedness', 'Disaster Planning', 'Infrastructure']",https://www.datalumos.org/datalumos/project/240309/version/V1/view,2024-04-30,2025-04-08
.\us-coal-fields-1,us-coal-fields-1,US Coal Fields,"This dataset is a polygon shapefile representing the most recent
update of the coal fields of the conterminous United States. Scale of
data is 1:5,000,000. This publication is based on a USGS paper map
that was a representation of the coal fields and major regions of the
time (Trumbull, 1960). Trumbull's 1960 map was digitized and coal
fields from the Gulf Coast were added to create USGS OFR 96-92, Coal
Fields of the Conterminous United States (Tully, 1996). Tully's
(1996) publication consisted of a map in pdf format that could be
printed, and an ArcInfo coverage of the coal fields, attributed with
rank and potential economic use (minability) of the coal. This new
dataset includes a pdf showing updated coal fields and a shapefile
that contains attributes on coal rank (without regard to outdated
economic standards), province, name, and age. The data used to update
Tully's (1996) digital map was collected from the National Coal
Resource Assessment (NCRA) regional Professional Papers produced by
the USGS and from AAPG Discovery Series 14/Studies in Geology 62, all
of which were conducted by USGS geologists and professional staff. A
small number of field names were added and or updated in the western
states of Washington, Oregon, California, Utah, Colorado and New
Mexico using additional coal resource literature.The full study is available from USGS: https://doi.org/10.3133/ofr20121205",U.S. Geological Survey,US Geological Survey,,"['USGS', 'Mining', 'Coal Fields', 'HIFLD', 'Feature Service', 'SDI', 'NSDI', 'Open Data', 'FGDC', 'Emergency Preparedness', 'Disaster Planning', 'Infrastructure']",https://www.datalumos.org/datalumos/project/240310/version/V1/view,2024-02-12,2024-04-09
.\us-coast-guard-uscg-captain-of-the-port-zones,us-coast-guard-uscg-captain-of-the-port-zones,US Coast Guard (USCG) Captain of the Port Zones,"This is a polygonal dataset representing the U.S. Coast Guard Captain of the Port Zones throughout the United States. This data was developed by USCG - OSC Enterprise GIS based on Title 33, Code of Federal Regulations Part 3.",United States Coast Guard Operations Systems Center,US Coast Guard,,"['Upper Mississippi Cotp Zone', 'San Diego Cotp Zone', 'Pittsburgh Cotp Zone', 'Providence Cotp Zone', 'Philadelphia Cotp Zone', 'North Bend Cotp Zone', 'United States', 'Pacific Area', 'Cape Fear Cotp Zone', 'Mobile Cotp Zone', 'Charleston Cotp Zone', 'Prince William Sound Cotp Zone', 'Corpus Christi Cotp Zone', 'Wilmington Cotp Zone', 'Sault Ste. Marie Cotp Zone', 'Coast Guard Area', 'Captain of the Port', 'Lower Mississippi Cotp Zone', 'USCG', 'Southeast Alaska Cotp Zone', 'Lake Michigan Cotp Zone', 'Portland', 'Oregon Cotp Zone', 'Miami Cotp Zone', 'Honolulu Cotp Zone', 'Baltimore Cotp Zone', 'Duluth Cotp Zone', 'Atlantic Area', 'Houston-Galveston Cotp Zone', 'Tampa Cotp Zone', 'Guam Cotp Zone', 'Port Arthur Cotp Zone', 'Puget Sound Cotp Zone', 'Ohio Valley Cotp Zone', 'District Office', 'COTP', 'Jacksonville Cotp Zone', 'Savannah Cotp Zone', 'San Juan Cotp Zone', 'Long Island Sound Cotp Zone', 'Detroit Cotp Zone', 'Humboldt Bay Cotp Zone', 'Maine Cotp Zone', 'United States Coast Guard', 'Hampton Roads Cotp Zone', 'Los Angeles-Long Beach Cotp Zone', 'Western Alaska Cotp Zone', 'New Orleans Cotp Zone', 'San Francisco Cotp Zone', 'Boston Cotp Zone', 'Buffalo Cotp Zone', 'transportation', 'Key West Cotp Zone', 'New York Cotp Zone', 'Morgan City Cotp Zone', 'HIFLD Transportation Water', 'HIFLD', 'Feature Service', 'SDI', 'NSDI', 'Open Data', 'FGDC', 'Emergency Preparedness', 'Disaster Planning', 'Infrastructure']",https://www.datalumos.org/datalumos/project/240941/version/V1/view,2017-06-19,2022-01-15
.\us-coast-guard-uscg-maritime-dgps-locations,us-coast-guard-uscg-maritime-dgps-locations,US Coast Guard (USCG) Maritime Differential GPS (DGPS) Locations,"NAVCEN operates the Coast Guard Maritime Differential GPS (DGPS) Service and the developing Nationwide DGPS Service (NDGPS), consisting of two control centers and 86 remote broadcast sites. The Service broadcasts correction signals on marine radiobeacon frequencies to improve the accuracy and integrity to GPS-derived positions. The Coast Guard DGPS Service provides 10-meter accuracy in all established coverage areas. Typically, the position error of a DGPS position is 1 to 3 meters, greatly enhancing harbor entrance and approach navigation. The System provides service for coastal coverage of the continental U.S., the Great Lakes, Puerto Rico, portions of Alaska, Hawaii, and a large part of the Mississippi River Basin. Many foreign nations are implementing standard DGPS services modeled after the U.S. Coast Guard?s system to improve maritime safety in their critical waterways. The Coast Guard's maritime Differential Global Positioning Service achieved Full Operational Capability (FOC) on 15 March 1999 as announced in the DOT press release. The maritime DGPS service provides 10 meter (2 dRMS) navigation accuracy, integrity alarms for GPS and DGPS out-of-tolerance conditions within 10 seconds of detection, availability of 99.7% per month, coastal coverage to the continental United States, the Great Lakes, Puerto Rico/US Virgin Islands, and selected portions of Alaska and Hawaii. The achievement of FOC culminates a six-year effort to convert existing radiobeacon sites and construct new sites to transmit DGPS corrections. Several equipment upgrades were installed to improve system performance. During the procurement and installation phases of the system upgrades, the maritime DGPS service operated under Initial Operational Capability rules, where the signals provided accurate corrections with integrity to the maximum extent possible.",USCG,US Coast Guard,,"['Differential GPS', 'USCG', 'GPS', 'USCG Differential GPS', 'HIFLD Open', 'HIFLD', 'USGS', 'Feature Service', 'SDI', 'NSDI', 'Open Data', 'FGDC', 'Emergency Preparedness', 'Disaster Planning', 'Infrastructure']",https://www.datalumos.org/datalumos/project/240943/version/V1/view,2017-06-28,2025-06-05
.\us-county-boundaries-1,us-county-boundaries-1,US County Boundaries,"The primary legal divisions of most states are termed counties. In Louisiana, these divisions are known as parishes. In Alaska, which has no counties, the equivalent entities are the organized boroughs, city and boroughs, municipalities, and census areas; the latter of which are delineated cooperatively for statistical purposes by the State of Alaska and the Census Bureau. In four states (Maryland, Missouri, Nevada, and Virginia), there are one or more incorporated places that are independent of any county organization and thus constitute primary divisions of their states. These incorporated places are known as independent cities and are treated as equivalent entities for purposes of data presentation. The District of Columbia and Guam have no primary divisions, and each area is considered an equivalent entity for purposes of data presentation. All of the counties in Connecticut and Rhode Island and nine counties in Massachusetts were dissolved as functioning governmental entities; however, the Census Bureau continues to present data for these historical entities in order to provide comparable geographic units at the county level of the geographic hierarchy for these states and represents them as nonfunctioning legal entities in data products. The Census Bureau treats the following entities as equivalents of counties for purposes of data presentation: Municipios in Puerto Rico, Districts and Islands in American Samoa, Municipalities in the Commonwealth of the Northern Mariana Islands, and Islands in the U.S. Virgin Islands.Download: https://www2.census.gov/geo/tiger/TGRGDB24/tlgdb_2024_a_us_substategeo.gdb.zip Layer: CountyMetadata: https://meta.geo.census.gov/data/existing/decennial/GEO/GPMB/TIGERline/Current_19115/series_tl_2023_county.shp.iso.xml",,Census Bureau,,"['Puerto Rico', 'Independent Cities', 'Continental United States', 'United States', 'Parish', 'Boundaries', 'Polygon', 'Governmental Units and Administrative and Statistical Boundaries Theme', 'Nation', 'Hawaii', 'American Samoa', 'Borough', 'Guam', 'National Geospatial Data Asset', 'CONUS', 'U.S. Virgin Islands', 'Municipio', 'County', 'Alaska', 'NGDA', 'Northern Mariana Islands', 'U.S.', 'HIFLD', 'Feature Service', 'SDI', 'NSDI', 'Open Data', 'FGDC', 'Emergency Preparedness', 'Disaster Planning', 'Infrastructure']",https://www.datalumos.org/datalumos/project/240942/version/V1/view,2024-06-05,2025-04-08
.\us-courts-of-appeals-circuits,us-courts-of-appeals-circuits,US Courts of Appeals Circuits,"This data defines the jurisdiction of US Courts of Appeals Circuits. This data shows the jurisdiction of boundaries of the Courts of Appeal Circuits. Data source: Department Of Justice. Data and details are hosted by HIFLD as received from the data provider. For questions /feedback, please email hifld@hq.dhs.gov",,Department of Justice,,"['HIFLD open', 'Law Enforcement', 'US Court of Appeals Circuits', 'HIFLD Law Enforcement', 'HIFLD', 'Feature Service', 'SDI', 'NSDI', 'Open Data', 'FGDC', 'Emergency Preparedness', 'Disaster Planning', 'Infrastructure']",https://www.datalumos.org/datalumos/project/240727/version/V1/view,2021-10-22,2025-05-15
.\us-district-court-jurisdictions,us-district-court-jurisdictions,US District Court Jurisdictions,Created based upon information located on the US Department of Justice website (https://www.fjc.gov/history/courts/u.s.-district-courts-and-federaljudiciary) 2021.,,Department of Justice,,"['United States', 'US', 'law enforcement', 'federal district courts', 'jurisdictions', 'HIFLD', 'HIFLD Open', 'Feature Service', 'SDI', 'NSDI', 'Open Data', 'FGDC', 'Emergency Preparedness', 'Disaster Planning', 'Infrastructure']",https://www.datalumos.org/datalumos/project/240728/version/V1/view,2017-06-09,2024-09-16
.\us-fish-and-wildlife-service-corporate-master-table-cmt,us-fish-and-wildlife-service-corporate-master-table-cmt,US Fish and Wildlife Service Corporate Master Table (CMT),"The U.S. Fish and Wildlife Service Corporate Master Table (CMT) is the official source of Service organization codes and related information. Information in the CMT includes, but is not limited to, organization codes, organization names, Federal Budget Management System (FBMS), cost center codes, fire unit identifiers, program names, mailing and physical/shipping addresses, telephone and fax numbers as well as latitude and longitude coordinates.  The CMT enables all Service automated systems to utilize a corporate data set of known quality, eliminating the workload required to maintain each system's data set, and thereby facilitating data sharing. Other customers for the CMT are Service personnel who maintain directories, communicate with Congress and with the Public, maintain World Wide Web sites, etc. These spatial data were created using the information in the CMT. The CMT contains location information on all the offices within the Service that have an organization code. Unstaffed offices and some other facilities may not be included. The latitude and longitude points used are usually the location of the main administrative site. The latitude and longitude data is not completely verified but is the best we have at this time. This data set is intended to give an overview of where USFWS has stations across the United States and Territories, including locations outside the 50 states. It is not intended to be the exact location of every USFWS office. The CMT is primarily used for accounting purposes and therefore one location in the CMT can represent many different offices. Some points are duplicates where a station, most usually an Ecological Field Office, may be associated with more than one USFWS program. This data is updated from an internal authoritative source every night at 2:30am EST.For a direct link to the official Enterprise Geospatial dataset and metadata: https://ecos.fws.gov/ServCat/Reference/Profile/60076.Dataset contact: fwsgis@fws.gov",,US Fish and Wildlife Service,,"['CMT Locations', 'Business Administration', 'Government', 'FWS', 'HIFLD', 'Feature Service', 'SDI', 'NSDI', 'Open Data', 'FGDC', 'Emergency Preparedness', 'Disaster Planning', 'Infrastructure']",https://www.datalumos.org/datalumos/project/240729/version/V1/view,2024-10-15,2025-08-02
.\us-international-boundaries,us-international-boundaries,US International Boundaries,"The international boundary data featured in this shapefile consists of the boundary between the United States and Canada and the United States and Mexico. Each country's section is administered independently. The United States and Canada border data was provided by the International Boundary Commission, United States and Canada (IBC). The International Boundary and Water Commission (IBWC) provided the United States and Mexico section of the border data. Geospatial data files provided individually by the IBC and IBWC were used to re-align the Census Bureau's MAF/TIGER System data for the agency's representation of the international boundaries of United States with Canada and Mexico. The Census Bureau's MAF/TIGER System and the IBWC source file data for the portion of the United States and Mexico border featured a gap between Cameron County, Texas and the three-mile limit in the Gulf of Mexico. The National Oceanic and Atmospheric Administration Coast Survey Office's representation of the United States and Mexico boundary used to fill this gap.Download: https://www2.census.gov/geo/tiger/TIGER2023/INTERNATIONALBOUNDARY/tl_2023_us_internationalboundary.zipMetadata: https://meta.geo.census.gov/data/existing/decennial/GEO/GPMB/TIGERline/Current_19115/tl_2023_us_internationalboundary.shp.iso.xml","U.S. Department of Commerce, U.S. Census Bureau, Geography Division, Geospatial Products Branch",Census Bureau,,"['Nation', 'Polygon', 'US', 'Canada', 'International Boundary', 'Mexico', 'HIFLD', 'Feature Service', 'SDI', 'NSDI', 'Open Data', 'FGDC', 'Emergency Preparedness', 'Disaster Planning', 'Infrastructure']",https://www.datalumos.org/datalumos/project/240750/version/V1/view,2024-06-12,2024-06-12
.\us-landslide-regions,us-landslide-regions,US Landslide Regions,"Landslides are damaging and deadly, and they occur in every U.S. state. However, our current ability to understand landslide hazards at the national scale is limited, in part because spatial data on landslide occurrence across the U.S. varies greatly in quality, accessibility, and extent. Landslide inventories are typically collected and maintained by different agencies and institutions, usually within specific jurisdictional boundaries, and often with varied objectives and information attributes or even in disparate formats. The purpose of this data release is to provide an openly accessible, centralized map of existing information about landslide occurrence across the entire U.S. This data release is an update of previous versions 1 (Jones and others, 2019) and 2 (Belair and others, 2022). Changes relative to version 2 are summarized in us_ls_v3_changes.txt. It provides an integrated database of the landslides from these inventories (refer to US_Landslide_v3_gpkg) with a selection of uniform attributes, including links to the original digital inventory files (whenever available) (“Inv_URL”). The data release includes digital inventories created by both USGS and non-USGS authors. The original inventory is denoted by an abbreviation in the “Inventory” attribute. The full citation for each abbreviation can be found in us_ls_v3_references.csv. The date of the landslide event is included as a minimum and maximum (“Date_Min” and “Date_Max”) to accommodate events that happen within a range of dates. The date value is inherently difficult to interpret or discern due to the nature of landsliding, where some landslides move for long periods of time or move intermittently, and some areas can exhibit multiple landslide events. To preserve the constituent inventories as much as possible, we include all entries even if they are not considered landslides, such as “gullies” or “avalanche chutes.” We include a landslide type attribute when that information is available (“LS_Type”). The landslide classification system used in the original inventories is not always known or stated in the metadata, but many mapping entities use the schema from Cruden and Varnes (1996) or the updated schema from Hungr and others (2014). Given the wide range of landslide information sources in this data compilation, we provide an attribute to assess the relative confidence in the characterization of the location and extent of each landslide (entry) (“Confidence”). The confidence level reflects the resolution and quality of input data, as well as the method used for identification and mapping. This confidence does not reflect a formal accuracy assessment of field attributes. Relative to the previous data releases (version 1 and 2), this update (v3) includes more inventories, updated confidence rules, a new landslide type attribute, a new unique identifier (“USGS_ID”), new machine-readable date fields, and an ancillary database containing all fields from the original inventories (refer to US_Landslide_v3_ancillary). Please contact gs-haz_landslides_inventory@usgs.gov for more information on how to contribute additional inventories to this community effort. When possible, please cite the constituent inventories as well as this data release.This data release includes: (1) a landslide point file and polygon file in multiple forms (US_Landslide_v3_gpkg, US_Landslide_v3_shp, US_Landslide_v3_csv), (2) an ancillary database with original fields (US_Landslide_v3_ancillary), (3) a spreadsheet that summarizes the confidence rules, their justification, and any extra analyses (us_ls_v3_analyses.csv), (4) a summary file of the changes made between version 2 and version 3 (us_ls_v3_changes.txt), (5) a file containing the references of the constituent inventories (us_ls_v3_references.csv), (6) and a readme (README.txt).Disclaimer: Any use of trade, firm, or product names is for descriptive purposes only and does not imply endorsement by the U.S. Government.",USGS - Rocky Mountain Region,US Geological Survey,,"['geoscientificInformation', 'USGS', 'Geologic Hazards Science Center', 'GHSC', 'Landslide Hazard Program', 'landslide hazard', 'landslides', 'landslide', 'ground failure', 'geology', 'gis', 'USGS:671eef1fd34ed0f827ea9f12', 'United States', 'Puerto Rico', 'Current', 'HIFLD', 'Feature Service', 'SDI', 'NSDI', 'Open Data', 'FGDC', 'Emergency Preparedness', 'Disaster Planning', 'Infrastructure']",https://www.datalumos.org/datalumos/project/240751/version/V1/view,2024-05-15,2025-02-19
.\us-state-boundaries-1,us-state-boundaries-1,US State Boundaries,"States and Equivalent Entities are the primary governmental divisions of the United States. In addition to the 50 states, the Census Bureau treats the District of Columbia, Puerto Rico, American Samoa, the Commonwealth of the Northern Mariana Islands, Guam, and the U.S. Virgin Islands as the statistical equivalents of states for the purpose of data presentation.Download: https://www2.census.gov/geo/tiger/TGRGDB24/tlgdb_2024_a_us_nationgeo.gdb.zip Layer: StateMetadata: https://meta.geo.census.gov/data/existing/decennial/GEO/GPMB/TIGERline/Current_19115/series_tl_2023_state.shp.iso.xml",,U.S. Census Bureau,,"['state boundary', 'NGDA', 'Governmental Units and Administrative and Statistical Boundaries', 'National Geospatial Data Asset', 'HIFLD', 'Feature Service', 'SDI', 'NSDI', 'Open Data', 'FGDC', 'Emergency Preparedness', 'Disaster Planning', 'Infrastructure']",https://www.datalumos.org/datalumos/project/241047/version/V1/view,2024-06-05,2025-04-08
.\us-virgin-islands-estates,us-virgin-islands-estates,US Virgin Islands Estates,Estates are subdivisions of the three major islands in the U.S. Virgin Islands. They primarily represent areas of the former agricultural plantations that existed at the time Denmark transferred the islands to the United States in 1917. The names and boundaries of the estates are in common usage by residents and in government administration. Estates were first recognized as a geographic area for the 2010 Census and are considered their own type of geographic entity separate in the Census Bureau's geographic hierarchy. There are 335 estates.Download: https://www2.census.gov/geo/tiger/TIGER2023/ESTATE/tl_2023_78_estate.zipMetadata: https://meta.geo.census.gov/data/existing/decennial/GEO/GPMB/TIGERline/Current_19115/series_tl_2023_estate.shp.iso.xml,,U.S. Census Bureau,,"['HIFLD', 'Boundaries', 'County', 'Subdivision', 'Estate', 'County Subdivision', 'Subbarios', 'National Geospatial Data Asset', 'NGDA', 'Feature Service', 'SDI', 'NSDI', 'Open Data', 'FGDC', 'Emergency Preparedness', 'Disaster Planning', 'Infrastructure']",https://www.datalumos.org/datalumos/project/241048/version/V1/view,2024-08-28,2025-04-08
.\uscg-districts,uscg-districts,USCG Districts,"This layer is a polygonal dataset that represents land and maritime boundaries for each representative United States Coast Guard district, which includes district 1, 5, 7, 8, 9, 11, 13, 14 and 17.",United States Coast Guard Districts C5ISC Kearneysville,US Coast Guard,,"['USCG', 'Guam', 'United States and Territories', 'United States', 'Code of Federal Regulations', 'United States Coast Guard Districts', 'Captain of The Port Zones', 'Puerto Rico', 'Administrative', 'HIFLD', 'Feature Service', 'SDI', 'NSDI', 'Open Data', 'FGDC', 'Emergency Preparedness', 'Disaster Planning', 'Infrastructure']",https://www.datalumos.org/datalumos/project/241049/version/V1/view,2020-07-02,2023-11-15
.\uscg-sectors,uscg-sectors,USCG Sectors,"The Coast Guard Sectors are delineated in the description in the Title 33 Code of Federal Regulations (CFR) for each Sector Boundary and Area of Responsibility where latitude and longitude coordinates, as well as county/state/national boundaries are included to describe the boundaries for each zone. In addition, whenever the Area of Responsibility boundary is over water, the EEZ shapefile is referenced for those occurrences. This layer displays the Coast Guard Sector Boundaries for the following sectors: Anchorage, Boston, Buffalo, Charleston, Columbia River, Corpus Christi, Delaware Bay, Detroit, Guam, Honolulu, Houston - Galveston, Humboldt Bay, Jacksonville, Juneau, Key West, Lake Michigan, Long Island Sound, Los Angeles - Long Beach, Lower Mississippi, Maryland – NCR (National Capital Region), Miami, Mobile, New Orleans, New York, North Bend, North Carolina, Northern New England, Ohio Valley, Puget Sound, San Diego, San Francisco, San Juan, Sault Ste. Marie, Southeastern New England, St. Petersburg, Upper Mississippi, and Virginia.",United States Coast Guard C5ISC Kearneysville,US Coast Guard,,"['Coast Guard Sectors', 'Lower Mississippi River', 'Lake Michigan', 'North Carolina', 'Virginia', 'San Francisco', 'Honolulu', 'Upper Mississippi River', 'Juneau', 'Buffalo', 'San Diego', 'Portland', 'transportation', 'Anchorage', 'Houston-Galveston', 'Jacksonville', 'Long Island Sound', 'St. Petersburg', 'New Orleans', 'Ohio Valley', 'Charleston', 'Key West', 'Delaware Bay', 'Southeastern New England', 'Los Angeles-Long Beach', 'New York', 'United States', 'Northern New England', 'Boston', 'Miami', 'Corpus Christi', 'Sault Ste. Marie', 'Guam', 'Mobile', 'Seattle', 'CG Sectors', 'Detroit', 'Maryland – NCR (National Capital Region)', 'San Juan', 'Humboldt Bay', 'North Bend', 'HIFLD', 'Feature Service', 'SDI', 'NSDI', 'Open Data', 'FGDC', 'Emergency Preparedness', 'Disaster Planning', 'Infrastructure']",https://www.datalumos.org/datalumos/project/241050/version/V1/view,2020-07-02,2021-03-22
.\veterans-health-administration-medical-facilities,veterans-health-administration-medical-facilities,Veterans Health Administration Medical Facilities,"The Veterans Health Administration Medical Facilities dataset includes Veteran Affairs hospitals, Veteran Affairs Residential Rehabilitation Treatment Programs (RRTP), Veteran Affairs Nursing Home Care Units (NHCU), Veteran Affairs Outpatient Clinics (VAOC), Vet Centers, and Veteran Affairs Medical Centers (VAMC). It should not include planned and suspended (non-operational) sites and mobile clinics. These definitions were set by the Veterans Health Administration (VHA) Policy Board in December 1998 and are the basis for defining the category and the additional service types for each VHA service site. These definitions cover sites generally owned by the Department of Veterans Affairs (VA) with the exception of leased and contracted community-based outpatient clinics (CBOCs). 1. VA HOSPITAL: an institution (health care site) that is owned, staffed and operated by VA and whose primary function is to provide inpatient services. NOTE: Each geographically unique inpatient division of an integrated facility is counted as a separate hospital. 2. VA RESIDENTIAL REHABILITATION TREATMENT PROGRAM (RRTP): provides comprehensive health and social services in a VA facility for eligible veterans who are ambulatory and do not require the level of care provided in nursing homes. 3. VA NURSING HOME CARE UNITS (NHCU): provides care to individuals who are not in need of hospital care, but who require nursing care and related medical or psychosocial services in an institutional setting. VA NHCUs are facilities designed to care for patients who require a comprehensive care management system coordinated by an interdisciplinary team. Services provided include nursing, medical, rehabilitative, recreational, dietetic, psychosocial, pharmaceutical, radiological, laboratory, dental and spiritual. 4. VA OUTPATIENT CLINICS: a. Community-Based Outpatient Clinic (CBOC): a VA-operated, VA-funded, or VA-reimbursed health care facility or site geographically distinct or separate from a parent medical facility. This term encompasses all types of VA outpatient clinics, except hospital-based, independent and mobile clinics. Satellite, community-based, and outreach clinics have been redefined as CBOCs. Technically, CBOCs fall into four Categories, which are: > (i) VA-owned. A CBOC that is owned and staffed by VA. > (ii) Leased. A CBOC where the space is leased (contracted), but is staffed by VA. NOTE: This includes donated space staffed by VA. > (iii) Contracted. A CBOC where the space and the staff are not VA. This is typically a Healthcare Management Organization (HMO)-type provided where multiple sites can be associated with a single station identifier. > (iv) Not Operational. A CBOC which has been approved by Congress, but has not yet begun operating. b. Hospital-Based Outpatient Clinic: outpatient clinic functions located at a hospital. c. Independent Outpatient Clinic: a full-time, self-contained, freestanding, ambulatory care clinic that has no management, program, or fiscal relationship to a VA medical facility. Primary and specialty health care services are provided in an outpatient setting. 5. VET CENTER: Provides professional readjustment counseling, community education, outreach to special populations, brokering of services with community agencies, and access to links between the veteran and VA. 6. VA MEDICAL CENTER (VAMC): a medical center is a unique VA site of care providing two or more types of services that reside at a single physical site location. The services provided are the primary service as tracked in the VHA Site Tracking (VAST) (i.e., VA Hospital, Nursing Home, Domiciliary, independent outpatient clinic (IOC), hospital-based outpatient clinic (HBOC), and CBOC). The definition of VA medical center does not include the Vet Centers as an identifying service. This dataset is based upon GFI data received from the National Geospatial-Intelligence Agency (NGA). At the request of NGA, text fields in this dataset have been set to all upper case to facilitate consistent database engine search results. At the request of NGA, all diacritics (e.g., the German umlaut or the Spanish tilde) have been replaced with their closest equivalent English character to facilitate use with database systems that may not support diacritics. The currentness of this dataset is indicated by the [CONTDATE] attribute. Based upon this attribute, the oldest record dates from 09/21/2007 and the newest record dates from 10/15/2007.","TechniGraphics, Inc.",Department of Veterans Affairs,,"[""Veterans' hospitals"", ""Veterans' hospitals United States"", 'Veterans Medical care', 'Veterans Dental care', 'Health', 'HIFLD', 'Feature Service', 'SDI', 'NSDI', 'Open Data', 'FGDC', 'Emergency Preparedness', 'Disaster Planning', 'Infrastructure']",https://www.datalumos.org/datalumos/project/240689/version/V2/view,2017-06-13,2020-10-01
.\voting-districts,voting-districts,Voting Districts,"Voting Districts (VTDs) refer to the generic name for geographic entities such as precincts, wards, and election districts established by state governments for the purpose of conducting elections. States participating in the 2010 Census Redistricting Data Program provided the Census Bureau with boundaries, codes, and names for their VTDs. Each VTD is identified by a one-to six-character alphanumeric census code that is unique within county. The code ""ZZZZZZ"" identifies a portion of counties (usually bodies of water) for which no VTDs were identified. For 2010 Census, only Kentucky and Rhode Island did not participate in Phase 2 (the Voting District Project) of the 2010 Census Redistricting Data Program and no VTDs exist in these states for 2010 Census data products. In two other states - Montana and Oregon - not all counties have voting districts defined. Participating states often submitted VTDs conforming to the feature network in the MAF/TIGER database rather than the complete legal boundary of the VTD. If requested by the participating state, the Census Bureau identified the VTDs that represent an actual voting district with an ""A"" in the voting district indicator field. Where a participating state indicated that the VTD has been modified to follow existing features, the VTD is a pseudo-VTD, and the voting district indicator contains ""P."" Where a participating state did not indicate to the Census Bureau whether the VTD followed the actual boundaries of the VTD or is a pseudo-VTD, the field is blank. VTD delineation was not offered to the Island Areas.Download: https://www2.census.gov/geo/tiger/TIGER2020PL/LAYER/VTD/2020/Metadata: https://meta.geo.census.gov/data/existing/decennial/GEO/GPMB/TIGERline/Current_19115/series_tl_2020_vtd20.shp.iso.xml",,Census Bureau,,"['HIFLD', 'Boundaries', '115th', 'Congressional Districts', 'National Geospatial Data Asset', 'NGDA', 'Feature Service', 'SDI', 'NSDI', 'Open Data', 'FGDC', 'Emergency Preparedness', 'Disaster Planning', 'Infrastructure']",https://www.datalumos.org/datalumos/project/240690/version/V3/view,2024-06-05,2025-04-08
.\wbd\10-digit-hu-watershed,10-digit-hu-watershed,10-digit HU (Watershed),"The Watershed Boundary Dataset (WBD) is a comprehensive aggregated collection of hydrologic unit data consistent with the national criteria for delineation and resolution. It defines the areal extent of surface water drainage to a point except in coastal or lake front areas where there could be multiple outlets as stated by the ""Federal Standards and Procedures for the National Watershed Boundary Dataset (WBD)"" (https://pubs.usgs.gov/tm/11/a3/). Watershed boundaries are determined solely upon science-based hydrologic principles, not favoring any administrative boundaries or special projects, nor particular program or agency. This dataset represents the hydrologic unit boundaries to the 12-digit for the entire United States. Some areas may also include additional subdivisions representing the 14- and 16-digit hydrologic unit (HU). At a minimum, the HUs are delineated at 1:24,000-scale in the conterminous United States, 1:25,000-scale in Hawaii, Pacific basin and the Caribbean, and 1:63,360-scale in Alaska, meeting the National Map Accuracy Standards (NMAS). Higher resolution boundaries were developed where partners and data existed and were incorporated back into the WBD. WBD data are delivered as a dataset of polygons and corresponding lines that define the boundary of the polygon. WBD polygon attributes include hydrologic unit codes (HUC), size (in the form of acres and square kilometers), name, downstream hydrologic unit code, type of watershed, non-contributing areas, and flow modifications. The HUC describes where the unit is in the country and the level of the unit. WBD line attributes contain the highest level of hydrologic unit for each boundary, line source information and flow modifications. For additional information on NHD, go to https://www.usgs.gov/national-hydrography.","U.S. Geological Survey, National Geospatial Technical Operations Center",US Geological Survey,,"['inlandWaters', 'Watershed Boundary Dataset', 'WBD', 'Hydrologic Units', 'Hydrologic Unit Code', 'HUC', 'Region', 'Sub-region', 'Basin', 'Sub-basin', 'Watershed', 'Subwatershed', '2-digit', '4-digit', '6-digit', '8-digit', '10-digit', '12-digit', '14-digit', '16-digit', 'National Watershed Boundary Dataset (WBD)', 'National', 'Esri File GeoDatabase 10', 'United States', 'US', 'HIFLD', 'Feature Service', 'SDI', 'NSDI', 'Open Data', 'FGDC', 'Emergency Preparedness', 'Disaster Planning', 'Infrastructure']",https://www.datalumos.org/datalumos/project/240691/version/V2/view,2020-04-28,2025-07-03
.\wbd\12-digit-hu-subwatershed,12-digit-hu-subwatershed,12-digit HU (Subwatershed),"The Watershed Boundary Dataset (WBD) is a comprehensive aggregated collection of hydrologic unit data consistent with the national criteria for delineation and resolution. It defines the areal extent of surface water drainage to a point except in coastal or lake front areas where there could be multiple outlets as stated by the ""Federal Standards and Procedures for the National Watershed Boundary Dataset (WBD)"" (https://pubs.usgs.gov/tm/11/a3/). Watershed boundaries are determined solely upon science-based hydrologic principles, not favoring any administrative boundaries or special projects, nor particular program or agency. This dataset represents the hydrologic unit boundaries to the 12-digit for the entire United States. Some areas may also include additional subdivisions representing the 14- and 16-digit hydrologic unit (HU). At a minimum, the HUs are delineated at 1:24,000-scale in the conterminous United States, 1:25,000-scale in Hawaii, Pacific basin and the Caribbean, and 1:63,360-scale in Alaska, meeting the National Map Accuracy Standards (NMAS). Higher resolution boundaries were developed where partners and data existed and were incorporated back into the WBD. WBD data are delivered as a dataset of polygons and corresponding lines that define the boundary of the polygon. WBD polygon attributes include hydrologic unit codes (HUC), size (in the form of acres and square kilometers), name, downstream hydrologic unit code, type of watershed, non-contributing areas, and flow modifications. The HUC describes where the unit is in the country and the level of the unit. WBD line attributes contain the highest level of hydrologic unit for each boundary, line source information and flow modifications. For additional information on NHD, go to https://www.usgs.gov/national-hydrography.","U.S. Geological Survey, National Geospatial Technical Operations Center",US Geological Survey,,"['inlandWaters', 'Watershed Boundary Dataset', 'WBD', 'Hydrologic Units', 'Hydrologic Unit Code', 'HUC', 'Region', 'Sub-region', 'Basin', 'Sub-basin', 'Watershed', 'Subwatershed', '2-digit', '4-digit', '6-digit', '8-digit', '10-digit', '12-digit', '14-digit', '16-digit', 'National Watershed Boundary Dataset (WBD)', 'National', 'Esri File GeoDatabase 10', 'United States', 'US', 'HIFLD', 'Feature Service', 'SDI', 'NSDI', 'Open Data', 'FGDC', 'Emergency Preparedness', 'Disaster Planning', 'Infrastructure']",https://www.datalumos.org/datalumos/project/240693/version/V3/view,2020-04-28,2025-07-03
.\wbd\14-digit-hu,14-digit-hu,14-digit HU,"The Watershed Boundary Dataset (WBD) is a comprehensive aggregated collection of hydrologic unit data consistent with the national criteria for delineation and resolution. It defines the areal extent of surface water drainage to a point except in coastal or lake front areas where there could be multiple outlets as stated by the ""Federal Standards and Procedures for the National Watershed Boundary Dataset (WBD)"" (https://pubs.usgs.gov/tm/11/a3/). Watershed boundaries are determined solely upon science-based hydrologic principles, not favoring any administrative boundaries or special projects, nor particular program or agency. This dataset represents the hydrologic unit boundaries to the 12-digit for the entire United States. Some areas may also include additional subdivisions representing the 14- and 16-digit hydrologic unit (HU). At a minimum, the HUs are delineated at 1:24,000-scale in the conterminous United States, 1:25,000-scale in Hawaii, Pacific basin and the Caribbean, and 1:63,360-scale in Alaska, meeting the National Map Accuracy Standards (NMAS). Higher resolution boundaries were developed where partners and data existed and were incorporated back into the WBD. WBD data are delivered as a dataset of polygons and corresponding lines that define the boundary of the polygon. WBD polygon attributes include hydrologic unit codes (HUC), size (in the form of acres and square kilometers), name, downstream hydrologic unit code, type of watershed, non-contributing areas, and flow modifications. The HUC describes where the unit is in the country and the level of the unit. WBD line attributes contain the highest level of hydrologic unit for each boundary, line source information and flow modifications. For additional information on NHD, go to https://www.usgs.gov/national-hydrography.","U.S. Geological Survey, National Geospatial Technical Operations Center",US Geological Survey,,"['inlandWaters', 'Watershed Boundary Dataset', 'WBD', 'Hydrologic Units', 'Hydrologic Unit Code', 'HUC', 'Region', 'Sub-region', 'Basin', 'Sub-basin', 'Watershed', 'Subwatershed', '2-digit', '4-digit', '6-digit', '8-digit', '10-digit', '12-digit', '14-digit', '16-digit', 'National Watershed Boundary Dataset (WBD)', 'National', 'Esri File GeoDatabase 10', 'United States', 'US', 'HIFLD', 'Feature Service', 'SDI', 'NSDI', 'Open Data', 'FGDC', 'Emergency Preparedness', 'Disaster Planning', 'Infrastructure']",https://www.datalumos.org/datalumos/project/240695/version/V2/view,2020-04-28,2025-07-03
.\wbd\16-digit-hu,16-digit-hu,16-digit HU,"The Watershed Boundary Dataset (WBD) is a comprehensive aggregated collection of hydrologic unit data consistent with the national criteria for delineation and resolution. It defines the areal extent of surface water drainage to a point except in coastal or lake front areas where there could be multiple outlets as stated by the ""Federal Standards and Procedures for the National Watershed Boundary Dataset (WBD)"" (https://pubs.usgs.gov/tm/11/a3/). Watershed boundaries are determined solely upon science-based hydrologic principles, not favoring any administrative boundaries or special projects, nor particular program or agency. This dataset represents the hydrologic unit boundaries to the 12-digit for the entire United States. Some areas may also include additional subdivisions representing the 14- and 16-digit hydrologic unit (HU). At a minimum, the HUs are delineated at 1:24,000-scale in the conterminous United States, 1:25,000-scale in Hawaii, Pacific basin and the Caribbean, and 1:63,360-scale in Alaska, meeting the National Map Accuracy Standards (NMAS). Higher resolution boundaries were developed where partners and data existed and were incorporated back into the WBD. WBD data are delivered as a dataset of polygons and corresponding lines that define the boundary of the polygon. WBD polygon attributes include hydrologic unit codes (HUC), size (in the form of acres and square kilometers), name, downstream hydrologic unit code, type of watershed, non-contributing areas, and flow modifications. The HUC describes where the unit is in the country and the level of the unit. WBD line attributes contain the highest level of hydrologic unit for each boundary, line source information and flow modifications. For additional information on NHD, go to https://www.usgs.gov/national-hydrography.","U.S. Geological Survey, National Geospatial Technical Operations Center",US Geological Survey,,"['inlandWaters', 'Watershed Boundary Dataset', 'WBD', 'Hydrologic Units', 'Hydrologic Unit Code', 'HUC', 'Region', 'Sub-region', 'Basin', 'Sub-basin', 'Watershed', 'Subwatershed', '2-digit', '4-digit', '6-digit', '8-digit', '10-digit', '12-digit', '14-digit', '16-digit', 'National Watershed Boundary Dataset (WBD)', 'National', 'Esri File GeoDatabase 10', 'United States', 'US', 'HIFLD', 'Feature Service', 'SDI', 'NSDI', 'Open Data', 'FGDC', 'Emergency Preparedness', 'Disaster Planning', 'Infrastructure']",https://www.datalumos.org/datalumos/project/240696/version/V1/view,2020-04-28,2025-07-03
.\wbd\2-digit-hu-region,2-digit-hu-region,2-digit HU (Region),"The Watershed Boundary Dataset (WBD) is a comprehensive aggregated collection of hydrologic unit data consistent with the national criteria for delineation and resolution. It defines the areal extent of surface water drainage to a point except in coastal or lake front areas where there could be multiple outlets as stated by the ""Federal Standards and Procedures for the National Watershed Boundary Dataset (WBD)"" (https://pubs.usgs.gov/tm/11/a3/). Watershed boundaries are determined solely upon science-based hydrologic principles, not favoring any administrative boundaries or special projects, nor particular program or agency. This dataset represents the hydrologic unit boundaries to the 12-digit for the entire United States. Some areas may also include additional subdivisions representing the 14- and 16-digit hydrologic unit (HU). At a minimum, the HUs are delineated at 1:24,000-scale in the conterminous United States, 1:25,000-scale in Hawaii, Pacific basin and the Caribbean, and 1:63,360-scale in Alaska, meeting the National Map Accuracy Standards (NMAS). Higher resolution boundaries were developed where partners and data existed and were incorporated back into the WBD. WBD data are delivered as a dataset of polygons and corresponding lines that define the boundary of the polygon. WBD polygon attributes include hydrologic unit codes (HUC), size (in the form of acres and square kilometers), name, downstream hydrologic unit code, type of watershed, non-contributing areas, and flow modifications. The HUC describes where the unit is in the country and the level of the unit. WBD line attributes contain the highest level of hydrologic unit for each boundary, line source information and flow modifications. For additional information on NHD, go to https://www.usgs.gov/national-hydrography.","U.S. Geological Survey, National Geospatial Technical Operations Center",US Geological Survey,,"['inlandWaters', 'Watershed Boundary Dataset', 'WBD', 'Hydrologic Units', 'Hydrologic Unit Code', 'HUC', 'Region', 'Sub-region', 'Basin', 'Sub-basin', 'Watershed', 'Subwatershed', '2-digit', '4-digit', '6-digit', '8-digit', '10-digit', '12-digit', '14-digit', '16-digit', 'National Watershed Boundary Dataset (WBD)', 'National', 'Esri File GeoDatabase 10', 'United States', 'US', 'HIFLD', 'Feature Service', 'SDI', 'NSDI', 'Open Data', 'FGDC', 'Emergency Preparedness', 'Disaster Planning', 'Infrastructure']",https://www.datalumos.org/datalumos/project/240697/version/V2/view,2020-04-28,2025-07-03
.\wbd\4-digit-hu-subregion,4-digit-hu-subregion,4-digit HU (Subregion),"The Watershed Boundary Dataset (WBD) is a comprehensive aggregated collection of hydrologic unit data consistent with the national criteria for delineation and resolution. It defines the areal extent of surface water drainage to a point except in coastal or lake front areas where there could be multiple outlets as stated by the ""Federal Standards and Procedures for the National Watershed Boundary Dataset (WBD)"" (https://pubs.usgs.gov/tm/11/a3/). Watershed boundaries are determined solely upon science-based hydrologic principles, not favoring any administrative boundaries or special projects, nor particular program or agency. This dataset represents the hydrologic unit boundaries to the 12-digit for the entire United States. Some areas may also include additional subdivisions representing the 14- and 16-digit hydrologic unit (HU). At a minimum, the HUs are delineated at 1:24,000-scale in the conterminous United States, 1:25,000-scale in Hawaii, Pacific basin and the Caribbean, and 1:63,360-scale in Alaska, meeting the National Map Accuracy Standards (NMAS). Higher resolution boundaries were developed where partners and data existed and were incorporated back into the WBD. WBD data are delivered as a dataset of polygons and corresponding lines that define the boundary of the polygon. WBD polygon attributes include hydrologic unit codes (HUC), size (in the form of acres and square kilometers), name, downstream hydrologic unit code, type of watershed, non-contributing areas, and flow modifications. The HUC describes where the unit is in the country and the level of the unit. WBD line attributes contain the highest level of hydrologic unit for each boundary, line source information and flow modifications. For additional information on NHD, go to https://www.usgs.gov/national-hydrography.","U.S. Geological Survey, National Geospatial Technical Operations Center",US Geological Survey,,"['inlandWaters', 'Watershed Boundary Dataset', 'WBD', 'Hydrologic Units', 'Hydrologic Unit Code', 'HUC', 'Region', 'Sub-region', 'Basin', 'Sub-basin', 'Watershed', 'Subwatershed', '2-digit', '4-digit', '6-digit', '8-digit', '10-digit', '12-digit', '14-digit', '16-digit', 'National Watershed Boundary Dataset (WBD)', 'National', 'Esri File GeoDatabase 10', 'United States', 'US', 'HIFLD', 'Feature Service', 'SDI', 'NSDI', 'Open Data', 'FGDC', 'Emergency Preparedness', 'Disaster Planning', 'Infrastructure']",https://www.datalumos.org/datalumos/project/240698/version/V2/view,2020-04-28,2025-07-03
.\wbd\6-digit-hu-basin,6-digit-hu-basin,6-digit HU (Basin),"The Watershed Boundary Dataset (WBD) is a comprehensive aggregated collection of hydrologic unit data consistent with the national criteria for delineation and resolution. It defines the areal extent of surface water drainage to a point except in coastal or lake front areas where there could be multiple outlets as stated by the ""Federal Standards and Procedures for the National Watershed Boundary Dataset (WBD)"" (https://pubs.usgs.gov/tm/11/a3/). Watershed boundaries are determined solely upon science-based hydrologic principles, not favoring any administrative boundaries or special projects, nor particular program or agency. This dataset represents the hydrologic unit boundaries to the 12-digit for the entire United States. Some areas may also include additional subdivisions representing the 14- and 16-digit hydrologic unit (HU). At a minimum, the HUs are delineated at 1:24,000-scale in the conterminous United States, 1:25,000-scale in Hawaii, Pacific basin and the Caribbean, and 1:63,360-scale in Alaska, meeting the National Map Accuracy Standards (NMAS). Higher resolution boundaries were developed where partners and data existed and were incorporated back into the WBD. WBD data are delivered as a dataset of polygons and corresponding lines that define the boundary of the polygon. WBD polygon attributes include hydrologic unit codes (HUC), size (in the form of acres and square kilometers), name, downstream hydrologic unit code, type of watershed, non-contributing areas, and flow modifications. The HUC describes where the unit is in the country and the level of the unit. WBD line attributes contain the highest level of hydrologic unit for each boundary, line source information and flow modifications. For additional information on NHD, go to https://www.usgs.gov/national-hydrography.","U.S. Geological Survey, National Geospatial Technical Operations Center",US Geological Survey,,"['inlandWaters', 'Watershed Boundary Dataset', 'WBD', 'Hydrologic Units', 'Hydrologic Unit Code', 'HUC', 'Region', 'Sub-region', 'Basin', 'Sub-basin', 'Watershed', 'Subwatershed', '2-digit', '4-digit', '6-digit', '8-digit', '10-digit', '12-digit', '14-digit', '16-digit', 'National Watershed Boundary Dataset (WBD)', 'National', 'Esri File GeoDatabase 10', 'United States', 'US', 'HIFLD', 'Feature Service', 'SDI', 'NSDI', 'Open Data', 'FGDC', 'Emergency Preparedness', 'Disaster Planning', 'Infrastructure']",https://www.datalumos.org/datalumos/project/240699/version/V1/view,2020-04-28,2025-07-03
.\wbd\8-digit-hu-subbasin,8-digit-hu-subbasin,8-digit HU (Subbasin),"The Watershed Boundary Dataset (WBD) is a comprehensive aggregated collection of hydrologic unit data consistent with the national criteria for delineation and resolution. It defines the areal extent of surface water drainage to a point except in coastal or lake front areas where there could be multiple outlets as stated by the ""Federal Standards and Procedures for the National Watershed Boundary Dataset (WBD)"" (https://pubs.usgs.gov/tm/11/a3/). Watershed boundaries are determined solely upon science-based hydrologic principles, not favoring any administrative boundaries or special projects, nor particular program or agency. This dataset represents the hydrologic unit boundaries to the 12-digit for the entire United States. Some areas may also include additional subdivisions representing the 14- and 16-digit hydrologic unit (HU). At a minimum, the HUs are delineated at 1:24,000-scale in the conterminous United States, 1:25,000-scale in Hawaii, Pacific basin and the Caribbean, and 1:63,360-scale in Alaska, meeting the National Map Accuracy Standards (NMAS). Higher resolution boundaries were developed where partners and data existed and were incorporated back into the WBD. WBD data are delivered as a dataset of polygons and corresponding lines that define the boundary of the polygon. WBD polygon attributes include hydrologic unit codes (HUC), size (in the form of acres and square kilometers), name, downstream hydrologic unit code, type of watershed, non-contributing areas, and flow modifications. The HUC describes where the unit is in the country and the level of the unit. WBD line attributes contain the highest level of hydrologic unit for each boundary, line source information and flow modifications. For additional information on NHD, go to https://www.usgs.gov/national-hydrography.","U.S. Geological Survey, National Geospatial Technical Operations Center",US Geological Survey,,"['inlandWaters', 'Watershed Boundary Dataset', 'WBD', 'Hydrologic Units', 'Hydrologic Unit Code', 'HUC', 'Region', 'Sub-region', 'Basin', 'Sub-basin', 'Watershed', 'Subwatershed', '2-digit', '4-digit', '6-digit', '8-digit', '10-digit', '12-digit', '14-digit', '16-digit', 'National Watershed Boundary Dataset (WBD)', 'National', 'Esri File GeoDatabase 10', 'United States', 'US', 'HIFLD', 'Feature Service', 'SDI', 'NSDI', 'Open Data', 'FGDC', 'Emergency Preparedness', 'Disaster Planning', 'Infrastructure']",https://www.datalumos.org/datalumos/project/240701/version/V1/view,2020-04-28,2025-07-03
.\wbd\wbdline,wbdline,WBDLine,"The Watershed Boundary Dataset (WBD) is a comprehensive aggregated collection of hydrologic unit data consistent with the national criteria for delineation and resolution. It defines the areal extent of surface water drainage to a point except in coastal or lake front areas where there could be multiple outlets as stated by the ""Federal Standards and Procedures for the National Watershed Boundary Dataset (WBD)"" (https://pubs.usgs.gov/tm/11/a3/). Watershed boundaries are determined solely upon science-based hydrologic principles, not favoring any administrative boundaries or special projects, nor particular program or agency. This dataset represents the hydrologic unit boundaries to the 12-digit for the entire United States. Some areas may also include additional subdivisions representing the 14- and 16-digit hydrologic unit (HU). At a minimum, the HUs are delineated at 1:24,000-scale in the conterminous United States, 1:25,000-scale in Hawaii, Pacific basin and the Caribbean, and 1:63,360-scale in Alaska, meeting the National Map Accuracy Standards (NMAS). Higher resolution boundaries were developed where partners and data existed and were incorporated back into the WBD. WBD data are delivered as a dataset of polygons and corresponding lines that define the boundary of the polygon. WBD polygon attributes include hydrologic unit codes (HUC), size (in the form of acres and square kilometers), name, downstream hydrologic unit code, type of watershed, non-contributing areas, and flow modifications. The HUC describes where the unit is in the country and the level of the unit. WBD line attributes contain the highest level of hydrologic unit for each boundary, line source information and flow modifications. For additional information on NHD, go to https://www.usgs.gov/national-hydrography.","U.S. Geological Survey, National Geospatial Technical Operations Center",US Geological Survey,,"['inlandWaters', 'Watershed Boundary Dataset', 'WBD', 'Hydrologic Units', 'Hydrologic Unit Code', 'HUC', 'Region', 'Sub-region', 'Basin', 'Sub-basin', 'Watershed', 'Subwatershed', '2-digit', '4-digit', '6-digit', '8-digit', '10-digit', '12-digit', '14-digit', '16-digit', 'National Watershed Boundary Dataset (WBD)', 'National', 'Esri File GeoDatabase 10', 'United States', 'US', 'HIFLD', 'Feature Service', 'SDI', 'NSDI', 'Open Data', 'FGDC', 'Emergency Preparedness', 'Disaster Planning', 'Infrastructure']",https://www.datalumos.org/datalumos/project/240700/version/V1/view,2020-04-28,2025-07-03
.\wfigs-interagency-fire-perimeters,wfigs-interagency-fire-perimeters,WFIGS Interagency Fire Perimeters,"This data set is part of an ongoing project to consolidate interagency fire perimeter data. Currently only certified perimeters and new perimeters captured starting in 2021 are included.A process for loading additional perimeters is being evaluated.The Wildland Fire Interagency Geospatial Services (WFIGS) Group provides authoritative geospatial data products under the interagency Wildland Fire Data Program. Hosted in the National Interagency Fire Center ArcGIS Online Organization (The NIFC Org), WFIGS provides both internal and public facing data, accessible in a variety of formats.This service includes perimeters for wildland fireincidents that meet the following criteria:Categorized in the IRWIN (Integrated Reporting of Wildland Fire Information) integration service as a Wildfire (WF) or Prescribed Fire (RX)Is Valid and not ""quarantined"" in IRWIN due to potential conflicts with other recordsAttribution of the source polygon is set to a Feature Access ofPublic, a Feature Status ofApproved, and an Is Visible setting ofYesPerimeters are not available for every incident. This data set is an ongoing project with the end goal of providing a national interagency fire history feature service of best-available perimeters.No ""fall-off"" rules are applied to this service.The date range for this service will extend from present day back indefinitely. Data prior to 2021 will be incomplete and incorporated as an ongoing project.Criteria were determined by an NWCG Geospatial Subcommittee task group.Data are refreshed every 5 minutes. Changes in the perimeter source may take up to 15 minutes to display.Perimeters are pulled from multiple sources with rules in place to ensure the most current or most authoritative shape is used.Warning:Please refrain from repeatedly querying the service using a relative date range.This includes using the “(not) in the last” operators in a Web Map filterand any reference to CURRENT_TIMESTAMP. This type of query puts undue load on the service and may render it temporarily unavailable.Attributes and their definitions can be found below. More detail about the NWCG Wildland Fire Event Polygon standard can be found here.",,National Wildfire Coordinating Group,,"['WFIGS', 'Perimeters', 'DOI', 'IRWIN', 'USDA', 'BIA', 'BLM', 'USFA', 'NWCG', 'Wildland Fire', 'Wildfire', 'HIFLD', 'Feature Service', 'SDI', 'NSDI', 'Open Data', 'FGDC', 'Emergency Preparedness', 'Disaster Planning', 'Infrastructure']",https://www.datalumos.org/datalumos/project/241128/version/V2/view,2024-04-23,2025-08-12
.\wreck-areas-usace-ienc,wreck-areas-usace-ienc,Wreck Areas (USACE IENC),"The USACE IENCs coverage area consists of 7,260 miles across 21 rivers primarily located in the Central United States. IENCs apply to inland waterways that are maintained for navigation by USACE for shallow-draft vessels (e.g., maintained at a depth of 9-14 feet, dependent upon the waterway project authorization). Generally, IENCs are produced for those commercially navigable waterways which the National Oceanic and Atmospheric Administration (NOAA) does not produce Electronic Navigational Charts (ENCs). However, Special Purpose IENCs may be produced in agreement with NOAA.  IENC POC: IENC_POC@usace.army.mil",,US Army Corps of Engineers,,"['USCG', 'USACE', 'IENC', 'HIFLD', 'Transportation - Water', 'Feature Service', 'SDI', 'NSDI', 'Open Data', 'FGDC', 'Emergency Preparedness', 'Disaster Planning', 'Infrastructure']",https://www.datalumos.org/datalumos/project/241129/version/V2/view,2019-06-14,2025-04-08
.\wrecks-and-obstructions-1,wrecks-and-obstructions-1,Wrecks and Obstructions,"Shipwrecks and obstructions in the ocean have long been a hazard to navigation and construction, and points of interest to archaeologists, recreational divers, fishermen, educators, and explorers. Locating hazardous wrecks and obstructions is part of the ongoing NOAA charting process. The exact position of many wrecks is difficult to determine because of changes in the environment, varied survey methods, and human error. Some wrecks are intentionally placed in the ocean to serve as artificial reefs or for disposal. Others pose a health and environmental threat from their cargo. Ownership and control over wrecks and obstructions is governed by a collection of state and federal regulations, the Abandoned Shipwreck Act, National Historic Preservation Act, and National Marine Sanctuaries Act.

These data are a synthesis of two sources—the NOAA Office of Coast Survey’s 2016 Automated Wreck and Obstruction Information System (AWOIS), and NOAA Electronic Navigational Charts (ENC). Not included were those records that were clearly identified as natural features such as rocks, shoals, and trees. Features are recorded as either a wreck, wreck area, obstruction, or unknown.Direct data download | MetadataThis item is curated by the MarineCadastre.gov team. Find more information at marinecadastre.gov.",,National Oceanic and Atmospheric Administration,,"['NOAA', 'Transportation Water', 'HIFLD', 'Feature Service', 'SDI', 'NSDI', 'Open Data', 'FGDC', 'Emergency Preparedness', 'Disaster Planning', 'Infrastructure']",https://www.datalumos.org/datalumos/project/241132/version/V1/view,2024-04-23,2025-04-08
.\wrecks-usace-ienc,wrecks-usace-ienc,Wrecks (USACE IENC),"The USACE IENCs coverage area consists of 7,260 miles across 21 rivers primarily located in the Central United States. IENCs apply to inland waterways that are maintained for navigation by USACE for shallow-draft vessels (e.g., maintained at a depth of 9-14 feet, dependent upon the waterway project authorization). Generally, IENCs are produced for those commercially navigable waterways which the National Oceanic and Atmospheric Administration (NOAA) does not produce Electronic Navigational Charts (ENCs). However, Special Purpose IENCs may be produced in agreement with NOAA.",,US Army Corps of Engineers,,"['Inland Electronic Navigational Charts', 'Wrecks', 'USACE', 'IENC', 'HIFLD', 'Feature Service', 'SDI', 'NSDI', 'Open Data', 'FGDC', 'Emergency Preparedness', 'Disaster Planning', 'Infrastructure']",https://www.datalumos.org/datalumos/project/241131/version/V1/view,2018-02-21,2025-04-08
.\119th-congressional-districts,119th-congressional-districts,119th Congressional Districts,"Congressional districts are the 444 areas from which people are elected to the U.S. House of Representatives. After the apportionment of congressional seats among the states based on census population counts, each state is responsible for establishing congressional districts for the purpose of electing representatives. Each congressional district is to be as equal in population to all other congressional districts in a state as practicable.The 119th Congress is seated from January 2023 through December 2024. In Connecticut, Illinois, and New Hampshire, the Redistricting Data Program (RDP) participant did not define the congressional districts to cover all of the state or state equivalent area. In these areas with no congressional districts defined, the code ""ZZ"" has been assigned, which is treated as a single congressional district for purposes of data presentation. The TIGER/Line data for the District of Columbia, Puerto Rico, and the Island Areas (American Samoa, Guam, the Commonwealth of the Northern Mariana Islands, and the U.S. Virgin Islands) each contain a single record for the non-voting delegate district in these areas. The boundaries of all other congressional districts reflect information provided to the Census Bureau by the states by August 31, 2022.Download: https://www2.census.gov/geo/tiger/TGRGDB24/tlgdb_2024_a_us_legislative.gdb.zip Layer: Congressional_DistrictsMetadata: https://meta.geo.census.gov/data/existing/decennial/GEO/GPMB/TIGERline/Current_19115/series_tl_2023_cd118.shp.iso.xml",,Census Bureau,,"['HIFLD', 'Boundaries', '115th', 'Congressional Districts', 'National Geospatial Data Asset', 'NGDA', 'Feature Service', 'SDI', 'NSDI', 'Open Data', 'FGDC', 'Emergency Preparedness', 'Disaster Planning', 'Infrastructure']",https://www.datalumos.org/datalumos/project/240786/version/V1/view,2024-06-05,2025-05-29
.\bridge-areas-usace-ienc,bridge-areas-usace-ienc,Bridge Areas (USACE IENC),"The USACE IENCs coverage area consists of 7,260 miles across 21 rivers primarily located in the Central United States. IENCs apply to inland waterways that are maintained for navigation by USACE for shallow-draft vessels (e.g., maintained at a depth of 9-14 feet, dependent upon the waterway project authorization). Generally, IENCs are produced for those commercially navigable waterways which the National Oceanic and Atmospheric Administration (NOAA) does not produce Electronic Navigational Charts (ENCs). However, Special Purpose IENCs may be produced in agreement with NOAA.
 IENC POC: IENC_POC@usace.army.mil",,US Army Corps of Engineers,,"['USCG', 'USACE', 'IENC', 'HIFLD', 'Transportation - Water', 'Feature Service', 'SDI', 'NSDI', 'Open Data', 'FGDC', 'Emergency Preparedness', 'Disaster Planning', 'Infrastructure']",https://www.datalumos.org/datalumos/project/240787/version/V1/view,2018-02-21,2025-04-08
.\cable-areas-usace-ienc,cable-areas-usace-ienc,Cable Areas (USACE IENC),"The USACE IENCs coverage area consists of 7,260 miles across 21 rivers primarily located in the Central United States. IENCs apply to inland waterways that are maintained for navigation by USACE for shallow-draft vessels (e.g., maintained at a depth of 9-14 feet, dependent upon the waterway project authorization). Generally, IENCs are produced for those commercially navigable waterways which the National Oceanic and Atmospheric Administration (NOAA) does not produce Electronic Navigational Charts (ENCs). However, Special Purpose IENCs may be produced in agreement with NOAA.
 IENC POC: IENC_POC@usace.army.mil",,US Army Corps of Engineers,,"['USCG', 'USACE', 'IENC', 'HIFLD', 'Transportation - Water', 'Feature Service', 'SDI', 'NSDI', 'Open Data', 'FGDC', 'Emergency Preparedness', 'Disaster Planning', 'Infrastructure']",https://www.datalumos.org/datalumos/project/239453/version/V1/view,2018-04-16,2025-04-08
.\epa-facility-registry-service-frs-interests,epa-facility-registry-service-frs-interests,EPA Facility Registry Service (FRS) Interests,"This feature service consists of location and facility identification information from EPA's Facility Registry Service (FRS) for all sites that are available in the FRS individual feature layers. Although we have taken all available measures to optimize performance, because this service contains the full universe of FRS regulated facilities, the total data volume may lead to slow performance for many applications. We strongly recommend choosing from one of the feature services below which comprise the FRS major program databases, including: Assessment Cleanup and Redevelopment Exchange System (ACRES) : brownfields sites Air Facility System (AFS) : stationary sources of air pollutionICIS-AIR (AIR) : stationary sources of air pollutionBureau of Indian Affairs (BIA) : schools data on Indian landBase Realignment and Closure (BRAC) facilitiesClean Air Markets Division Business System (CAMDBS) : market-based air pollution control programsComprehensive Environmental Response, Superfund Enterprise Management System (SEMS): hazardous waste sitesIntegrated Compliance Information System (ICIS) : integrated enforcement and compliance informationNational Compliance Database (NCDB) : Federal Insecticide, Fungicide, and Rodenticide Act (FIFRA) and the Toxic Substances Control Act (TSCA)National Pollutant Discharge Elimination System (NPDES) module of ICIS : NPDES surface water permitsRadiation Information Database (RADINFO) : radiation and radioactivity facilitiesRACT/BACT/LAER Clearinghouse (RBLC) : best available air pollution technology requirementsResource Conservation and Recovery Act Information System (RCRAInfo) : tracks generators, transporters, treaters, storers, and disposers of hazardous wasteToxic Release Inventory (TRI) : certain industries that use, manufacture, treat, or transport more than 650 toxic chemicalsEmission Inventory System (EIS) : inventory of large stationary sources and voluntarily-reported smaller sources of air point pollution emittersCountermeasure (SPCC) and facility response plan (FRP) subject facilitiesElectronic Greenhouse Gas Reporting Tool (E-GGRT) : large greenhouse gas emittersEmissions and; Generation Resource Integrated Database (EGRID) : power plantsThe Facility Registry Service (FRS) identifies and geospatially locates facilities, sites or places subject to environmental regulations or of environmental interest. Using vigorous verification and data management procedures, FRS integrates facility data from EPA's national program systems, other federal agencies, and State and tribal master facility records and provides EPA with a centrally managed, single source of comprehensive and authoritative information on facilities. This data set contains the FRS facilities that link to the programs listed above once the program data has been integrated into the FRS database. Additional information on FRS is available at the EPA website https://www.epa.gov/frs. EPA also publishes a download package that includes a file geodatabase, Esri ArcMap map document and an XML file of this metadata record and is refreshed on the same cycle as this service. Full FGDC metadata records for each layer are contained in the database.","U.S. Environmental Protection Agency, Office of Environmental Information",US Army Corps of Engineers,Office of Environmental Information,"['FRS', 'EPA', 'Environment', 'Facilities Registry Service']",https://www.datalumos.org/datalumos/project/239454/version/V1/view,2024-03-28,2025-05-14
.\epa-facility-registry-service-frs-power-plants-2,epa-facility-registry-service-frs-power-plants-2,Environmental Protection Agency (EPA) Facility Registry Service (FRS) Power Plants,"The Facility Registry Service (FRS) provides quality facility data to support EPA's mission of protecting human health and the environment by identifying and geospatially locating facilities, sites, or places subject to environmental regulations of environmental interest. Facility data is improved with geospatial processing of incoming data and data curation tools to provide an integrated, dataset to partners and the public through a variety of methods and products. For more detailed information about these facilities, use the FRS Query tool. US Power Generation Facilities, compiled from most-current (as of June 2014) Energy Information Administration EIA-860 powerplant data, together with EPA FRS data.",,Environmental Protection Agency,,"['EIA', 'FRS', 'EPA', 'Chemicals', 'HIFLD', 'Feature Service', 'SDI', 'NSDI', 'Open Data', 'FGDC', 'Emergency Preparedness', 'Disaster Planning', 'Infrastructure']",https://www.datalumos.org/datalumos/project/240788/version/V1/view,2024-03-28,2025-05-14
.\epa-frs-icis-wastewater-treatment-plants,epa-frs-icis-wastewater-treatment-plants,EPA Facility Registry Service (FRS) - Integrated Compliance Information System (ICIS) Wastewater Treatment Plants,"The Facility Registry Service (FRS) provides quality facility data to support EPA's mission of protecting human health and the environment by identifying and geospatially locating facilities, sites, or places subject to environmental regulations of environmental interest. Facility data is improved with geospatial processing of incoming data and data curation tools to provide an integrated, dataset to partners and the public through a variety of methods and products. For more detailed information about these facilities, use the FRS Query tool. This layer provides location and facility information for wastewater treatment plants from the Integrated Compliance Information System (ICIS). The data are presented with three different view options at the facility level: 1.) display of Publicly Owned Treatment Works and Federal facilities, 2.) Display of all facilities, categorized as Major, Minor and Other/Nonclassified, and 3.) Display of facilities with Combined Sewer Outfalls. ICIS contains all Federal Administrative and Judicial enforcement actions and a subset of the Permit Compliance System (PCS), which supports the National Pollutant Discharge Elimination System (NPDES). To learn more about ICIS click here or use the Enforcement and Compliance History Online (ECHO) database.",,Environmental Protection Agency,,"['wastewater', 'waste', 'water', 'sewage', 'treatment', 'FRS', 'ICIS']",https://www.datalumos.org/datalumos/project/240789/version/V1/view,2019-02-27,2025-05-14
.\gsa-inventory-of-owned-and-leased-properties-iolp-buildings,gsa-inventory-of-owned-and-leased-properties-iolp-buildings,GSA Inventory of Owned and Leased Properties (IOLP) Buildings,"The Inventory of Owned and Leased Properties (IOLP) allows users to search properties owned and leased by the General Services Administration (GSA) across the United States, Puerto Rico, Guam and American Samoa.GSA Inventory of Owned and Leased Properties (IOLP) Buildings includes the following data:Location Code - GSA’s alphanumeric identifier for the buildingOwned or Leased - Indicates the building is Federally Owned (F) or Leased (L)GSA Region - GSA assigned region for building location.Street Address/City/State/Zip Code - Building Address.Latitude and Longitude - Map coordinates of the building.Building Rentable Square Feet - Total Rentable Square Feet in building.Available Square Feet - Vacant Space in building.Construction Date - Date of year built.Congressional District - Congressional District building is located. - Senator/Representative/URL - Senator/Representative of the Congressional District and their web address.",,General Services Administration,,['Government'],https://www.datalumos.org/datalumos/project/240790/version/V1/view,2019-02-02,2023-07-05
.\gsa-inventory-of-owned-and-leased-properties-iolp-leases,gsa-inventory-of-owned-and-leased-properties-iolp-leases,GSA Inventory of Owned and Leased Properties (IOLP) Leases,"The Inventory of Owned and Leased Properties (IOLP) allows users to search properties owned and leased by the General Services Administration (GSA) across the United States, Puerto Rico, Guam and American Samoa.GSA Inventory of Owned and Leased Properties (IOLP) Leases includes the following data:Location Code - GSA’s alphanumeric identifier for the buildingOwned or Leased - Indicates the building is Federally Owned (F) or Leased (L)GSA Region - GSA assigned region for building location.Street Address/City/State/Zip Code - Building Address.Latitude and Longitude - Map coordinates of the building.Building Rentable Square Feet - Total Rentable Square Feet in building.Available Square Feet - Vacant Space in building.Construction Date - Date of year built.Congressional District - Congressional District building is located. - Senator/Representative/URL - Senator/Representative of the Congressional District and their web address.Lease Number - GSA’s alphanumeric identifier for the lease.Lease Effective Date - Date lease starts.Lease Expiration Date - Date lease expires.",,General Services Administration,,"['Kansas', 'United States Territories and possessions', 'South Carolina', 'Louisiana', 'Oklahoma', 'Alaska', 'West Virginia', 'Washington (D.C.)', 'Washington', 'Wisconsin', 'New Hampshire', 'Michigan', 'Pennsylvania', 'Tennessee', 'California', 'Hawaii', 'Maryland', 'Buildings', 'Maine', 'Virgin Islands', 'Florida', 'Delaware', 'Missouri', 'Virginia', 'New Jersey', 'Kentucky', 'Iowa', 'Alabama', 'Massachusetts', 'South Dakota', 'Arkansas', 'Mississippi', 'Connecticut', 'Rhode Island', 'structure', 'Ohio', 'Wyoming', 'American Samoa', 'North Carolina', 'Nevada', 'Arizona', 'New York', 'Vermont', 'United States', 'Idaho', 'Oregon', 'Minnesota', 'Nebraska', 'Puerto Rico', 'Utah', 'Montana', 'Indiana', 'Illinois', 'New Mexico', 'Texas', 'North Dakota', 'Georgia', 'Colorado', 'HIFLD Government']",https://www.datalumos.org/datalumos/project/240791/version/V1/view,2018-01-18,2023-07-05
.\metropolitan-statistical-areas,metropolitan-statistical-areas,Metropolitan Statistical Areas,"Metropolitan Statistical Areas are CBSAs associated with at least one urbanized area that has a population of at least 50,000. The metropolitan statistical area comprises the central county or counties or equivalent entities containing the core, plus adjacent outlying counties having a high degree of social and economic integration with the central county or counties as measured through commuting.Download: https://www2.census.gov/geo/tiger/TGRGDB24/tlgdb_2024_a_us_nationgeo.gdb.zip Layer: Core_Based_Statistical_Area where [MEMI] = ""1""Metadata: https://meta.geo.census.gov/data/existing/decennial/GEO/GPMB/TIGERline/Current_19115/series_tl_2023_cbsa.shp.iso.xml",,Census Bureau,,"['Core Based Statistical Areas (CBSA)', 'Core', 'Based', 'Statistical', 'Statistics', 'Areas', 'Census', 'HIFLD', 'Feature Service', 'SDI', 'NSDI', 'Open Data', 'FGDC', 'Emergency Preparedness', 'Disaster Planning', 'Infrastructure']",https://www.datalumos.org/datalumos/project/240792/version/V1/view,2024-06-05,2025-04-08
.\micropolitan-statistical-areas-3,micropolitan-statistical-areas-3,Micropolitan Statistical Areas,"Micropolitan Statistical Areas are CBSAs associated with at least one urban cluster that has a population of at least 10,000, but less than 50,000. The micropolitan statistical area comprises the central county or counties or equivalent entities containing the core, plus adjacent outlying counties having a high degree of social and economic integration with the central county or counties as measured through commuting.Download: https://www2.census.gov/geo/tiger/TGRGDB24/tlgdb_2024_a_us_nationgeo.gdb.zip Layer: Core_Based_Statistical_Area where [MEMI] = ""2""Metadata: https://meta.geo.census.gov/data/existing/decennial/GEO/GPMB/TIGERline/Current_19115/series_tl_2023_cbsa.shp.iso.xml",,Census Bureau,,"['Core Based Statistical Areas (CBSA)', 'Core', 'Based', 'Statistical', 'Statistics', 'Areas', 'Census', 'HIFLD', 'Feature Service', 'SDI', 'NSDI', 'Open Data', 'FGDC', 'Emergency Preparedness', 'Disaster Planning', 'Infrastructure']",https://www.datalumos.org/datalumos/project/240794/version/V1/view,2024-06-05,2025-04-08
.\nfhl\national-flood-hazard-layer-area-nfhl-1-east,national-flood-hazard-layer-area-nfhl-1-east,National Flood Hazard Layer (NFHL) Areas Eastern US,"The National Flood Hazard Layer (NFHL) is a compilation of GIS data that comprises a nationwide digital Flood Insurance Rate Map. The GIS data and services are designed to provide the user with the ability to determine the flood zone, base flood elevation, and floodway status for a particular location. It also has information about the NFIP communities, map panels, cross sections, hydraulic structures, Coastal Barrier Resource System, and base maps such as road, stream, and public land survey data. Through flood studies, FEMA produces Flood Insurance Study Reports, FIRM Panels, and FIRM Databases. FIRM Databases that become effective are incorporated into the NFHL. Updates to the NFHL are issued through Letters of Map Revision (LOMRs) and Letters of Map Amendment (LOMAs). Continuously updated, the NFHL serves as a Digital Flood Insurance Rate Map representing the current effective flood data for those communities where maps have been digitized. NFHL data can be viewed with widely available GIS software, including freely available programs that work with GIS shapefiles. For more information on the NFHL, see the online resources referenced herein. Using base maps: The minimum horizontal positional accuracy for base map hydrographic and transportation features used with the NFHL is the NSSDA radial accuracy of 38 feet. Letter of Map Amendment (LOMA) point locations are approximate. The location of the LOMA is referenced in the legal description of the letter itself. LOMA points can be viewed in the NFHL Interactive Map on the FEMA GeoPlatform.",,Federal Emergency Management Agency,,"['nfhl', 'nfip', 'flood', 'risk', 'fema', 'National Flood Hazard']",https://www.datalumos.org/datalumos/project/240862/version/V1/view,2020-02-10,2024-10-31
.\nfhl\national-flood-hazard-layer-area-nfhl-1-west,national-flood-hazard-layer-area-nfhl-1-west,National Flood Hazard Layer (NFHL) Areas Western US,"The National Flood Hazard Layer (NFHL) is a compilation of GIS data that comprises a nationwide digital Flood Insurance Rate Map. The GIS data and services are designed to provide the user with the ability to determine the flood zone, base flood elevation, and floodway status for a particular location. It also has information about the NFIP communities, map panels, cross sections, hydraulic structures, Coastal Barrier Resource System, and base maps such as road, stream, and public land survey data. Through flood studies, FEMA produces Flood Insurance Study Reports, FIRM Panels, and FIRM Databases. FIRM Databases that become effective are incorporated into the NFHL. Updates to the NFHL are issued through Letters of Map Revision (LOMRs) and Letters of Map Amendment (LOMAs). Continuously updated, the NFHL serves as a Digital Flood Insurance Rate Map representing the current effective flood data for those communities where maps have been digitized. NFHL data can be viewed with widely available GIS software, including freely available programs that work with GIS shapefiles. For more information on the NFHL, see the online resources referenced herein. Using base maps: The minimum horizontal positional accuracy for base map hydrographic and transportation features used with the NFHL is the NSSDA radial accuracy of 38 feet. Letter of Map Amendment (LOMA) point locations are approximate. The location of the LOMA is referenced in the legal description of the letter itself. LOMA points can be viewed in the NFHL Interactive Map on the FEMA GeoPlatform.",,Federal Emergency Management Agency,,"['nfhl', 'nfip', 'flood', 'risk', 'fema', 'National Flood Hazard']",https://www.datalumos.org/datalumos/project/240891/version/V1/view,2020-02-10,2024-10-31
.\nfhl\national-flood-hazard-layer-line-nfhl-1,national-flood-hazard-layer-line-nfhl-1,National Flood Hazard Layer (NFHL) Lines,"The National Flood Hazard Layer (NFHL) is a compilation of GIS data that comprises a nationwide digital Flood Insurance Rate Map. The GIS data and services are designed to provide the user with the ability to determine the flood zone, base flood elevation, and floodway status for a particular location. It also has information about the NFIP communities, map panels, cross sections, hydraulic structures, Coastal Barrier Resource System, and base maps such as road, stream, and public land survey data. Through flood studies, FEMA produces Flood Insurance Study Reports, FIRM Panels, and FIRM Databases. FIRM Databases that become effective are incorporated into the NFHL. Updates to the NFHL are issued through Letters of Map Revision (LOMRs) and Letters of Map Amendment (LOMAs). Continuously updated, the NFHL serves as a Digital Flood Insurance Rate Map representing the current effective flood data for those communities where maps have been digitized. NFHL data can be viewed with widely available GIS software, including freely available programs that work with GIS shapefiles. For more information on the NFHL, see the online resources referenced herein. Using base maps: The minimum horizontal positional accuracy for base map hydrographic and transportation features used with the NFHL is the NSSDA radial accuracy of 38 feet. Letter of Map Amendment (LOMA) point locations are approximate. The location of the LOMA is referenced in the legal description of the letter itself. LOMA points can be viewed in the NFHL Interactive Map on the FEMA GeoPlatform.",,Federal Emergency Management Agency,,"['nfhl', 'nfip', 'flood', 'risk', 'fema', 'National Flood Hazard']",https://www.datalumos.org/datalumos/project/240863/version/V1/view,2020-02-10,2024-10-31
.\nfhl\topographic-low-confidence-areas-1,topographic-low-confidence-areas-1,Topographic Low Confidence Areas,"The National Flood Hazard Layer (NFHL) is a compilation of GIS data that comprises a nationwide digital Flood Insurance Rate Map. The GIS data and services are designed to provide the user with the ability to determine the flood zone, base flood elevation, and floodway status for a particular location. It also has information about the NFIP communities, map panels, cross sections, hydraulic structures, Coastal Barrier Resource System, and base maps such as road, stream, and public land survey data. Through flood studies, FEMA produces Flood Insurance Study Reports, FIRM Panels, and FIRM Databases. FIRM Databases that become effective are incorporated into the NFHL. Updates to the NFHL are issued through Letters of Map Revision (LOMRs) and Letters of Map Amendment (LOMAs). Continuously updated, the NFHL serves as a Digital Flood Insurance Rate Map representing the current effective flood data for those communities where maps have been digitized. NFHL data can be viewed with widely available GIS software, including freely available programs that work with GIS shapefiles. For more information on the NFHL, see the online resources referenced herein. Using base maps: The minimum horizontal positional accuracy for base map hydrographic and transportation features used with the NFHL is the NSSDA radial accuracy of 38 feet. Letter of Map Amendment (LOMA) point locations are approximate. The location of the LOMA is referenced in the legal description of the letter itself. LOMA points can be viewed in the NFHL Interactive Map on the FEMA GeoPlatform.",,Federal Emergency Management Agency,,"['nfhl', 'nfip', 'flood', 'risk', 'fema', 'National Flood Hazard']",https://www.datalumos.org/datalumos/project/240885/version/V1/view,2020-02-10,2024-10-31
.\nfhl\water-areas-1,water-areas-1,Water Areas,"The National Flood Hazard Layer (NFHL) is a compilation of GIS data that comprises a nationwide digital Flood Insurance Rate Map. The GIS data and services are designed to provide the user with the ability to determine the flood zone, base flood elevation, and floodway status for a particular location. It also has information about the NFIP communities, map panels, cross sections, hydraulic structures, Coastal Barrier Resource System, and base maps such as road, stream, and public land survey data. Through flood studies, FEMA produces Flood Insurance Study Reports, FIRM Panels, and FIRM Databases. FIRM Databases that become effective are incorporated into the NFHL. Updates to the NFHL are issued through Letters of Map Revision (LOMRs) and Letters of Map Amendment (LOMAs). Continuously updated, the NFHL serves as a Digital Flood Insurance Rate Map representing the current effective flood data for those communities where maps have been digitized. NFHL data can be viewed with widely available GIS software, including freely available programs that work with GIS shapefiles. For more information on the NFHL, see the online resources referenced herein. Using base maps: The minimum horizontal positional accuracy for base map hydrographic and transportation features used with the NFHL is the NSSDA radial accuracy of 38 feet. Letter of Map Amendment (LOMA) point locations are approximate. The location of the LOMA is referenced in the legal description of the letter itself. LOMA points can be viewed in the NFHL Interactive Map on the FEMA GeoPlatform.",,Federal Emergency Management Agency,,"['nfhl', 'nfip', 'flood', 'risk', 'fema', 'National Flood Hazard']",https://www.datalumos.org/datalumos/project/240887/version/V1/view,2020-02-10,2024-10-31
.\nhd\hydrolocation-reach-code-external-connection,hydrolocation-reach-code-external-connection,"HydroLocation - Reach Code, External Connection","The USGS 3D Hydrography Program (3DHP) ArcGIS REST service (3DHP_all) from The National Map is the first of several data services that will be delivered by the 3D Hydrography Program. The 3DHP_all comprises a national network of flowlines, hydrolocations, and water bodies, and will include catchments, drainage areas, and flow network derivatives as they are populated in the future. The 3DHP_all service will provide access to a 3D-enabled geospatial hydrography vector dataset built from 3DHP data and intended to provide the most comprehensive but general rendering of 3DHP data. 3DHP data is derived from elevation-derived hydrography (EDH) Elevation-Derived Hydrography Specifications | U.S. Geological Survey (usgs.gov) where available. Where EDH has not been collected, 3DHP data will be supplemented by data from the National Hydrography Dataset (NHD) National Hydrography Dataset | U.S. Geological Survey (usgs.gov). As further EDH data is collected, the EDH data will replace the NHD data in that data collection area. 3DHP data ingested from EDH sources will include catchments, drainage areas derived from catchments, and flowline network attribute derivatives.For additional information on the 3DHP, go to https://www.usgs.gov/3dhp.See https://apps.nationalmap.gov/help/ for assistance with The National Map viewer, download client, services, or metadata.",U.S. Geological Survey,US Geological Survey,,"['a-16', 'NGDA', 'water – inland', 'hydrography', 'surface-water', '3DHP', 'EDH', 'water', 'drainage', 'river', 'stream', 'canal', 'ditch', 'lake', 'pond', 'spring', 'waterbody', 'water body', 'hydrolocation', 'hydrolocations', '3DTNM', '3DEP', 'elevation derived hydrography', 'elev-hydro', 'region', 'subregion', 'basin', 'catchment', 'drainage area', 'watershed', 'United States', 'US', 'NGP-TNM', 'REST', 'WMS', 'HIFLD', 'Feature Service', 'SDI', 'NSDI', 'Open Data', 'FGDC', 'Emergency Preparedness', 'Disaster Planning', 'Infrastructure']",https://www.datalumos.org/datalumos/project/240692/version/V1/view,2025-02-27,2025-04-08
.\oil-and-natural-gas-wells,oil-and-natural-gas-wells,Oil and Natural Gas Wells,An Oil Well is a hole drilled in the earth for the purpose of finding or producing crude oil; or producing services related to the production of crude gas. A Natural Gas Well is a hole drilled in the earth for the purpose of finding or producing natural gas; or producing services related to the production of natural gas. Geographic coverage includes the United States.,U.S. Energy Information Administration (EIA),Energy Information Administration,,"['Well', 'homeland security', 'homeland defense', 'emergency response', 'Oil Well', 'Storage Well', 'name', 'type', 'status', 'facility characteristics', 'Energy', 'EIA']",https://www.datalumos.org/datalumos/project/240781/version/V1/view,2024-11-14,2024-12-04
.\state-legislative-districts-lower,state-legislative-districts-lower,State Legislative Districts - Lower,"State Legislative Districts (SLDs) are the areas from which members are elected to state legislatures. The SLDs embody the upper (senate) and lower (house) chambers of the state legislature. Nebraska has a unicameral legislature and the District of Columbia has a single council, both of which the Census Bureau treats as upper-chamber legislative areas for the purpose of data presentation; there are no data by lower-chamber legislative area for either Nebraska or the District of Columbia. A unique three-character census code, identified by state participants, is assigned to each SLD within a state. In Connecticut, Illinois, Louisiana, New Hampshire, Wisconsin, and Puerto Rico, the Redistricting Data Program (RDP) participant did not define the SLDs to cover all of the state or state equivalent area. In these areas with no SLDs defined, the code ""ZZZ"" has been assigned, which is treated as a single SLD for purposes of data presentation.The most recent SLD boundaries collected by the Census Bureau are for the 2022 election year and were provided by state-level participants through the RDP.Download: https://www2.census.gov/geo/tiger/TGRGDB24/tlgdb_2024_a_us_legislative.gdb.zip Layer: State_Legislative_Districts_LowerMetadata: https://meta.geo.census.gov/data/existing/decennial/GEO/GPMB/TIGERline/Current_19115/series_tl_2023_sldl.shp.iso.xml",United States Census Bureau,Census Bureau,,"['HIFLD', 'Boundaries', '115th', 'Congressional Districts', 'National Geospatial Data Asset', 'NGDA', 'Feature Service', 'SDI', 'NSDI', 'Open Data', 'FGDC', 'Emergency Preparedness', 'Disaster Planning', 'Infrastructure']",https://www.datalumos.org/datalumos/project/240782/version/V1/view,2024-06-05,2025-04-08
.\state-legislative-districts-upper,state-legislative-districts-upper,State Legislative Districts - Upper,"State Legislative Districts (SLDs) are the areas from which members are elected to state legislatures. The SLDs embody the upper (senate) and lower (house) chambers of the state legislature. Nebraska has a unicameral legislature and the District of Columbia has a single council, both of which the Census Bureau treats as upper-chamber legislative areas for the purpose of data presentation; there are no data by lower-chamber legislative area for either Nebraska or the District of Columbia. A unique three-character census code, identified by state participants, is assigned to each SLD within a state. In Connecticut, Illinois, Louisiana, New Hampshire, Wisconsin, and Puerto Rico, the Redistricting Data Program (RDP) participant did not define the SLDs to cover all of the state or state equivalent area. In these areas with no SLDs defined, the code ""ZZZ"" has been assigned, which is treated as a single SLD for purposes of data presentation.The most recent SLD boundaries collected by the Census Bureau are for the 2022 election year and were provided by state-level participants through the RDP.Download: https://www2.census.gov/geo/tiger/TGRGDB24/tlgdb_2024_a_us_legislative.gdb.zip Layer: State_Legislative_Districts_UpperMetadata: https://meta.geo.census.gov/data/existing/decennial/GEO/GPMB/TIGERline/Current_19115/series_tl_2023_sldu.shp.iso.xml",United States Census Bureau,Census Bureau,,"['HIFLD', 'Boundaries', '115th', 'Congressional Districts', 'National Geospatial Data Asset', 'NGDA', 'Feature Service', 'SDI', 'NSDI', 'Open Data', 'FGDC', 'Emergency Preparedness', 'Disaster Planning', 'Infrastructure']",https://www.datalumos.org/datalumos/project/240795/version/V1/view,2024-06-05,2025-04-08
.\submarine-pipeline-lines-usace-ienc,submarine-pipeline-lines-usace-ienc,Submarine Pipeline Lines (USACE IENC),"The USACE IENCs coverage area consists of 7,260 miles across 21 rivers primarily located in the Central United States. IENCs apply to inland waterways that are maintained for navigation by USACE for shallow-draft vessels (e.g., maintained at a depth of 9-14 feet, dependent upon the waterway project authorization). Generally, IENCs are produced for those commercially navigable waterways which the National Oceanic and Atmospheric Administration (NOAA) does not produce Electronic Navigational Charts (ENCs). However, Special Purpose IENCs may be produced in agreement with NOAA.  IENC POC: IENC_POC@usace.army.mil",United States Army Corps of Engineers (USACE),US Army Corps of Engineers,,"['USCG', 'USACE', 'IENC', 'HIFLD', 'Transportation - Water', 'Feature Service', 'SDI', 'NSDI', 'Open Data', 'FGDC', 'Emergency Preparedness', 'Disaster Planning', 'Infrastructure']",https://www.datalumos.org/datalumos/project/240796/version/V1/view,2018-02-21,2025-04-08
.\warning-signal-stations-usace-ienc,warning-signal-stations-usace-ienc,Warning Signal Stations (USACE IENC),"The USACE IENCs coverage area consists of 7,260 miles across 21 rivers primarily located in the Central United States. IENCs apply to inland waterways that are maintained for navigation by USACE for shallow-draft vessels (e.g., maintained at a depth of 9-14 feet, dependent upon the waterway project authorization). Generally, IENCs are produced for those commercially navigable waterways which the National Oceanic and Atmospheric Administration (NOAA) does not produce Electronic Navigational Charts (ENCs). However, Special Purpose IENCs may be produced in agreement with NOAA.  IENC POC: IENC_POC@usace.army.mil",,US Army Corps of Engineers,,"['USCG', 'USACE', 'IENC', 'HIFLD', 'Transportation - Water', 'Feature Service', 'SDI', 'NSDI', 'Open Data', 'FGDC', 'Emergency Preparedness', 'Disaster Planning', 'Infrastructure']",https://www.datalumos.org/datalumos/project/241126/version/V1/view,2018-04-16,2025-04-08
.\address-ranges,address-ranges,Address Ranges,"Address ranges describe a label given to a unique collection of addresses that fall along a road or path. Address ranges provide a way of locating homes and businesses based on their street addresses when no other location information is available.Using a house number, street name, street side and ZIP code, address ranges can locate the address to the geographic area associated to that side of the street. Once geocoded, the U.S. Census Bureau can assign the address to a field assignment area or tabulate the data for that address. In addition, academics, researchers, professionals and government agencies outside of the Census Bureau use MAF/TIGER address ranges to transform tabular addresses into geographical datasets for decision-making and analytical purposes.Address ranges must be unique to geocode addresses to the correct location and avoid geocoding conflicts. Multiple elements in MAF/TIGER are required to make an address range unique including street names, address house numbers and street feature geometries, such as street centerlines. The address range data model is designed to maximize geocoding matches with their correct geographic areas in MAF/TIGER by allowing an unlimited number of address range-to-street feature relationships.The Census Bureau’s Geography Division devises numerous operations and processes to build and maintain high quality address ranges so that:Address ranges accurately describe the location of addresses on the ground.Address All possible city-style addresses are geocoded.Address ranges can handle all known address and street name variations.Address ranges conform with current U.S. Postal Service ZIP codes.Address ranges are reliable and free from conflicts.Automated software continually updates existing address ranges, builds new address ranges and corrects errors. An automated operation links address location points and tabular address information to street feature edges with matching street names in the same block to build and modify address ranges.Many business rules and legal value checks ensure quality address range data in MAF/TIGER. For example, business rules prevent adding or modifying address ranges that overlap another house number range with the same street name and ZIP code. Legal value checks verify that address ranges include mandatory attribute information, valid data types and valid character values.Some of the TIGER/Line products for the public include address ranges and give the public the ability to geocode addresses to MAF/TIGER address ranges for the user’s own purpose. The address range files are available for the nation, Puerto Rico and the U.S. Island Areas at the county level. TIGER/Line files require geographic information system (GIS) software to use.The Census Bureau Geocoder Service is a web service provided to the public. The service accepts up to 1,000 input addresses and, based on Census address ranges, returns the interpolated geocoded location and census geographies. Users can access the service a web interface or a representational state transfer (REST) application program interface (API) web service.  See the Census Geocoder for more information on this process.  Directions on how to use the Census Geocoder available: Geocoding Services Web Application Programming Interface (API)Download: https://www2.census.gov/geo/tiger/TGRGDB24/tlgdb_2024_a_us_addr.gdb.zip",United States Census Bureau,Census Bureau,,"['Census', 'Address Range', 'HIFLD', 'Boundaries', 'Feature Service', 'SDI', 'NSDI', 'Open Data', 'FGDC', 'Emergency Preparedness', 'Disaster Planning', 'Infrastructure']",https://www.datalumos.org/datalumos/project/240886/version/V1/view,2024-08-30,2024-08-30
.\bathymetric-contours,bathymetric-contours,Bathymetric Contours,"These data show bathymetric contours (isobaths) that help characterize the general physiographic patterns of the seafloor. Contour intervals are every 10 m from zero to -100 m, every 25 m from -100 m to -500 m, and every 100 m from -500 m to full depth. The DEM utilized was the Global Multi-Resolution Topography Synthesis which is a multi-resolution gridded global Digital Elevation Model that includes cleaned processed ship-based multibeam sonar data at their full spatial resolution (approximately 100m in the deep sea)",National Oceanic & Atmospheric Administration (NOAA),National Oceanic and Atmospheric Administration,,"['HIFLD', 'HIFLD open', 'Boundaries', 'Bathymetry', 'Feature Service', 'SDI', 'NSDI', 'Open Data', 'FGDC', 'Emergency Preparedness', 'Disaster Planning', 'Infrastructure']",https://www.datalumos.org/datalumos/project/240797/version/V1/view,2024-08-05,2024-08-28
.\intermodal-freight-facilities-pipeline-terminals,intermodal-freight-facilities-pipeline-terminals,Intermodal Freight Facilities Pipeline Terminals,"The Intermodal Freight Facilities - Pipeline Terminals dataset was compiled on February 02, 2021 and was updated on April 21, 2021 from the Bureau of Transportation Statistics (BTS) and is part of the U.S. Department of Transportation (USDOT)/Bureau of Transportation Statistics (BTS) National Transportation Atlas Database (NTAD). Pipeline terminals interface between pipeline mode and other transportation modes. They have the ability to receive or deliver freight commodities via pipeline and truck/rail/water. The data consists of location information, truck/rail/water mode connections, storage capacity, and a list of commodities handled at the terminal. Geographical coverage includes the United States and U.S. territories. This dataset is one of several layers in the Bureau of Transportation Statistics (BTS) Intermodal Freight Facility Database.",Bureau of Transportation Statistics (BTS),Department of Transportation,,"['NTAD', 'National Transportation Atlas Database', 'Pipeline', 'Terminals', 'Facilities', 'Intermodal', 'IFF', 'Transportation Ground', 'BTS', 'HIFLD', 'Feature Service', 'SDI', 'NSDI', 'Open Data', 'FGDC', 'Emergency Preparedness', 'Disaster Planning', 'Infrastructure']",https://www.datalumos.org/datalumos/project/240798/version/V1/view,2024-02-23,2025-04-08
.\local-roads-2,local-roads-2,Local Roads,"Local Roads include roads that have the following MTFCCs:S1400 Local Neighborhood Road, Rural Road, City StreetS1500 Vehicular Trail (4WD)S1630 RampS1640 Service Drive usually along a limited access highwayS1710 Walkway/Pedestrian TrailS1720 StairwayS1730 AlleyS1740 Private Road for service vehicles (logging, oil fields, ranches, etc.)S1750 Internal U.S. Census Bureau useS1780 Parking Lot RoadS1810 Winter TrailS1820 Bike Path or TrailS1830 Bridle PathDownload: https://www2.census.gov/geo/tiger/TGRGDB24/tlgdb_2024_a_us_roads.gdb.zipMetadata: https://meta.geo.census.gov/data/existing/decennial/GEO/GPMB/TIGERline/Current_19115/series_tl_2023_roads.shp.iso.xml",Census Bureau,Census Bureau,,"['HIFLD', 'Transportation', 'Roads', 'Primary', 'Secondary', 'Local', 'Railroads', 'National Geospatial Data Asset', 'NGDA', 'Feature Service', 'SDI', 'NSDI', 'Open Data', 'FGDC', 'Emergency Preparedness', 'Disaster Planning', 'Infrastructure']",https://www.datalumos.org/datalumos/project/240800/version/V1/view,2024-06-05,2025-04-08
.\built-up-areas-point-usace-ienc,built-up-areas-point-usace-ienc,Built Up Areas Point (USACE IENC),"The USACE IENCs coverage area consists of 7,260 miles across 21 rivers primarily located in the Central United States. IENCs apply to inland waterways that are maintained for navigation by USACE for shallow-draft vessels (e.g., maintained at a depth of 9-14 feet, dependent upon the waterway project authorization). Generally, IENCs are produced for those commercially navigable waterways which the National Oceanic and Atmospheric Administration (NOAA) does not produce Electronic Navigational Charts (ENCs). However, Special Purpose IENCs may be produced in agreement with NOAA. Built-up area Definition: An area containing a concentration of buildings and the supporting road or rail infrastructure. Distinction: building, single; road; square",United States Army Corps of Engineers (USACE),US Army Corps of Engineers,,"['IENC','USACE','Inland Electronic Navigational Charts']",https://www.datalumos.org/datalumos/project/240801/version/V1/view,2024-10-04,2024-10-04
.\submarine-cable-lines-usace-ienc,submarine-cable-lines-usace-ienc,Submarine Cable Lines (USACE IENC),"Cable, submarine Definition: An assembly of wires or fibres, or a wire rope or chain which has been laid underwater or buried beneath the seabed (Hydrographic Service, Royal Australian Navy)",United States Army Corps of Engineers (USACE),US Army Corps of Engineers,,"['IENC','USACE','Submarine','Cable']",https://www.datalumos.org/datalumos/project/240804/version/V1/view,2024-10-04,2024-10-04
.\2020-census-blocks-1,2020-census-blocks-1,2020 Census Blocks,"Blocks (Census Blocks) are statistical areas bounded by visible features, such as streets, roads, streams, and railroad tracks, and by non-visible boundaries, such as selected property lines and city, township, school district, and county limits, and short line-of-sight extensions of streets and roads. Generally, census blocks are small in area; for example, a block in a city bounded on all sides by streets. Census blocks in suburban and rural areas may be large, irregular, and bounded by a variety of features, such as roads, streams, and/or transmission line rights-of-way. In remote areas, census blocks may encompass hundreds of square miles. Census blocks cover the entire territory of the United States, Puerto Rico, and the Island Areas. Census blocks nest within all other tabulated census geographic entities and are the basis for all tabulated data.Download: https://www2.census.gov/geo/tiger/TGRGDB24/tlgdb_2024_a_us_block.gdb.zipMetadata: meta.geo.census.gov/data/existing/decennial/GEO/GPMB/TIGERline/Current_19115/series_tl_2023_tabblock20.shp.iso.xml",Census Bureau,Census Bureau,,"['HIFLD', 'Boundaries', '115th', 'Congressional Districts', 'National Geospatial Data Asset', 'NGDA', 'Feature Service', 'SDI', 'NSDI', 'Open Data', 'FGDC', 'Emergency Preparedness', 'Disaster Planning', 'Infrastructure']",https://www.datalumos.org/datalumos/project/240805/version/V1/view,2024-08-15,2025-04-08
.\nfhl\water-lines-1,water-lines-1,Water Lines,"The National Flood Hazard Layer (NFHL) is a compilation of GIS data that comprises a nationwide digital Flood Insurance Rate Map. The GIS data and services are designed to provide the user with the ability to determine the flood zone, base flood elevation, and floodway status for a particular location. It also has information about the NFIP communities, map panels, cross sections, hydraulic structures, Coastal Barrier Resource System, and base maps such as road, stream, and public land survey data. Through flood studies, FEMA produces Flood Insurance Study Reports, FIRM Panels, and FIRM Databases. FIRM Databases that become effective are incorporated into the NFHL. Updates to the NFHL are issued through Letters of Map Revision (LOMRs) and Letters of Map Amendment (LOMAs). Continuously updated, the NFHL serves as a Digital Flood Insurance Rate Map representing the current effective flood data for those communities where maps have been digitized. NFHL data can be viewed with widely available GIS software, including freely available programs that work with GIS shapefiles. For more information on the NFHL, see the online resources referenced herein. Using base maps: The minimum horizontal positional accuracy for base map hydrographic and transportation features used with the NFHL is the NSSDA radial accuracy of 38 feet. Letter of Map Amendment (LOMA) point locations are approximate. The location of the LOMA is referenced in the legal description of the letter itself. LOMA points can be viewed in the NFHL Interactive Map on the FEMA GeoPlatform.",,Federal Emergency Management Agency,,"['nfhl', 'nfip', 'flood', 'risk', 'fema', 'National Flood Hazard']",https://www.datalumos.org/datalumos/project/240865/version/V1/view,2020-02-10,2024-10-31
